<?xml version="1.0" encoding="UTF-8"?>
<!DOCTYPE mapper PUBLIC "-//mybatis.org//DTD Mapper 3.0//EN" "http://mybatis.org/dtd/mybatis-3-mapper.dtd">
<mapper namespace="cn.cecook.dao.business.scan.ScanMemberMapper">
	<select id="getPage" parameterType="cn.cecook.uitls.Pages" resultType="map">
		<!-- 
		select t1.id memberId,t1.name,t1.phone,t1.email,t1.gender,t1.birthday,t1.city,
			DATE_FORMAT(t2.write_off_time,'%Y-%m-%d %H:%i:%S') write_off_time,t2.count
		from bc_customer t1 left join (select id,customer_id,max(write_off_time) write_off_time,count(id) count from bm_write_off group by customer_id) t2 on t1.id=t2.customer_id
		 -->
		select t1.id memberId,IFNULL(t1.name,'') name,t1.phone,IFNULL(t1.email,'') email,IFNULL(t1.gender,'') gender,
			IFNULL(t1.birthday,'') birthday,IFNULL(t1.city,'') city,IFNULL(t2.name,'') store_name,
			IFNULL(market_name,'') market_name,DATE_FORMAT(last_cost_time,'%Y-%m-%d %H:%i:%S') last_cost_time,
			IFNULL(cost_total,0) cost_total,IFNULL(gain_integral,0) gain_integral,integral_type,
<!-- 			IFNULL(point,'0') point,IFNULL(level,'') level,IFNULL(cash,'0') cash, -->
			IFNULL(crm_score,'') crm_score,IFNULL(crm_member_level,'') crm_member_level,IFNULL(crm_balance,'') crm_balance 
		from bc_customer t1 left join (select id,name from bm_store where is_delete=0) t2 on t2.id=t1.store_id
		where t1.is_deleted=0
		<if test="where != null">
			<if test="where.phone != null and where.phone != ''">
				and phone = #{where.phone}
			</if>
			<if test="where.store_name != null and where.store_name != ''">
				and t2.name = #{where.store_name}
			</if>
			<if test="where.curUserStoreId != null and where.curUserStoreId != ''">
				and t1.store_id in(${where.curUserStoreId})
			</if>
			<if test="where.market_name != null and where.market_name != ''">
				and t2.name = #{where.market_name}
			</if>
			<!-- 最后消费时间开始与结束 -->
			<if test="where.last_cost_time1 != null and where.last_cost_time1 != ''">
				and last_cost_time >= STR_TO_DATE(#{where.last_cost_time1},'%Y-%m-%d %H:%i:%S')
			</if>
			<if test="where.last_cost_time2 != null and where.last_cost_time2 != ''">
				and last_cost_time &lt;= STR_TO_DATE(#{where.last_cost_time2},'%Y-%m-%d %H:%i:%S')
			</if>
			<!-- 积分开始与结束 -->
			<if test="where.point1 != null and where.point1 != ''">
				and crm_score >= #{where.point1}
			</if>
			<if test="where.point2 != null and where.point2 != ''">
				and crm_score &lt;= #{where.point2}
			</if>
			<if test="where.integral_type != null and where.integral_type != ''">
				and integral_type = #{where.integral_type}
			</if>
			<if test="where.type != null and where.type != ''">
				and type = #{where.type}
			</if>
			<if test="where.crm_member_level != null and where.crm_member_level != ''">
				and crm_member_level = #{where.crm_member_level}
			</if>
			<if test="where.cost_total1 != null and where.cost_total1 != ''">
				and cost_total >= #{where.cost_total1}
			</if>
			<if test="where.cost_total2 != null and where.cost_total2 != ''">
				and cost_total &lt;= #{where.cost_total2}
			</if>
			<if test="where.use_integral1 != null and where.use_integral1 != ''">
				and use_integra >= #{where.use_integral1}
			</if>
			<if test="where.use_integral2 != null and where.use_integral2 != ''">
				and use_integral &lt;= #{where.use_integral2}
			</if>
		</if>
		<if test="orderby != null">order by ${orderby}</if>
		limit #{startIndex}, #{pageSize}
	</select>
	
	<select id="count" parameterType="map" resultType="int">
		<!-- 
		select count(1)
		from bc_customer t1 left join (select id,customer_id,max(write_off_time) write_off_time,count(id) count from bm_write_off group by customer_id) t2 on t1.id=t2.customer_id
		 -->
		select count(1) from bc_customer t1 
		left join (select id,name from bm_store where is_delete=0) t2 on t2.id=t1.store_id 
		where is_deleted=0
		<if test="phone != null and phone != ''">
			and phone = #{phone}
		</if>
		<if test="curUserStoreId != null and curUserStoreId != ''">
			and t1.store_id in(${curUserStoreId})
		</if>
		<if test="store_name != null and store_name != ''">
			and t2.name = #{store_name}
		</if>
		<if test="market_name != null and market_name != ''">
			and market_name = #{market_name}
		</if>
		<!-- 最后消费时间开始与结束 -->
		<if test="last_cost_time1 != null and last_cost_time1 != ''">
			and last_cost_time >= STR_TO_DATE(#{last_cost_time1},'%Y-%m-%d %H:%i:%S')
		</if>
		<if test="last_cost_time2 != null and last_cost_time2 != ''">
			and last_cost_time &lt;= STR_TO_DATE(#{last_cost_time2},'%Y-%m-%d %H:%i:%S')
		</if>
		<!-- 积分开始与结束 -->
		<if test="point1 != null and point1 != ''">
			and crm_score >= #{point1}
		</if>
		<if test="point2 != null and point2 != ''">
			and crm_score &lt;= #{point2}
		</if>
		<if test="integral_type != null and integral_type != ''">
			and integral_type = #{integral_type}
		</if>
		<if test="type != null and type != ''">
			and type = #{type}
		</if>
		<if test="crm_member_level != null and crm_member_level != ''">
			and crm_member_level = #{crm_member_level}
		</if>
		<if test="cost_total1 != null and cost_total1 != ''">
			and cost_total >= #{cost_total1}
		</if>
		<if test="cost_total2 != null and cost_total2 != ''">
			and cost_total &lt;= #{cost_total2}
		</if>
		<if test="use_integral1 != null and use_integral1 != ''">
			and use_integra >= #{use_integral1}
		</if>
		<if test="use_integral2 != null and use_integral2 != ''">
			and use_integral &lt;= #{use_integral2}
		</if>
	</select>
	
	<insert id="insertMember" parameterType="map" useGeneratedKeys="true" keyProperty="id">
		insert into bc_customer(phone,name,birthday,email,market_name,last_cost_time,level,cash,point,gender,status,QQ,remarks) 
		values(#{phone},#{name},#{birthday},#{email},#{market_name},#{last_cost_time},#{level},#{cash},#{point},#{gender},#{status},#{QQ},#{remarks})
	</insert>
	
	<insert id="insertSelective" parameterType="cn.cecook.model.business.customer.BcCustomer" useGeneratedKeys="true" keyProperty="id">
	    insert into bc_customer
	    <trim prefix="(" suffix=")" suffixOverrides=",">
	      <if test="id != null">
	        id,
	      </if>
	      <if test="uuid != null">
	        uuid,
	      </if>
	      <if test="tenantId != null">
	        tenant_id,
	      </if>
	      <if test="isDeleted != null">
	        is_deleted,
	      </if>
	      <if test="createId != null">
	        create_id,
	      </if>
	      <if test="createTime != null">
	        create_time,
	      </if>
	      <if test="orderCode != null">
	        order_code,
	      </if>
	      <if test="deleteTime != null">
	        delete_time,
	      </if>
	      <if test="remarks != null">
	        remarks,
	      </if>
	      <if test="attachment != null">
	        attachment,
	      </if>
	      <if test="name != null">
	        name,
	      </if>
	      <if test="phone != null">
	        phone,
	      </if>
	      <if test="email != null">
	        email,
	      </if>
	      <if test="company != null">
	        company,
	      </if>
	      <if test="job != null">
	        job,
	      </if>
	      <if test="score != null">
	        score,
	      </if>
	      <if test="gender != null">
	        gender,
	      </if>
	      <if test="birthday != null">
	        birthday,
	      </if>
	      <if test="weibo != null">
	        weibo,
	      </if>
	      <if test="wechat != null">
	        wechat,
	      </if>
	      <if test="city != null">
	        city,
	      </if>
	      <if test="address != null">
	        address,
	      </if>
	      <if test="fax != null">
	        fax,
	      </if>
	      <if test="tag != null">
	        tag,
	      </if>
	      <if test="source != null">
	        source,
	      </if>
	      <if test="groupCustomer != null">
	        group_customer,
	      </if>
	      <if test="avatar != null">
	        avatar,
	      </if>
	      <if test="bak1 != null">
	        bak1,
	      </if>
	      <if test="bak2 != null">
	        bak2,
	      </if>
	      <if test="bak3 != null">
	        bak3,
	      </if>
	      <if test="bak4 != null">
	        bak4,
	      </if>
	      <if test="bak5 != null">
	        bak5,
	      </if>
	      <if test="weiboUid != null">
	        weibo_uid,
	      </if>
	      <if test="qq != null">
	        QQ,
	      </if>
	      <if test="point != null">
	        point,
	      </if>
	      <if test="level != null">
	        level,
	      </if>
	      <if test="storeId != null">
	        store_id,
	      </if>
	      <if test="storeName != null">
	        store_name,
	      </if>
	      <if test="marketId != null">
	        market_id,
	      </if>
	      <if test="marketName != null">
	        market_name,
	      </if>
	      <if test="costTotal != null">
	        cost_total,
	      </if>
	      <if test="costCount != null">
	        cost_count,
	      </if>
	      <if test="firstCost != null">
	        first_cost,
	      </if>
	      <if test="lastCost != null">
	        last_cost,
	      </if>
	      <if test="crmbalance != null">
	        crmBalance,
	      </if>
	      <if test="crmscore != null">
	        crmScore,
	      </if>
	      <if test="crmdiscount != null">
	        crmDiscount,
	      </if>
	      <if test="crmmemberlevel != null">
	        crmMemberLevel,
	      </if>
	      <if test="goodsTotal != null">
	        goods_total,
	      </if>
	      <if test="averageCost != null">
	        average_cost,
	      </if>
	      <if test="averageGoodsQuantity != null">
	        average_goods_quantity,
	      </if>
	      <if test="maxCost != null">
	        max_cost,
	      </if>
	      <if test="gainIntegral != null">
	        gain_integral,
	      </if>
	      <if test="useIntegral != null">
	        use_integral,
	      </if>
	      <if test="expiredIntegral != null">
	        expired_integral,
	      </if>
	      <if test="couponCodeTotal != null">
	        coupon_code_total,
	      </if>
	      <if test="crmBalance != null">
	        crm_balance,
	      </if>
	      <if test="crmScore != null">
	        crm_score,
	      </if>
	      <if test="crmDiscount != null">
	        crm_discount,
	      </if>
	      <if test="officeAddress != null">
	        office_address,
	      </if>
	      <if test="idCard != null">
	        id_card,
	      </if>
	      <if test="incomeRange != null">
	        income_range,
	      </if>
	      <if test="familySize != null">
	        family_size,
	      </if>
	      <if test="education != null">
	        education,
	      </if>
	      <if test="ageBracket != null">
	        age_bracket,
	      </if>
	      <if test="childrenName != null">
	        children_name,
	      </if>
	      <if test="childrenAge != null">
	        children_age,
	      </if>
	      <if test="parentName != null">
	        parent_name,
	      </if>
	      <if test="parentAge != null">
	        parent_age,
	      </if>
	      <if test="exportTime != null">
	        export_time,
	      </if>
	      <if test="coolCoin != null">
	        cool_coin,
	      </if>
	      <if test="crmHisScore != null">
	        crm_his_score,
	      </if>
	      <if test="belongSaleper != null">
	        belong_saleper,
	      </if>
	      <if test="referee != null">
	        referee,
	      </if>
	      <if test="valueScore != null">
	        value_score,
	      </if>
	      <if test="firstCostTime != null">
	        first_cost_time,
	      </if>
	      <if test="lastCostTime != null">
	        last_cost_time,
	      </if>
	      <if test="integralType != null">
	        integral_type,
	      </if>
	      <if test="cash != null">
	        cash,
	      </if>
	      <if test="erpStoreId != null">
	        erp_store_id,
	      </if>
	      <if test="crmMemberLevel != null">
	        crm_member_level,
	      </if>
	      <if test="province != null">
	        province,
	      </if>
	      <if test="status != null">
	        status,
	      </if>
	      <if test="type != null">
	        type,
	      </if>
	      <if test="openId != null">
	        open_id,
	      </if>
	      <if test="staffId != null">
	        staff_id,
	      </if>
	      <if test="custLimit != null">
	        cust_limit,
	      </if>
	      <if test="jobNumber != null">
	        job_number,
	      </if>
	      <if test="signRaining != null">
	        sign_raining,
	      </if>
	    </trim>
	    <trim prefix="values (" suffix=")" suffixOverrides=",">
	      <if test="id != null">
	        #{id,jdbcType=INTEGER},
	      </if>
	      <if test="uuid != null">
	        #{uuid,jdbcType=VARCHAR},
	      </if>
	      <if test="tenantId != null">
	        #{tenantId,jdbcType=VARCHAR},
	      </if>
	      <if test="isDeleted != null">
	        #{isDeleted,jdbcType=INTEGER},
	      </if>
	      <if test="createId != null">
	        #{createId,jdbcType=BIGINT},
	      </if>
	      <if test="createTime != null">
	        #{createTime,jdbcType=TIMESTAMP},
	      </if>
	      <if test="orderCode != null">
	        #{orderCode,jdbcType=VARCHAR},
	      </if>
	      <if test="deleteTime != null">
	        #{deleteTime,jdbcType=TIMESTAMP},
	      </if>
	      <if test="remarks != null">
	        #{remarks,jdbcType=VARCHAR},
	      </if>
	      <if test="attachment != null">
	        #{attachment,jdbcType=VARCHAR},
	      </if>
	      <if test="name != null">
	        #{name,jdbcType=VARCHAR},
	      </if>
	      <if test="phone != null">
	        #{phone,jdbcType=VARCHAR},
	      </if>
	      <if test="email != null">
	        #{email,jdbcType=VARCHAR},
	      </if>
	      <if test="company != null">
	        #{company,jdbcType=VARCHAR},
	      </if>
	      <if test="job != null">
	        #{job,jdbcType=VARCHAR},
	      </if>
	      <if test="score != null">
	        #{score,jdbcType=VARCHAR},
	      </if>
	      <if test="gender != null">
	        #{gender,jdbcType=VARCHAR},
	      </if>
	      <if test="birthday != null">
	        #{birthday,jdbcType=VARCHAR},
	      </if>
	      <if test="weibo != null">
	        #{weibo,jdbcType=VARCHAR},
	      </if>
	      <if test="wechat != null">
	        #{wechat,jdbcType=VARCHAR},
	      </if>
	      <if test="city != null">
	        #{city,jdbcType=VARCHAR},
	      </if>
	      <if test="address != null">
	        #{address,jdbcType=VARCHAR},
	      </if>
	      <if test="fax != null">
	        #{fax,jdbcType=VARCHAR},
	      </if>
	      <if test="tag != null">
	        #{tag,jdbcType=VARCHAR},
	      </if>
	      <if test="source != null">
	        #{source,jdbcType=VARCHAR},
	      </if>
	      <if test="groupCustomer != null">
	        #{groupCustomer,jdbcType=VARCHAR},
	      </if>
	      <if test="avatar != null">
	        #{avatar,jdbcType=VARCHAR},
	      </if>
	      <if test="bak1 != null">
	        #{bak1,jdbcType=VARCHAR},
	      </if>
	      <if test="bak2 != null">
	        #{bak2,jdbcType=VARCHAR},
	      </if>
	      <if test="bak3 != null">
	        #{bak3,jdbcType=VARCHAR},
	      </if>
	      <if test="bak4 != null">
	        #{bak4,jdbcType=VARCHAR},
	      </if>
	      <if test="bak5 != null">
	        #{bak5,jdbcType=VARCHAR},
	      </if>
	      <if test="weiboUid != null">
	        #{weiboUid,jdbcType=VARCHAR},
	      </if>
	      <if test="qq != null">
	        #{qq,jdbcType=VARCHAR},
	      </if>
	      <if test="point != null">
	        #{point,jdbcType=INTEGER},
	      </if>
	      <if test="level != null">
	        #{level,jdbcType=VARCHAR},
	      </if>
	      <if test="storeId != null">
	        #{storeId,jdbcType=INTEGER},
	      </if>
	      <if test="storeName != null">
	        #{storeName,jdbcType=VARCHAR},
	      </if>
	      <if test="marketId != null">
	        #{marketId,jdbcType=INTEGER},
	      </if>
	      <if test="marketName != null">
	        #{marketName,jdbcType=VARCHAR},
	      </if>
	      <if test="costTotal != null">
	        #{costTotal,jdbcType=DOUBLE},
	      </if>
	      <if test="costCount != null">
	        #{costCount,jdbcType=INTEGER},
	      </if>
	      <if test="firstCost != null">
	        #{firstCost,jdbcType=TIMESTAMP},
	      </if>
	      <if test="lastCost != null">
	        #{lastCost,jdbcType=TIMESTAMP},
	      </if>
	      <if test="crmbalance != null">
	        #{crmbalance,jdbcType=DOUBLE},
	      </if>
	      <if test="crmscore != null">
	        #{crmscore,jdbcType=INTEGER},
	      </if>
	      <if test="crmdiscount != null">
	        #{crmdiscount,jdbcType=DOUBLE},
	      </if>
	      <if test="crmmemberlevel != null">
	        #{crmmemberlevel,jdbcType=VARCHAR},
	      </if>
	      <if test="goodsTotal != null">
	        #{goodsTotal,jdbcType=INTEGER},
	      </if>
	      <if test="averageCost != null">
	        #{averageCost,jdbcType=INTEGER},
	      </if>
	      <if test="averageGoodsQuantity != null">
	        #{averageGoodsQuantity,jdbcType=INTEGER},
	      </if>
	      <if test="maxCost != null">
	        #{maxCost,jdbcType=INTEGER},
	      </if>
	      <if test="gainIntegral != null">
	        #{gainIntegral,jdbcType=INTEGER},
	      </if>
	      <if test="useIntegral != null">
	        #{useIntegral,jdbcType=INTEGER},
	      </if>
	      <if test="expiredIntegral != null">
	        #{expiredIntegral,jdbcType=INTEGER},
	      </if>
	      <if test="couponCodeTotal != null">
	        #{couponCodeTotal,jdbcType=INTEGER},
	      </if>
	      <if test="crmBalance != null">
	        #{crmBalance,jdbcType=INTEGER},
	      </if>
	      <if test="crmScore != null">
	        #{crmScore,jdbcType=INTEGER},
	      </if>
	      <if test="crmDiscount != null">
	        #{crmDiscount,jdbcType=DOUBLE},
	      </if>
	      <if test="officeAddress != null">
	        #{officeAddress,jdbcType=VARCHAR},
	      </if>
	      <if test="idCard != null">
	        #{idCard,jdbcType=VARCHAR},
	      </if>
	      <if test="incomeRange != null">
	        #{incomeRange,jdbcType=VARCHAR},
	      </if>
	      <if test="familySize != null">
	        #{familySize,jdbcType=INTEGER},
	      </if>
	      <if test="education != null">
	        #{education,jdbcType=VARCHAR},
	      </if>
	      <if test="ageBracket != null">
	        #{ageBracket,jdbcType=VARCHAR},
	      </if>
	      <if test="childrenName != null">
	        #{childrenName,jdbcType=VARCHAR},
	      </if>
	      <if test="childrenAge != null">
	        #{childrenAge,jdbcType=INTEGER},
	      </if>
	      <if test="parentName != null">
	        #{parentName,jdbcType=VARCHAR},
	      </if>
	      <if test="parentAge != null">
	        #{parentAge,jdbcType=INTEGER},
	      </if>
	      <if test="exportTime != null">
	        #{exportTime,jdbcType=TIMESTAMP},
	      </if>
	      <if test="coolCoin != null">
	        #{coolCoin,jdbcType=DOUBLE},
	      </if>
	      <if test="crmHisScore != null">
	        #{crmHisScore,jdbcType=INTEGER},
	      </if>
	      <if test="belongSaleper != null">
	        #{belongSaleper,jdbcType=VARCHAR},
	      </if>
	      <if test="referee != null">
	        #{referee,jdbcType=VARCHAR},
	      </if>
	      <if test="valueScore != null">
	        #{valueScore,jdbcType=DOUBLE},
	      </if>
	      <if test="firstCostTime != null">
	        #{firstCostTime,jdbcType=TIMESTAMP},
	      </if>
	      <if test="lastCostTime != null">
	        #{lastCostTime,jdbcType=TIMESTAMP},
	      </if>
	      <if test="integralType != null">
	        #{integralType,jdbcType=INTEGER},
	      </if>
	      <if test="cash != null">
	        #{cash,jdbcType=INTEGER},
	      </if>
	      <if test="erpStoreId != null">
	        #{erpStoreId,jdbcType=VARCHAR},
	      </if>
	      <if test="crmMemberLevel != null">
	        #{crmMemberLevel,jdbcType=VARCHAR},
	      </if>
	      <if test="province != null">
	        #{province,jdbcType=VARCHAR},
	      </if>
	      <if test="status != null">
	        #{status,jdbcType=INTEGER},
	      </if>
	      <if test="type != null">
	        #{type,jdbcType=INTEGER},
	      </if>
	      <if test="openId != null">
	        #{openId,jdbcType=VARCHAR},
	      </if>
	      <if test="staffId != null">
	        #{staffId,jdbcType=BIGINT},
	      </if>
	      <if test="custLimit != null">
	        #{custLimit,jdbcType=INTEGER},
	      </if>
	      <if test="jobNumber != null">
	        #{jobNumber,jdbcType=VARCHAR},
	      </if>
	      <if test="signRaining != null">
	        #{signRaining,jdbcType=INTEGER},
	      </if>
	    </trim>
	  </insert>
	
	<select id="getMemberByPhone" parameterType="string" resultType="map">
		select id,name,phone,email,company,job,score,gender,birthday,weibo,wechat,province,city,address,fax,tag,source,
			group_customer,avatar,bak1,bak2,bak3,bak4,bak5,weibo_uid,QQ,crm_score,crm_member_level,crm_balance,store_id,store_name,status,
			market_id,market_name,cost_total,cost_count,
			DATE_FORMAT(first_cost_time,'%Y-%m-%d %H:%i:%S') first_cost_time,DATE_FORMAT(last_cost_time,'%Y-%m-%d %H:%i:%S') last_cost_time 
		from bc_customer where phone = #{phone}
		limit 1
	</select>
	
	<select id="countPhoneExist" resultType="int">
		select ifnull(count(1),0) from bc_customer where phone = #{phone} and id != #{memberId}
	</select>
	
	<update id="updateMember" parameterType="map">
		update bc_customer set name=#{name},birthday=#{birthday},email=#{email},market_name=#{market_name},
			last_cost_time=#{last_cost_time},
			crm_member_level=#{crm_member_level},crm_balance=#{crm_balance},crm_score=#{crm_score} 
		where id=#{id}
	</update>
	
	<select id="getMemberList" resultType="java.util.LinkedHashMap">
		select
			IFNULL(t1.name,'') name,IFNULL(t1.phone,'') phone,IFNULL(t1.email,'') email,IFNULL(t1.gender,'') gender,
			IFNULL(t1.birthday,'') birthday,IFNULL(t1.city,'') city,IFNULL(store_name,'') store_name,
			IFNULL(market_name,'') market_name,DATE_FORMAT(last_cost_time,'%Y-%m-%d %H:%i:%S') last_cost_time,
<!-- 			IFNULL(point,'') point,IFNULL(level,'') level,IFNULL(cash,'') cash -->
			IFNULL(crm_score,'') crm_score,IFNULL(crm_member_level,'') crm_member_level,IFNULL(crm_balance,'') crm_balance 
		from bc_customer t1 where is_deleted=0
	</select>
	
	<select id="getMember" parameterType="int" resultType="map">
		select t1.id id,t1.name,phone,email,company,job,score,gender,birthday,weibo,wechat,province,city,address,fax,tag,source,
			group_customer,avatar,bak1,bak2,bak3,bak4,bak5,weibo_uid,QQ,crm_score,crm_member_level,crm_balance,type,
			status,remarks,store_id,t2.name store_name,
			market_id,market_name,cost_total,cost_count,
			integral_type,IFNULL(use_integral,0) use_integral,IFNULL(expired_integral,0) expired_integral,
			cost_count,cost_total,goods_total,average_cost,first_cost,last_cost,average_goods_quantity,max_cost,
			DATE_FORMAT(first_cost_time,'%Y-%m-%d %H:%i:%S') first_cost_time,DATE_FORMAT(last_cost_time,'%Y-%m-%d %H:%i:%S') last_cost_time  
		from bc_customer t1 left join (select id,name from bm_store where is_delete=0) t2 on t2.id=t1.store_id 
		where is_deleted=0 and t1.id = #{id}
	</select>
	
	<update id="updateMember2" parameterType="map">
		update bc_customer set phone=#{phone},name=#{name},wechat=#{wechat},gender=#{gender},birthday=#{birthday},
			email=#{email},QQ=#{QQ},province=#{province},city=#{city},weibo=#{weibo},crm_member_level=#{crm_member_level},
			type=#{type},status=#{status},remarks=#{remarks} 
		where id=#{id}
	</update>
	
	<select id="listStoreIdByIds" resultType="int">
		select IFNULL(store_id,0) from bc_customer 
		where is_deleted=0 and FIND_IN_SET(id,'${memberIds}')>0
		cecook2017${tenantId}
	</select>
	
	<select id="listStore" resultType="map">
		select * from bm_store where is_delete=0
	</select>
	
	
	<!-- 数据管理需要使用的接口 -->
	<select id="countForDataManage" parameterType="map" resultType="int">
		<!-- 
		select count(1)
		from bc_customer t1 left join (select id,customer_id,max(write_off_time) write_off_time,count(id) count from bm_write_off group by customer_id) t2 on t1.id=t2.customer_id
		 -->
		select count(1) from bc_customer
	<where>
	    and export_time is not null 
		and is_deleted = 0 
		<if test="phoneAndName != null and phoneAndName != ''">
			and (phone = #{phoneAndName} OR name like CONCAT(CONCAT('%', #{phoneAndName}), '%'))
		</if>
		<!-- 最后消费时间开始与结束 -->
		<if test="startTime != null and startTime != ''">
			and DATE_FORMAT(export_time,'%Y-%m-%d') >= #{startTime}
		</if>
		<if test="endTime != null and endTime != ''">
			and DATE_FORMAT(export_time,'%Y-%m-%d') &lt;= #{endTime}
		</if>
		</where> 
	</select>
	
	
	<select id="getPageForDataManage" parameterType="cn.cecook.uitls.Pages" resultType="map">
			select t1.id memberId,IFNULL(t1.name,'') name,
			IFNULL(t1.address, '') address,
			IFNULL(t1.office_address, '') office_address,
			IFNULL(t1.gender, '') gender,
			IFNULL(t1.id_card, '') id_card,
			IFNULL(t1.income_range, '') income_range,
			IFNULL(t1.family_size, '') family_size,
			IFNULL(t1.education, '') education,
			IFNULL(t1.age_bracket, '') age_bracket,
			IFNULL(t1.children_name, '') children_name,
			IFNULL(t1.children_age, '') children_age,
			IFNULL(t1.parent_name, '') parent_name,
			IFNULL(t1.parent_age, '') parent_age,
			IFNULL(t1.parent_age, '') parent_age,
			IFNULL(t1.phone,'') phone,
			IFNULL(t1.email,'') email,
			IFNULL(t1.wechat, '') wechat,
			IFNULL(t1.weibo, '') weibo,
			IFNULL(t1.QQ, '') QQ,			
			IFNULL(t1.gender,'') gender,
			IFNULL(t1.birthday,'') birthday,
			IFNULL(t1.city,'') city,
			IFNULL(t1.store_name,'') store_name,
			IFNULL(t1.market_name,'') market_name,
			DATE_FORMAT(t1.last_cost_time,'%Y-%m-%d %H:%i:%S') last_cost_time,
			IFNULL(t1.crm_balance,'') cash,
			IFNULL(t1.cool_coin,'') cool_coin,
			IFNULL(t1.crm_score,'') crmScore,
			IFNULL(t1.point,'') crm_his_score,
			IFNULL(t1.crm_member_level,'') crm_member_level,
			IFNULL(t1.source,'') source,
			IFNULL(t1.market_name,'') belong_saleper,
			IFNULL(t1.referee,'') referee,
			IFNULL(t1.value_score,'') value_score,
			IFNULL(GROUP_CONCAT(mg.name),'') group_customer,
			IFNULL(GROUP_CONCAT(mg.parent_id),'') type_customer,
			IFNULL(t1.create_time,'') create_time,			
			IFNULL(t1.cost_count,'') cost_count,
			IFNULL(t1.cost_total,'') cost_total,
			IFNULL(t1.tag,'') tag,
			DATE_FORMAT(t1.first_cost_time,'%Y-%m-%d %H:%i:%S') first_cost_time,
			IFNULL(t1.first_cost,'') first_cost,
			IFNULL(t1.last_cost,'') last_cost,
			IFNULL(t1.goods_total,'') goods_total 
			<!-- 
			,IFNULL((SELECT sg.name FROM scan_group_member sm left join scan_member_group sg on sm.group_id = sg.id 
			where FIND_IN_SET(t1.id,sm.member_ids) and sm.is_deleted = 0 and sg.is_deleted = 0),'') group_name,
			IFNULL((SELECT sb.name from scan_member_group mg  left join scan_member_group sb on mg.parent_id = sb.id where mg.is_deleted = 0 and sb.is_deleted = 0 and mg.id = 
			(SELECT sm.id FROM scan_group_member sm where FIND_IN_SET(t1.id,sm.member_ids) and sm.is_deleted = 0)),'') type_name  
			 -->
		from bc_customer t1 
		LEFT JOIN scan_group_member sg ON t1.id = sg.member_id 
		LEFT JOIN scan_member_group mg ON sg.group_id = mg.id  
		<where>
		    AND t1.export_time is not null   
		    AND t1.is_deleted = 0    
			<if test="where != null">
				<if test="where.phoneAndName != null and where.phoneAndName != ''">
					and (t1.phone = #{where.phoneAndName} OR t1.name like CONCAT(CONCAT('%', #{where.phoneAndName}), '%'))
				</if>
				<!-- 导入开始时间 -->
				<if test="where.startTime != null and where.startTime != ''">
					and DATE_FORMAT(t1.export_time,'%Y-%m-%d') >= #{where.startTime}
				</if>
				<if test="where.endTime != null and where.endTime != ''">
					and DATE_FORMAT(t1.export_time,'%Y-%m-%d') &lt;= #{where.endTime} 
				</if>
	
			</if>
		</where>
		GROUP BY t1.id  
		<if test="orderby != null">order by ${orderby}</if>
		limit #{startIndex}, #{pageSize}
	</select>
	
	
	<!-- 判断该手机在数据库中是否存在 -->
	<select id="getDataManageByPhone"  resultType="map">
		select id,name,phone,email,company,job,score,gender,birthday,weibo,wechat,province,city,address,fax,tag,source,
			group_customer,avatar,bak1,bak2,bak3,bak4,bak5,weibo_uid,QQ,point,level,cash,store_id,store_name,
			market_id,market_name,cost_total,cost_count,
			DATE_FORMAT(first_cost_time,'%Y-%m-%d %H:%i:%S') first_cost_time,DATE_FORMAT(last_cost_time,'%Y-%m-%d %H:%i:%S') last_cost_time 
		from bc_customer where phone = #{phone} and is_deleted = 0 limit 1
		<if test="tenantId!=null and tenantId!=''">
		   cecook2017${tenantId}
		</if>
		
	</select>
	
	<!-- 将导入的会员卡数据入库 -->
	<insert id="insertDataManage" parameterType="map" useGeneratedKeys="true" keyProperty="id">
	insert into bc_customer(name,address,office_address,gender,id_card,income_range,family_size,education,age_bracket,children_name,children_age,parent_name,parent_age,phone,email,wechat,weibo,QQ,export_time,cool_coin,crm_score,point,crm_member_level,source,market_name,referee,store_name,value_score,create_time,cost_count,cost_total,goods_total,last_cost_time,last_cost,first_cost_time,first_cost,tag) 
	values(#{name},#{address},#{office_address},#{gender},#{id_card},#{income_range},#{family_size},#{education},#{age_bracket},#{children_name},#{children_age},#{parent_name},#{parent_age},#{phone},#{email},#{wechat},#{weibo},#{QQ},#{export_time},#{cool_coin},#{crmScore},#{crm_his_score},#{level},#{source},#{belong_saleper},#{referee},#{store_name},#{value_score},#{create_time},#{cost_count},#{cost_total},#{goods_total},#{last_cost_time},#{last_cost},#{first_cost_time},#{first_cost},#{tag})
	<selectKey resultType="long" order="AFTER" keyProperty="id">
	SELECT LAST_INSERT_ID() AS id
    </selectKey>
	</insert>
	
	<insert id="insertDataManageBySocial" parameterType="map" useGeneratedKeys="true">
	insert into bc_customer(is_deleted,name,address,office_address,gender,id_card,income_range,family_size,education,age_bracket,children_name,children_age,parent_name,parent_age,phone,email,wechat,weibo,QQ,export_time,cool_coin,crm_score,crm_his_score,crm_member_level,source,belong_saleper,referee,store_name,value_score,create_time,cost_count,cost_total,goods_total,last_cost_time,last_cost,first_cost_time,first_cost,tag) 
	values(#{is_deleted},#{name},#{address},#{office_address},#{gender},#{id_card},#{income_range},#{family_size},#{education},#{age_bracket},#{children_name},#{children_age},#{parent_name},#{parent_age},#{phone},#{email},#{wechat},#{weibo},#{QQ},#{export_time},#{cool_coin},#{crmScore},#{crm_his_score},#{level},#{source},#{belong_saleper},#{referee},#{store_name},#{value_score},#{create_time},#{cost_count},#{cost_total},#{goods_total},#{last_cost_time},#{last_cost},#{first_cost_time},#{first_cost},#{tag})
	<if test="tenant_id!=null and tenant_id!=''">
	   cecook2017${tenant_id}    
	</if>
	<selectKey resultType="long" order="AFTER" keyProperty="id">
	SELECT LAST_INSERT_ID() AS id
    </selectKey>
	</insert>
	
	<!-- 更新导入的会员卡数据 -->
	<update id="updateDataManage" parameterType="map">
		update bc_customer set name=#{name},birthday=#{birthday},email=#{email},market_name=#{market_name},
			last_cost_time=#{last_cost_time},level=#{level},cash=#{cash},point=#{point} 
		where id=#{id}
	</update>
	<!-- 初始化追溯的时间 -->
	<select id="initHsTime" resultType="map">
		select  DATE_FORMAT(export_time,'%Y-%m-%d %H:%i:%s') export_time from bc_customer WHERE export_time is not null GROUP BY export_time
	</select>
	
	<!-- 回溯到指定时间节点 -->
	<update id="updateHsTimeNow" parameterType="map">
		UPDATE bc_customer SET is_deleted = 0 where DATE_FORMAT(export_time,'%Y-%m-%d %H:%i:%s') = #{hsTime} and export_time IS NOT NULL
	</update>
	
	<!-- 将其他回溯隐藏 -->
	<update id="updateHsTimeNow2" parameterType="map">
		UPDATE bc_customer SET is_deleted = 1 where DATE_FORMAT(export_time,'%Y-%m-%d %H:%i:%s') != #{hsTime} and export_time IS NOT NULL
	</update>
	
	
	<!-- 初始化会员总数 -->
	<select id="initHyCount" parameterType="map" resultType="int">
		select count(1) from bc_customer
	<where>
	    and export_time is not null 
		and is_deleted = 0 
	</where> 
	</select>
	
	<!-- 初始化全部会员总数 -->
	<select id="initAllHyCount" parameterType="map" resultType="int">
		select count(1) from bc_customer
	<where>
		and is_deleted = 0 
	</where> 
	</select>
	
	<!-- 初始自动化服务规则总数 -->
	<select id="initAutoSeivice" parameterType="map" resultType="int">
		SELECT count(1) from ser_task
	<where>
		and is_deleted = 0 
	</where> 
	</select>
	<!-- 查询全部一级菜单-->
	<select id="getAllMemberType" resultType="map">
		SELECT id,name FROM scan_member_group where type = 1 AND is_deleted = 0
	</select>
	
	<!-- 根据分类名称，type=1去scan_member_group表中查询是否含有该分类 -->
	<select id="getParentMember" resultType="map" >
		SELECT id,name,parent_id FROM scan_member_group where type = 1 AND is_deleted = 0 AND name=#{type_customer}
	</select>
	<!-- 根据分类id，获取所有的子ID -->
	<select id="getAllChildren" resultType="map" >
		SELECT id,name FROM scan_member_group where type = 2 AND is_deleted = 0 AND parent_id=#{typeId}
	</select>
	
	<update id="updateMemberStore">
		update bc_customer set store_id=#{storeId} where id=#{memberId}
	</update>
	
	<select id="getMemberModel" parameterType="int" resultMap="BaseResultMap">
		select <include refid="Base_Column_List"></include>
		from bc_customer where id=#{id}
	</select>
	
	<update id="updateByPrimaryKeySelective" parameterType="cn.cecook.model.business.customer.BcCustomer">
	    update bc_customer
	    <set>
	      <if test="uuid != null">
	        uuid = #{uuid,jdbcType=VARCHAR},
	      </if>
	      <if test="tenantId != null">
	        tenant_id = #{tenantId,jdbcType=VARCHAR},
	      </if>
	      <if test="isDeleted != null">
	        is_deleted = #{isDeleted,jdbcType=INTEGER},
	      </if>
	      <if test="createId != null">
	        create_id = #{createId,jdbcType=BIGINT},
	      </if>
	      <if test="createTime != null">
	        create_time = #{createTime,jdbcType=TIMESTAMP},
	      </if>
	      <if test="orderCode != null">
	        order_code = #{orderCode,jdbcType=VARCHAR},
	      </if>
	      <if test="deleteTime != null">
	        delete_time = #{deleteTime,jdbcType=TIMESTAMP},
	      </if>
	      <if test="remarks != null">
	        remarks = #{remarks,jdbcType=VARCHAR},
	      </if>
	      <if test="attachment != null">
	        attachment = #{attachment,jdbcType=VARCHAR},
	      </if>
	      <if test="name != null">
	        name = #{name,jdbcType=VARCHAR},
	      </if>
	      <if test="phone != null">
	        phone = #{phone,jdbcType=VARCHAR},
	      </if>
	      <if test="email != null">
	        email = #{email,jdbcType=VARCHAR},
	      </if>
	      <if test="company != null">
	        company = #{company,jdbcType=VARCHAR},
	      </if>
	      <if test="job != null">
	        job = #{job,jdbcType=VARCHAR},
	      </if>
	      <if test="score != null">
	        score = #{score,jdbcType=VARCHAR},
	      </if>
	      <if test="gender != null">
	        gender = #{gender,jdbcType=VARCHAR},
	      </if>
	      <if test="birthday != null">
	        birthday = #{birthday,jdbcType=VARCHAR},
	      </if>
	      <if test="weibo != null">
	        weibo = #{weibo,jdbcType=VARCHAR},
	      </if>
	      <if test="wechat != null">
	        wechat = #{wechat,jdbcType=VARCHAR},
	      </if>
	      <if test="city != null">
	        city = #{city,jdbcType=VARCHAR},
	      </if>
	      <if test="address != null">
	        address = #{address,jdbcType=VARCHAR},
	      </if>
	      <if test="fax != null">
	        fax = #{fax,jdbcType=VARCHAR},
	      </if>
	      <if test="tag != null">
	        tag = #{tag,jdbcType=VARCHAR},
	      </if>
	      <if test="source != null">
	        source = #{source,jdbcType=VARCHAR},
	      </if>
	      <if test="groupCustomer != null">
	        group_customer = #{groupCustomer,jdbcType=VARCHAR},
	      </if>
	      <if test="avatar != null">
	        avatar = #{avatar,jdbcType=VARCHAR},
	      </if>
	      <if test="bak1 != null">
	        bak1 = #{bak1,jdbcType=VARCHAR},
	      </if>
	      <if test="bak2 != null">
	        bak2 = #{bak2,jdbcType=VARCHAR},
	      </if>
	      <if test="bak3 != null">
	        bak3 = #{bak3,jdbcType=VARCHAR},
	      </if>
	      <if test="bak4 != null">
	        bak4 = #{bak4,jdbcType=VARCHAR},
	      </if>
	      <if test="bak5 != null">
	        bak5 = #{bak5,jdbcType=VARCHAR},
	      </if>
	      <if test="weiboUid != null">
	        weibo_uid = #{weiboUid,jdbcType=VARCHAR},
	      </if>
	      <if test="qq != null">
	        QQ = #{qq,jdbcType=VARCHAR},
	      </if>
	      <if test="point != null">
	        point = #{point,jdbcType=INTEGER},
	      </if>
	      <if test="level != null">
	        level = #{level,jdbcType=VARCHAR},
	      </if>
	      <if test="storeId != null">
	        store_id = #{storeId,jdbcType=INTEGER},
	      </if>
	      <if test="storeName != null">
	        store_name = #{storeName,jdbcType=VARCHAR},
	      </if>
	      <if test="marketId != null">
	        market_id = #{marketId,jdbcType=INTEGER},
	      </if>
	      <if test="marketName != null">
	        market_name = #{marketName,jdbcType=VARCHAR},
	      </if>
	      <if test="costTotal != null">
	        cost_total = #{costTotal,jdbcType=DOUBLE},
	      </if>
	      <if test="costCount != null">
	        cost_count = #{costCount,jdbcType=INTEGER},
	      </if>
	      <if test="firstCost != null">
	        first_cost = #{firstCost,jdbcType=INTEGER},
	      </if>
	      <if test="lastCost != null">
	        last_cost = #{lastCost,jdbcType=INTEGER},
	      </if>
	      <if test="crmbalance != null">
	        crmBalance = #{crmbalance,jdbcType=DOUBLE},
	      </if>
	      <if test="crmscore != null">
	        crmScore = #{crmscore,jdbcType=INTEGER},
	      </if>
	      <if test="crmdiscount != null">
	        crmDiscount = #{crmdiscount,jdbcType=DOUBLE},
	      </if>
	      <if test="crmmemberlevel != null">
	        crmMemberLevel = #{crmmemberlevel,jdbcType=VARCHAR},
	      </if>
	      <if test="goodsTotal != null">
	        goods_total = #{goodsTotal,jdbcType=INTEGER},
	      </if>
	      <if test="averageCost != null">
	        average_cost = #{averageCost,jdbcType=INTEGER},
	      </if>
	      <if test="averageGoodsQuantity != null">
	        average_goods_quantity = #{averageGoodsQuantity,jdbcType=INTEGER},
	      </if>
	      <if test="maxCost != null">
	        max_cost = #{maxCost,jdbcType=INTEGER},
	      </if>
	      <if test="gainIntegral != null">
	        gain_integral = #{gainIntegral,jdbcType=INTEGER},
	      </if>
	      <if test="useIntegral != null">
	        use_integral = #{useIntegral,jdbcType=INTEGER},
	      </if>
	      <if test="expiredIntegral != null">
	        expired_integral = #{expiredIntegral,jdbcType=INTEGER},
	      </if>
	      <if test="couponCodeTotal != null">
	        coupon_code_total = #{couponCodeTotal,jdbcType=INTEGER},
	      </if>
	      <if test="crmBalance != null">
	        crm_balance = #{crmBalance,jdbcType=INTEGER},
	      </if>
	      <if test="crmScore != null">
	        crm_score = #{crmScore,jdbcType=INTEGER},
	      </if>
	      <if test="crmDiscount != null">
	        crm_discount = #{crmDiscount,jdbcType=DOUBLE},
	      </if>
	      <if test="officeAddress != null">
	        office_address = #{officeAddress,jdbcType=VARCHAR},
	      </if>
	      <if test="idCard != null">
	        id_card = #{idCard,jdbcType=VARCHAR},
	      </if>
	      <if test="incomeRange != null">
	        income_range = #{incomeRange,jdbcType=VARCHAR},
	      </if>
	      <if test="familySize != null">
	        family_size = #{familySize,jdbcType=INTEGER},
	      </if>
	      <if test="education != null">
	        education = #{education,jdbcType=VARCHAR},
	      </if>
	      <if test="ageBracket != null">
	        age_bracket = #{ageBracket,jdbcType=VARCHAR},
	      </if>
	      <if test="childrenName != null">
	        children_name = #{childrenName,jdbcType=VARCHAR},
	      </if>
	      <if test="childrenAge != null">
	        children_age = #{childrenAge,jdbcType=INTEGER},
	      </if>
	      <if test="parentName != null">
	        parent_name = #{parentName,jdbcType=VARCHAR},
	      </if>
	      <if test="parentAge != null">
	        parent_age = #{parentAge,jdbcType=INTEGER},
	      </if>
	      <if test="exportTime != null">
	        export_time = #{exportTime,jdbcType=TIMESTAMP},
	      </if>
	      <if test="coolCoin != null">
	        cool_coin = #{coolCoin,jdbcType=DOUBLE},
	      </if>
	      <if test="crmHisScore != null">
	        crm_his_score = #{crmHisScore,jdbcType=INTEGER},
	      </if>
	      <if test="belongSaleper != null">
	        belong_saleper = #{belongSaleper,jdbcType=VARCHAR},
	      </if>
	      <if test="referee != null">
	        referee = #{referee,jdbcType=VARCHAR},
	      </if>
	      <if test="valueScore != null">
	        value_score = #{valueScore,jdbcType=DOUBLE},
	      </if>
	      <if test="firstCostTime != null">
	        first_cost_time = #{firstCostTime,jdbcType=TIMESTAMP},
	      </if>
	      <if test="lastCostTime != null">
	        last_cost_time = #{lastCostTime,jdbcType=TIMESTAMP},
	      </if>
	      <if test="integralType != null">
	        integral_type = #{integralType,jdbcType=INTEGER},
	      </if>
	      <if test="cash != null">
	        cash = #{cash,jdbcType=INTEGER},
	      </if>
	      <if test="erpStoreId != null">
	        erp_store_id = #{erpStoreId,jdbcType=VARCHAR},
	      </if>
	      <if test="crmMemberLevel != null">
	        crm_member_level = #{crmMemberLevel,jdbcType=VARCHAR},
	      </if>
	      <if test="province != null">
	        province = #{province,jdbcType=VARCHAR},
	      </if>
	      <if test="status != null">
	        status = #{status,jdbcType=INTEGER},
	      </if>
	      <if test="type != null">
	        type = #{type,jdbcType=INTEGER},
	      </if>
	      <if test="openId != null">
	        open_id = #{openId,jdbcType=VARCHAR},
	      </if>
	      <if test="staffId != null">
	        staff_id = #{staffId,jdbcType=BIGINT},
	      </if>
	      <if test="custLimit != null">
	        cust_limit = #{custLimit,jdbcType=INTEGER},
	      </if>
	      <if test="signRaining != null">
	        sign_raining = #{signRaining,jdbcType=INTEGER},
	      </if>
	      <if test="jobNumber != null">
	        job_number = #{jobNumber,jdbcType=VARCHAR},
	      </if>
	    </set>
	    where id = #{id,jdbcType=INTEGER}
	  </update>
	<select id="getMemberByPhoneAndTenantId" resultType="map">
		select id,name,phone,email,company,job,score,gender,birthday,weibo,wechat,province,city,address,fax,tag,source,
		group_customer,avatar,bak1,bak2,bak3,bak4,bak5,weibo_uid,QQ,point,level,cash,store_id,store_name,status,
		market_id,market_name,cost_total,cost_count,
		DATE_FORMAT(first_cost_time,'%Y-%m-%d %H:%i:%S') first_cost_time,DATE_FORMAT(last_cost_time,'%Y-%m-%d %H:%i:%S') last_cost_time
		from bc_customer where phone = #{phone} AND tenant_id = #{tenant_id}
		limit 1
		<if test="tenant_id!=null and tenant_id!=''">
			cecook2017${tenant_id}
		</if>
	</select>

	<resultMap id="BaseResultMap" type="cn.cecook.model.business.customer.BcCustomer">
	    <id column="id" jdbcType="INTEGER" property="id" />
	    <result column="uuid" jdbcType="VARCHAR" property="uuid" />
	    <result column="tenant_id" jdbcType="VARCHAR" property="tenantId" />
	    <result column="is_deleted" jdbcType="INTEGER" property="isDeleted" />
	    <result column="create_id" jdbcType="BIGINT" property="createId" />
	    <result column="create_time" jdbcType="TIMESTAMP" property="createTime" />
	    <result column="order_code" jdbcType="VARCHAR" property="orderCode" />
	    <result column="delete_time" jdbcType="TIMESTAMP" property="deleteTime" />
	    <result column="remarks" jdbcType="VARCHAR" property="remarks" />
	    <result column="attachment" jdbcType="VARCHAR" property="attachment" />
	    <result column="name" jdbcType="VARCHAR" property="name" />
	    <result column="phone" jdbcType="VARCHAR" property="phone" />
	    <result column="email" jdbcType="VARCHAR" property="email" />
	    <result column="company" jdbcType="VARCHAR" property="company" />
	    <result column="job" jdbcType="VARCHAR" property="job" />
	    <result column="score" jdbcType="VARCHAR" property="score" />
	    <result column="gender" jdbcType="VARCHAR" property="gender" />
	    <result column="birthday" jdbcType="VARCHAR" property="birthday" />
	    <result column="weibo" jdbcType="VARCHAR" property="weibo" />
	    <result column="wechat" jdbcType="VARCHAR" property="wechat" />
	    <result column="city" jdbcType="VARCHAR" property="city" />
	    <result column="address" jdbcType="VARCHAR" property="address" />
	    <result column="fax" jdbcType="VARCHAR" property="fax" />
	    <result column="tag" jdbcType="VARCHAR" property="tag" />
	    <result column="source" jdbcType="VARCHAR" property="source" />
	    <result column="group_customer" jdbcType="VARCHAR" property="groupCustomer" />
	    <result column="avatar" jdbcType="VARCHAR" property="avatar" />
	    <result column="bak1" jdbcType="VARCHAR" property="bak1" />
	    <result column="bak2" jdbcType="VARCHAR" property="bak2" />
	    <result column="bak3" jdbcType="VARCHAR" property="bak3" />
	    <result column="bak4" jdbcType="VARCHAR" property="bak4" />
	    <result column="bak5" jdbcType="VARCHAR" property="bak5" />
	    <result column="weibo_uid" jdbcType="VARCHAR" property="weiboUid" />
	    <result column="QQ" jdbcType="VARCHAR" property="qq" />
	    <result column="point" jdbcType="INTEGER" property="point" />
	    <result column="level" jdbcType="VARCHAR" property="level" />
	    <result column="store_id" jdbcType="INTEGER" property="storeId" />
	    <result column="store_name" jdbcType="VARCHAR" property="storeName" />
	    <result column="market_id" jdbcType="INTEGER" property="marketId" />
	    <result column="market_name" jdbcType="VARCHAR" property="marketName" />
	    <result column="cost_total" jdbcType="DOUBLE" property="costTotal" />
	    <result column="cost_count" jdbcType="INTEGER" property="costCount" />
	    <result column="first_cost" jdbcType="INTEGER" property="firstCost" />
	    <result column="last_cost" jdbcType="INTEGER" property="lastCost" />
	    <result column="crmBalance" jdbcType="DOUBLE" property="crmbalance" />
	    <result column="crmScore" jdbcType="INTEGER" property="crmscore" />
	    <result column="crmDiscount" jdbcType="DOUBLE" property="crmdiscount" />
	    <result column="crmMemberLevel" jdbcType="VARCHAR" property="crmmemberlevel" />
	    <result column="goods_total" jdbcType="INTEGER" property="goodsTotal" />
	    <result column="average_cost" jdbcType="INTEGER" property="averageCost" />
	    <result column="average_goods_quantity" jdbcType="INTEGER" property="averageGoodsQuantity" />
	    <result column="max_cost" jdbcType="INTEGER" property="maxCost" />
	    <result column="gain_integral" jdbcType="INTEGER" property="gainIntegral" />
	    <result column="use_integral" jdbcType="INTEGER" property="useIntegral" />
	    <result column="expired_integral" jdbcType="INTEGER" property="expiredIntegral" />
	    <result column="coupon_code_total" jdbcType="INTEGER" property="couponCodeTotal" />
	    <result column="crm_balance" jdbcType="INTEGER" property="crmBalance" />
	    <result column="crm_score" jdbcType="INTEGER" property="crmScore" />
	    <result column="crm_discount" jdbcType="DOUBLE" property="crmDiscount" />
	    <result column="office_address" jdbcType="VARCHAR" property="officeAddress" />
	    <result column="id_card" jdbcType="VARCHAR" property="idCard" />
	    <result column="income_range" jdbcType="VARCHAR" property="incomeRange" />
	    <result column="family_size" jdbcType="INTEGER" property="familySize" />
	    <result column="education" jdbcType="VARCHAR" property="education" />
	    <result column="age_bracket" jdbcType="VARCHAR" property="ageBracket" />
	    <result column="children_name" jdbcType="VARCHAR" property="childrenName" />
	    <result column="children_age" jdbcType="INTEGER" property="childrenAge" />
	    <result column="parent_name" jdbcType="VARCHAR" property="parentName" />
	    <result column="parent_age" jdbcType="INTEGER" property="parentAge" />
	    <result column="export_time" jdbcType="TIMESTAMP" property="exportTime" />
	    <result column="cool_coin" jdbcType="DOUBLE" property="coolCoin" />
	    <result column="crm_his_score" jdbcType="INTEGER" property="crmHisScore" />
	    <result column="belong_saleper" jdbcType="VARCHAR" property="belongSaleper" />
	    <result column="referee" jdbcType="VARCHAR" property="referee" />
	    <result column="value_score" jdbcType="DOUBLE" property="valueScore" />
	    <result column="first_cost_time" jdbcType="TIMESTAMP" property="firstCostTime" />
	    <result column="last_cost_time" jdbcType="TIMESTAMP" property="lastCostTime" />
	    <result column="integral_type" jdbcType="INTEGER" property="integralType" />
	    <result column="cash" jdbcType="INTEGER" property="cash" />
	    <result column="erp_store_id" jdbcType="VARCHAR" property="erpStoreId" />
	    <result column="crm_member_level" jdbcType="VARCHAR" property="crmMemberLevel" />
	    <result column="province" jdbcType="VARCHAR" property="province" />
	    <result column="status" jdbcType="INTEGER" property="status" />
	    <result column="type" jdbcType="INTEGER" property="type" />
	    <result column="open_id" jdbcType="VARCHAR" property="openId" />
	    <result column="staff_id" jdbcType="BIGINT" property="staffId" />
	    <result column="cust_limit" jdbcType="INTEGER" property="custLimit" />
	    <result column="sign_raining" jdbcType="INTEGER" property="signRaining" />
	    <result column="job_number" jdbcType="VARCHAR" property="jobNumber" />
	  </resultMap>
	  
	<sql id="Base_Column_List">
	    id, uuid, tenant_id, is_deleted, create_id, create_time, order_code, delete_time, 
	    remarks, attachment, name, phone, email, company, job, score, gender, birthday, weibo, 
	    wechat, city, address, fax, tag, source, group_customer, avatar, bak1, bak2, bak3, 
	    bak4, bak5, weibo_uid, QQ, point, level, store_id, store_name, market_id, market_name, 
	    cost_total, cost_count, first_cost, last_cost, crmBalance, crmScore, crmDiscount, 
	    crmMemberLevel, goods_total, average_cost, average_goods_quantity, max_cost, gain_integral, 
	    use_integral, expired_integral, coupon_code_total, crm_balance, crm_score, crm_discount, 
	    office_address, id_card, income_range, family_size, education, age_bracket, children_name, 
	    children_age, parent_name, parent_age, export_time, cool_coin, crm_his_score, belong_saleper, 
	    referee, value_score, first_cost_time, last_cost_time, integral_type, cash, erp_store_id, 
	    crm_member_level, province, status, type, open_id, staff_id, cust_limit, sign_raining, 
	    job_number
	  </sql>
</mapper>