<?xml version="1.0" encoding="UTF-8"?>
<!DOCTYPE mapper PUBLIC "-//mybatis.org//DTD Mapper 3.0//EN" "http://mybatis.org/dtd/mybatis-3-mapper.dtd">
<mapper namespace="cn.cecook.dao.business.scan.ScanMemberGroupMapper">
	<insert id="saveMemberGroup" parameterType="map"
		useGeneratedKeys="true" keyProperty="id">
		insert into
		scan_member_group(type,parent_id,name,status,base_attr,trade_attr,RFM_attr,tag_attr)
		values(#{type},#{parent_id},#{name},#{status},#{base_attr},#{trade_attr},#{RFM_attr},#{tag_attr})
	</insert>

	<update id="updateMemberGroup" parameterType="map">
		update scan_member_group
		<set>
			<if test="type != null">type = #{type},</if>
			<if test="parent_id != null">parent_id = #{parent_id},</if>
			<if test="name != null">name = #{name},</if>
			<if test="status != null">status = #{status},</if>
			<if test="base_attr != null">base_attr = #{base_attr},</if>
			<if test="trade_attr != null">trade_attr = #{trade_attr},</if>
			<if test="RFM_attr != null">RFM_attr = #{RFM_attr},</if>
			<if test="tag_attr != null">tag_attr = #{tag_attr},</if>
		</set>
		where id = #{id}
		<if test="tenantId!=null and tenantId!=''">
			cecook2017${tenantId}
		</if>
	</update>

	<select id="getTop" resultType="map">
		select * from scan_member_group
		where is_deleted=0 and type=1 order by id desc
	</select>

	<select id="getByParentId" parameterType="int" resultType="map">
		select * from scan_member_group where is_deleted=0 and type=2 and
		parent_id = #{parentId}
	</select>

	<select id="getMemberByWhere" parameterType="map" resultType="map">
		select '${groupId}' groupId,t1.id memberId,'${tenantId}'
		tenantId,'${uuid}' uuid from bc_customer t1
		<if test="trade_attr != null">
			INNER JOIN (select consumer_id member_id from
			ser_order_info a INNER JOIN
			ser_order_detail b
			on a.id=b.order_id where
			consumer_id is not null ${trade_attr} GROUP BY
			consumer_id) t2 on
			t1.id=t2.member_id
		</if>
		<if test="child_store_name != null">
			INNER JOIN (select id from bm_store where is_delete=0 and ${child_store_name}) t3 on t3.id=t1.store_id
		</if>
		where 1=1 and t1.is_deleted=0 
		<if test="base_attr">
			${base_attr}
		</if>
		<if test="RFM_attr">
			${RFM_attr}
		</if>
		<if test="tag_attr">
			${tag_attr}
		</if>
		<if test="tenantId!=null and tenantId!=''">
			cecook2017${tenantId}
		</if>
	</select>

	<insert id="saveGroupMemberMap" parameterType="map">
		insert into
		scan_group_member(group_id,member_id)
		values(#{groupId},#{memberId})
		<if test="tenantId!=null and tenantId!=''">
			cecook2017${tenantId}
		</if>
	</insert>
	
	<insert id="saveGroupMemberMaps" parameterType="map">
		insert into
		scan_group_member(group_id,member_id,uuid,tenant_id)
		values(#{groupId},#{memberId},#{uuid},#{tenantId})
		<if test="tenantId!=null and tenantId!=''">
			cecook2017${tenantId}
		</if>
	</insert>

	<insert id="saveGroupMemberMap4List" parameterType="list">
		insert into scan_group_member(group_id,member_id,tenant_id,uuid)
		values
		<foreach collection="list" item="item" index="index"
			separator=",">
			(#{item.groupId},#{item.memberId},#{item.tenantId},#{item.uuid})
		</foreach>
	</insert>

	<select id="countPeople" parameterType="long" resultType="map">
		select
		count(1) countTotal,count(email!='') countEmail,count(weibo!='')
		countWeibo
		from bc_customer t1 LEFT JOIN scan_group_member t2 on t1.id
		= t2.member_id
		where t2.group_id=#{groupId}
	</select>

	<select id="countPeople2" parameterType="map" resultType="map">
		select count(1) countTotal,count(email!='')
		countEmail,count(weibo!='') countWeibo
		from bc_customer t1
		<if test="trade_attr != null">
			RIGHT JOIN (select consumer_id member_id from
			ser_order_info a RIGHT JOIN ser_order_detail b
			on a.id=b.order_id
			where consumer_id is not null ${trade_attr} GROUP BY
			consumer_id) t2
			on t1.id=t2.member_id
		</if>
		<if test="child_store_name != null">
			right join (select id from bm_store where is_delete=0 and ${child_store_name}) t3 on t3.id=t1.store_id
		</if>
		where 1=1
		<if test="base_attr">
			${base_attr}
		</if>
		<if test="RFM_attr">
			${RFM_attr}
		</if>
		<if test="tag_attr">
			${tag_attr}
		</if>
	</select>

	<select id="getGroup" parameterType="long" resultType="map">
		select *
		from scan_member_group where id=#{id}
		and is_deleted=0
	</select>

	<select id="getGroupByName" parameterType="string" resultType="map">
		select * from scan_member_group where type=2 and is_deleted=0
		<choose>
			<when test="name!=null and name!=''">
				and name=#{name}
			</when>
			<otherwise>
				order by id desc limit 1
			</otherwise>
		</choose>
	</select>

	<select id="getPageGroup" parameterType="cn.cecook.uitls.Pages"
		resultType="map">
		select t1.id memberId,IFNULL(t1.name,'')
		name,t1.phone,IFNULL(t1.email,'') email,IFNULL(t1.gender,'') gender,
		IFNULL(t1.birthday,'') birthday,IFNULL(t1.city,'')
		city,IFNULL(store_name,'') store_name,
		IFNULL(market_name,'')
		market_name,DATE_FORMAT(last_cost_time,'%Y-%m-%d %H:%i:%S')
		last_cost_time,
<!-- 		IFNULL(point,'') point,IFNULL(level,'') level,IFNULL(cash,'') cash -->
		IFNULL(crm_score,'') crm_score,IFNULL(crm_member_level,'') crm_member_level,IFNULL(crm_balance,'') crm_balance
		from bc_customer t1
		LEFT JOIN
		scan_group_member t2 on t1.id = t2.member_id
		where
		t2.group_id =
		#{where.groupId}
		<if test="where.phone != null and where.phone != ''">
			and phone = #{where.phone}
		</if>
		<if test="orderby != null">order by ${orderby}</if>
		limit #{startIndex}, #{pageSize}
	</select>

	<select id="countGroup" parameterType="map" resultType="int">
		select count(1)
		from bc_customer t1 LEFT JOIN scan_group_member t2 on
		t1.id = t2.member_id 
		where t2.group_id = #{groupId} and t1.is_deleted=0
		<if test="phone != null and phone != ''">
			and phone = #{phone}
		</if>
	</select>

	<select id="getPageGroup2" parameterType="cn.cecook.uitls.Pages" resultType="map">
		select t1.id memberId,IFNULL(t1.name,'')
		name,t1.phone,IFNULL(t1.email,'') email,IFNULL(t1.gender,'') gender,
		IFNULL(t1.birthday,'') birthday,IFNULL(t1.city,'')
		city,IFNULL(store_name,'') store_name,
		IFNULL(market_name,'')
		market_name,DATE_FORMAT(last_cost_time,'%Y-%m-%d %H:%i:%S')
		last_cost_time,
<!-- 		IFNULL(point,'') point,IFNULL(level,'') level,IFNULL(cash,'') cash -->
		IFNULL(crm_score,'') crm_score,IFNULL(crm_member_level,'') crm_member_level,IFNULL(crm_balance,'') crm_balance
		from bc_customer t1
		<if test="where.trade_attr != null">
			INNER JOIN (select consumer_id member_id from
			ser_order_info a INNER JOIN ser_order_detail b
			on a.id=b.order_id
			where consumer_id is not null ${where.trade_attr}
			GROUP BY
			consumer_id) t2 on t1.id=t2.member_id
		</if>
		<if test="where.child_store_name != null">
			INNER JOIN (select id from bm_store where is_delete=0 and ${where.child_store_name}) t3 on t3.id=t1.store_id
		</if>
		where 1=1 and t1.is_deleted=0 
		<if test="where.base_attr">
			${where.base_attr}
		</if>
		<if test="where.RFM_attr">
			${where.RFM_attr}
		</if>
		<if test="where.tag_attr">
			${where.tag_attr}
		</if>
		<if test="where.phone != null and where.phone != ''">
			and phone = #{where.phone}
		</if>
		<if test="orderby != null">order by ${orderby}</if>
		limit #{startIndex}, #{pageSize}
	</select>

	<select id="countGroup2" parameterType="map" resultType="int">
		select count(1)
		from bc_customer t1
		<if test="trade_attr != null">
			INNER JOIN (select consumer_id member_id from
			ser_order_info a INNER JOIN ser_order_detail b
			on a.id=b.order_id
			where consumer_id is not null ${trade_attr} GROUP BY
			consumer_id) t2
			on t1.id=t2.member_id
		</if>
		<if test="child_store_name != null">
			INNER JOIN (select id from bm_store where is_delete=0 and ${child_store_name}) t3 on t3.id=t1.store_id
		</if>
		where 1=1 and t1.is_deleted=0 
		<if test="base_attr">
			${base_attr}
		</if>
		<if test="RFM_attr">
			${RFM_attr}
		</if>
		<if test="tag_attr">
			${tag_attr}
		</if>
		<if test="phone != null and phone != ''">
			and phone = #{phone}
		</if>
	</select>

	<delete id="deleteGroup">
		delete from scan_group_member where group_id=${groupId}
		<if test="tenantId!=null and tenantId!=''">
			cecook2017${tenantId}
		</if>
	</delete>
	<update id="delGroup" parameterType="long">
		update scan_member_group set
		is_deleted=1 where id=#{groupId}
	</update>
	<update id="delGroupMemberMap" parameterType="long">
		update
		scan_group_member set is_deleted=1 where group_id=#{groupId}
	</update>

	<update id="selectGroup">
		update scan_member_group set parent_id = #{parentId}
		where id = #{groupId}
	</update>

	<select id="listMemberByGroupId" parameterType="long" resultType="java.util.Map">
		select IFNULL(t1.name,'') name,IFNULL(t1.phone,'') phone,IFNULL(t1.email,'') email,IFNULL(t1.gender,'') gender,
			IFNULL(t1.birthday,'') birthday,IFNULL(t1.city,'') city,IFNULL(store_name,'') store_name,
			IFNULL(market_name,'') market_name,DATE_FORMAT(last_cost_time,'%Y-%m-%d %H:%i:%S') last_cost_time,
<!-- 			IFNULL(point,'') point,IFNULL(level,'') level,IFNULL(cash,'') cash -->
			IFNULL(crm_score,'') crm_score,IFNULL(crm_member_level,'') crm_member_level,IFNULL(crm_balance,'') crm_balance
		from bc_customer t1 LEFT JOIN scan_group_member t2 on t1.id = t2.member_id
		where t2.group_id = #{groupId}
	</select>

	<select id="listMemberByWhere" parameterType="map" resultType="java.util.Map">
		select IFNULL(t1.name,'') name,IFNULL(t1.phone,'') phone,IFNULL(t1.email,'')
		email,IFNULL(t1.gender,'') gender,
		IFNULL(t1.birthday,'')
		birthday,IFNULL(t1.city,'') city,IFNULL(store_name,'') store_name,
		IFNULL(market_name,'')
		market_name,DATE_FORMAT(last_cost_time,'%Y-%m-%d %H:%i:%S')
		last_cost_time,
<!-- 		IFNULL(crmScore,'') point,IFNULL(crmMemberLevel,'') level,IFNULL(crmBalance,'') cash -->
		IFNULL(crm_score,'') crm_score,IFNULL(crm_member_level,'') crm_member_level,IFNULL(crm_balance,'') crm_balance
		from
		bc_customer t1
		<if test="trade_attr != null">
			RIGHT JOIN (select consumer_id member_id from
			ser_order_info a RIGHT JOIN ser_order_detail b
			on a.id=b.order_id
			where consumer_id is not null ${trade_attr} GROUP BY
			consumer_id) t2
			on t1.id=t2.member_id
		</if>
		where 1=1
		<if test="base_attr">
			${base_attr}
		</if>
		<if test="RFM_attr">
			${RFM_attr}
		</if>
		<if test="tag_attr">
			${tag_attr}
		</if>
	</select>

	<update id="rename">
		update scan_member_group set name = #{name} where id
		= #{groupId}
	</update>
	<update id="updateMemberCount">
		update scan_member_group set count = #{count} where id=#{groupId}
		<if test="tenantId!=null and tenantId!=''">
			cecook2017${tenantId}
		</if>
	</update>

	<select id="getCustomerGroup" parameterType="map" resultType="java.util.Map">

		select IFNULL(name,'') as name,id from scan_member_group where type=2
		and is_deleted=0
		<if test="keyWord!=null and keyWord!=''">
			and name LIKE CONCAT('%',#{keyWord},'%')
		</if>
		<if test="groupIds!=null and groupIds!=''">
			and id not in(${groupIds})
		</if>
		order by id desc
		limit #{startIndex},#{pageSize}
	</select>


	<!-- 获取动态分组下会员列表 -->
	<select id="getGroupCustomeList1" resultType="map">
		select IFNULL(t1.name,'') name,t1.phone,IFNULL(t1.email,'')
		email,t1.id AS
		customer_id
		from bc_customer t1 LEFT JOIN
		scan_group_member t2 on t1.id = t2.member_id
		where t2.group_id = #{groupId}
		and
		t1.is_deleted=0
		<if test="tenantId!=null and tenantId!=''">
			cecook2017${tenantId}
		</if>
	</select>




	<select id="getGroupCustomeList2" parameterType="map"
		resultType="map">
		select IFNULL(t1.name,'') name,t1.phone,IFNULL(t1.email,'')
		email,t1.id AS
		customer_id
		from bc_customer t1
		<if test="trade_attr != null">
			RIGHT JOIN (select consumer_id member_id from
			ser_order_info a RIGHT JOIN ser_order_detail b
			on a.id=b.order_id
			where consumer_id is not null ${trade_attr} GROUP BY
			consumer_id) t2
			on t1.id=t2.member_id
		</if>
		where 1=1 and t1.is_deleted=0
		<if test="base_attr!=null">
			${base_attr}
		</if>
		<if test="RFM_attr!=null">
			${RFM_attr}
		</if>
		<if test="tag_attr!=null">
			${tag_attr}
		</if>
		<if test="tenantId!=null and tenantId!=''">
			cecook2017${tenantId}
		</if>
	</select>
	<select id="getGroupBySocial" resultType="map">
		select *
		from scan_member_group where id=#{id}
		<if test="tenantId!=null and tenantId!=''">
			cecook2017${tenantId}
		</if>
	</select>
	<insert id="saveMemberGroupAndSelect" parameterType="map" useGeneratedKeys="true" keyProperty="id">
		insert into
		scan_member_group(type,parent_id,name,status,base_attr,trade_attr,RFM_attr,tag_attr)
		values(#{type},#{parent_id},#{name},#{status},#{base_attr},#{trade_attr},#{RFM_attr},#{tag_attr})
	</insert>
	
	<insert id="saveGroupMemberMapAndSelect" parameterType="map"  useGeneratedKeys="true" keyProperty="id">
		insert into
		scan_group_member(group_id,member_id)
		values(#{groupId},#{memberId})
	</insert>
	
	<select id="listMedicineNameLikeName" parameterType="string" resultType="string">
		select DISTINCT goods_name from ser_auditing_medicine where goods_name LIKE '${name}%' LIMIT 10
	</select>
	<select id="findByName" parameterType="java.lang.String" resultType="map">
	    select id,name,count
	    from scan_member_group
	    where name LIKE CONCAT('%',#{name},'%')
	    and is_deleted=0
	    and type=2
	</select>
	<select id="getDynamicGroupList" resultType="map">
		select *
		from scan_member_group where status=2
		and is_deleted=0 cecook2017${tenantId}
	</select>
	<select id="findNameById" parameterType="java.lang.Integer" resultType="map">
	    select *
		from scan_member_group
		where id=#{id}
	</select>
</mapper>