<?xml version="1.0" encoding="UTF-8"?>
<!DOCTYPE mapper PUBLIC "-//mybatis.org//DTD Mapper 3.0//EN" "http://mybatis.org/dtd/mybatis-3-mapper.dtd">
<mapper namespace="cn.cecook.dao.business.scan.ScanMemberReportMapper">
	<select id="getPages" parameterType="cn.cecook.uitls.Pages" resultMap="BaseResultMap">
		select <include refid="Base_Column_List"/> 
		from scan_member_report 
		where 
			date >= #{where.startTime} 
			and date &lt;= #{where.endTime} 
			<if test="where.storeId != null">
				and store_id = #{where.storeId}
			</if>
			<if test="where.storeIds != null">
				and FIND_IN_SET(store_id,#{where.storeIds})>0
			</if>
		<if test="orderby != null">order by ${orderby}</if>
		limit #{startIndex}, #{pageSize}
	</select>
	
	<select id="countByWhere" parameterType="map" resultType="int">
		select count(1) 
		from scan_member_report
		where date >= #{startTime}
			and date &lt;= #{endTime}
			<if test="storeId != null">
				and store_id = #{storeId}
			</if>
			<if test="storeIds != null">
				and FIND_IN_SET(store_id,#{storeIds})>0
			</if>
	</select>
	
	<select id="sumAll" parameterType="map" resultType="map">
		select 
			IFNULL(sum(create_customer_number),0) create_customer_number,
			IFNULL(sum(consume_customer_number),0) consume_customer_number,
			IFNULL(sum(join_customer_number),0) join_customer_number, 
			IFNULL(sum(balance_customer_number),0) balance_customer_number,
			IFNULL(sum(re_purchase_customer_number),0) re_purchase_customer_number 
		from scan_member_report 
		where date >= #{startTime}
			and date &lt;= #{endTime}
			<if test="storeId != null">
				and store_id = #{storeId}
			</if>
			<if test="storeIds != null">
				and FIND_IN_SET(store_id,#{storeIds})>0
			</if>
	</select>
	
	<select id="memberBarAll" parameterType="map" resultMap="BaseResultMap">
		select store_id,store_name,
			<choose>
				<when test="index == 0">
					IFNULL(sum(create_customer_number),0) create_customer_number
				</when>
				<when test="index == 1">
					IFNULL(sum(consume_customer_number),0) create_customer_number
				</when>
				<when test="index == 2">
					IFNULL(sum(join_customer_number),0) create_customer_number
				</when>
				<when test="index == 3">
					IFNULL(sum(balance_customer_number),0) create_customer_number
				</when>
				<when test="index == 4">
					IFNULL(sum(re_purchase_customer_number),0) create_customer_number 
				</when>
			</choose>
		from scan_member_report 
		where date >= #{startTime}
			and date &lt;= #{endTime}
			and FIND_IN_SET(store_id,#{storeIds})>0
		group by store_id
		order by create_customer_number desc
		limit 10
	</select>
	
	<select id="memberLine" parameterType="map" resultMap="BaseResultMap">
		select date,
			IFNULL(sum(create_customer_number),0) create_customer_number,
			IFNULL(sum(consume_customer_number),0) consume_customer_number,
			IFNULL(sum(join_customer_number),0) join_customer_number,
			IFNULL(sum(balance_customer_number),0) balance_customer_number,
			IFNULL(sum(re_purchase_customer_number),0) re_purchase_customer_number 
		from scan_member_report 
		where date >= #{startTime}
			and date &lt;= #{endTime}
			<if test="storeId != null">
				and store_id = #{storeId}
			</if>
			<if test="storeIds != null">
				and FIND_IN_SET(store_id,#{storeIds})>0
			</if>
		group by date
	</select>
	
	<select id="listJoinMemberId" resultType="int">
		select DISTINCT customer_id from bm_coupon 
		where 
			create_time >= STR_TO_DATE('${date} 00:00:00','%Y-%m-%d %H:%i:%S') 
			and create_time &lt;= STR_TO_DATE('${date} 23:59:59','%Y-%m-%d %H:%i:%S')
			and customer_id > 0
		cecook2017${tenantId}
	</select>
	
	<insert id="insert" parameterType="cn.cecook.model.business.scan.ScanMemberReport">
		insert into scan_member_report(tenant_id,date,store_id,store_name,create_customer_number,consume_customer_number,
			balance_customer_number,re_purchase_customer_number,join_customer_number)
		values(#{tenantId},#{date},#{storeId},#{storeName},#{createCustomerNumber},
			#{consumeCustomerNumber},#{balanceCustomerNumber},#{rePurchaseCustomerNumber},#{joinCustomerNumber}) 
		cecook2017${tenantId}
	</insert>
	
	<select id="getMaxDate" resultType="date">
		select max(create_time) from scan_member_report 
		cecook2017${tenantId} 
	</select>
	
	<select id="listMemberReport" resultMap="BaseResultMap">
		select <include refid="Base_Column_List"/>
		from scan_member_report
		where date >= #{startTime} 
			and date &lt;= #{endTime} 
			<if test="storeId != null and storeId !=''">
				and store_id = #{storeId}
			</if>
			<if test="storeIds != null and storeIds != ''">
				and FIND_IN_SET(store_id,#{storeIds})>0
			</if>
		cecook2017${tenantId}
	</select>

  <sql id="Base_Column_List">
    id, tenant_id, date, store_id, store_name, create_customer_number, consume_customer_number, 
    balance_customer_number, re_purchase_customer_number, join_customer_number, create_time
  </sql>
  <resultMap id="BaseResultMap" type="cn.cecook.model.business.scan.ScanMemberReport">
    <id column="id" jdbcType="INTEGER" property="id" />
    <result column="tenant_id" jdbcType="VARCHAR" property="tenantId" />
    <result column="date" jdbcType="VARCHAR" property="date" />
    <result column="store_id" jdbcType="INTEGER" property="storeId" />
    <result column="store_name" jdbcType="VARCHAR" property="storeName" />
    <result column="create_customer_number" jdbcType="INTEGER" property="createCustomerNumber" />
    <result column="consume_customer_number" jdbcType="INTEGER" property="consumeCustomerNumber" />
    <result column="balance_customer_number" jdbcType="INTEGER" property="balanceCustomerNumber" />
    <result column="re_purchase_customer_number" jdbcType="INTEGER" property="rePurchaseCustomerNumber" />
    <result column="join_customer_number" jdbcType="INTEGER" property="joinCustomerNumber" />
    <result column="create_time" jdbcType="TIMESTAMP" property="createTime" />
  </resultMap>
</mapper>