<?xml version="1.0" encoding="UTF-8"?>
<!DOCTYPE mapper PUBLIC "-//mybatis.org//DTD Mapper 3.0//EN" "http://mybatis.org/dtd/mybatis-3-mapper.dtd">
<mapper namespace="cn.cecook.dao.business.scan.ScanKeywordStatisticsMapper">
  <resultMap id="BaseResultMap" type="cn.cecook.model.business.scan.ScanKeywordStatistics">
    <id column="id" jdbcType="INTEGER" property="id" />
    <result column="uuid" jdbcType="VARCHAR" property="uuid" />
    <result column="tenant_id" jdbcType="VARCHAR" property="tenantId" />
    <result column="is_deleted" jdbcType="INTEGER" property="isDeleted" />
    <result column="create_id" jdbcType="BIGINT" property="createId" />
    <result column="create_time" jdbcType="TIMESTAMP" property="createTime" />
    <result column="order_code" jdbcType="VARCHAR" property="orderCode" />
    <result column="delete_time" jdbcType="TIMESTAMP" property="deleteTime" />
    <result column="remarks" jdbcType="VARCHAR" property="remarks" />
    <result column="attachment" jdbcType="VARCHAR" property="attachment" />
    <result column="bak1" jdbcType="VARCHAR" property="bak1" />
    <result column="bak2" jdbcType="VARCHAR" property="bak2" />
    <result column="bak3" jdbcType="VARCHAR" property="bak3" />
    <result column="bak4" jdbcType="VARCHAR" property="bak4" />
    <result column="rule_id" jdbcType="INTEGER" property="ruleId" />
    <result column="customer_id" jdbcType="INTEGER" property="customerId" />
    <result column="wb_user_id" jdbcType="VARCHAR" property="wbUserId" />
    <result column="total" jdbcType="INTEGER" property="total" />
    <result column="detail" jdbcType="VARCHAR" property="detail" />
  </resultMap>
  <sql id="Example_Where_Clause">
    <where>
      <foreach collection="oredCriteria" item="criteria" separator="or">
        <if test="criteria.valid">
          <trim prefix="(" prefixOverrides="and" suffix=")">
            <foreach collection="criteria.criteria" item="criterion">
              <choose>
                <when test="criterion.noValue">
                  and ${criterion.condition}
                </when>
                <when test="criterion.singleValue">
                  and ${criterion.condition} #{criterion.value}
                </when>
                <when test="criterion.betweenValue">
                  and ${criterion.condition} #{criterion.value} and #{criterion.secondValue}
                </when>
                <when test="criterion.listValue">
                  and ${criterion.condition}
                  <foreach close=")" collection="criterion.value" item="listItem" open="(" separator=",">
                    #{listItem}
                  </foreach>
                </when>
              </choose>
            </foreach>
          </trim>
        </if>
      </foreach>
    </where>
  </sql>
  <sql id="Update_By_Example_Where_Clause">
    <where>
      <foreach collection="example.oredCriteria" item="criteria" separator="or">
        <if test="criteria.valid">
          <trim prefix="(" prefixOverrides="and" suffix=")">
            <foreach collection="criteria.criteria" item="criterion">
              <choose>
                <when test="criterion.noValue">
                  and ${criterion.condition}
                </when>
                <when test="criterion.singleValue">
                  and ${criterion.condition} #{criterion.value}
                </when>
                <when test="criterion.betweenValue">
                  and ${criterion.condition} #{criterion.value} and #{criterion.secondValue}
                </when>
                <when test="criterion.listValue">
                  and ${criterion.condition}
                  <foreach close=")" collection="criterion.value" item="listItem" open="(" separator=",">
                    #{listItem}
                  </foreach>
                </when>
              </choose>
            </foreach>
          </trim>
        </if>
      </foreach>
    </where>
  </sql>
  <sql id="Base_Column_List">
    id, uuid, tenant_id, is_deleted, create_id, create_time, order_code, delete_time, 
    remarks, attachment, bak1, bak2, bak3, bak4, rule_id, customer_id, wb_user_id, total, 
    detail
  </sql>
  <select id="selectByExample" parameterType="cn.cecook.model.business.scan.ScanKeywordStatisticsExample" resultMap="BaseResultMap">
    select
    <if test="distinct">
      distinct
    </if>
    <include refid="Base_Column_List" />
    from scan_keyword_statistics
    <if test="_parameter != null">
      <include refid="Example_Where_Clause" />
    </if>
    <if test="orderByClause != null">
      order by ${orderByClause}
    </if>
  </select>
  <select id="selectByPrimaryKey" parameterType="java.lang.Integer" resultMap="BaseResultMap">
    select 
    <include refid="Base_Column_List" />
    from scan_keyword_statistics
    where id = #{id,jdbcType=INTEGER}
  </select>
  <delete id="deleteByPrimaryKey" parameterType="java.lang.Integer">
    delete from scan_keyword_statistics
    where id = #{id,jdbcType=INTEGER}
  </delete>
  <delete id="deleteByExample" parameterType="cn.cecook.model.business.scan.ScanKeywordStatisticsExample">
    delete from scan_keyword_statistics
    <if test="_parameter != null">
      <include refid="Example_Where_Clause" />
    </if>
  </delete>
  <insert id="insert" parameterType="cn.cecook.model.business.scan.ScanKeywordStatistics">
    insert into scan_keyword_statistics (id, uuid, tenant_id, 
      is_deleted, create_id, create_time, 
      order_code, delete_time, remarks, 
      attachment, bak1, bak2, 
      bak3, bak4, rule_id, 
      customer_id, wb_user_id, total, 
      detail)
    values (#{id,jdbcType=INTEGER}, #{uuid,jdbcType=VARCHAR}, #{tenantId,jdbcType=VARCHAR}, 
      #{isDeleted,jdbcType=INTEGER}, #{createId,jdbcType=BIGINT}, #{createTime,jdbcType=TIMESTAMP}, 
      #{orderCode,jdbcType=VARCHAR}, #{deleteTime,jdbcType=TIMESTAMP}, #{remarks,jdbcType=VARCHAR}, 
      #{attachment,jdbcType=VARCHAR}, #{bak1,jdbcType=VARCHAR}, #{bak2,jdbcType=VARCHAR}, 
      #{bak3,jdbcType=VARCHAR}, #{bak4,jdbcType=VARCHAR}, #{ruleId,jdbcType=INTEGER}, 
      #{customerId,jdbcType=INTEGER}, #{wbUserId,jdbcType=VARCHAR}, #{total,jdbcType=INTEGER}, 
      #{detail,jdbcType=VARCHAR})
  </insert>
  <insert id="insertSelective" parameterType="cn.cecook.model.business.scan.ScanKeywordStatistics">
    insert into scan_keyword_statistics
    <trim prefix="(" suffix=")" suffixOverrides=",">
      <if test="id != null">
        id,
      </if>
      <if test="uuid != null">
        uuid,
      </if>
      <if test="tenantId != null">
        tenant_id,
      </if>
      <if test="isDeleted != null">
        is_deleted,
      </if>
      <if test="createId != null">
        create_id,
      </if>
      <if test="createTime != null">
        create_time,
      </if>
      <if test="orderCode != null">
        order_code,
      </if>
      <if test="deleteTime != null">
        delete_time,
      </if>
      <if test="remarks != null">
        remarks,
      </if>
      <if test="attachment != null">
        attachment,
      </if>
      <if test="bak1 != null">
        bak1,
      </if>
      <if test="bak2 != null">
        bak2,
      </if>
      <if test="bak3 != null">
        bak3,
      </if>
      <if test="bak4 != null">
        bak4,
      </if>
      <if test="ruleId != null">
        rule_id,
      </if>
      <if test="customerId != null">
        customer_id,
      </if>
      <if test="wbUserId != null">
        wb_user_id,
      </if>
      <if test="total != null">
        total,
      </if>
      <if test="detail != null">
        detail,
      </if>
    </trim>
    <trim prefix="values (" suffix=")" suffixOverrides=",">
      <if test="id != null">
        #{id,jdbcType=INTEGER},
      </if>
      <if test="uuid != null">
        #{uuid,jdbcType=VARCHAR},
      </if>
      <if test="tenantId != null">
        #{tenantId,jdbcType=VARCHAR},
      </if>
      <if test="isDeleted != null">
        #{isDeleted,jdbcType=INTEGER},
      </if>
      <if test="createId != null">
        #{createId,jdbcType=BIGINT},
      </if>
      <if test="createTime != null">
        #{createTime,jdbcType=TIMESTAMP},
      </if>
      <if test="orderCode != null">
        #{orderCode,jdbcType=VARCHAR},
      </if>
      <if test="deleteTime != null">
        #{deleteTime,jdbcType=TIMESTAMP},
      </if>
      <if test="remarks != null">
        #{remarks,jdbcType=VARCHAR},
      </if>
      <if test="attachment != null">
        #{attachment,jdbcType=VARCHAR},
      </if>
      <if test="bak1 != null">
        #{bak1,jdbcType=VARCHAR},
      </if>
      <if test="bak2 != null">
        #{bak2,jdbcType=VARCHAR},
      </if>
      <if test="bak3 != null">
        #{bak3,jdbcType=VARCHAR},
      </if>
      <if test="bak4 != null">
        #{bak4,jdbcType=VARCHAR},
      </if>
      <if test="ruleId != null">
        #{ruleId,jdbcType=INTEGER},
      </if>
      <if test="customerId != null">
        #{customerId,jdbcType=INTEGER},
      </if>
      <if test="wbUserId != null">
        #{wbUserId,jdbcType=VARCHAR},
      </if>
      <if test="total != null">
        #{total,jdbcType=INTEGER},
      </if>
      <if test="detail != null">
        #{detail,jdbcType=VARCHAR},
      </if>
    </trim>
    cecook2017${tenantId}
  </insert>
  <select id="countByExample" parameterType="cn.cecook.model.business.scan.ScanKeywordStatisticsExample" resultType="java.lang.Long">
    select count(*) from scan_keyword_statistics
    <if test="_parameter != null">
      <include refid="Example_Where_Clause" />
    </if>
  </select>
  <update id="updateByExampleSelective" parameterType="map">
    update scan_keyword_statistics
    <set>
      <if test="record.id != null">
        id = #{record.id,jdbcType=INTEGER},
      </if>
      <if test="record.uuid != null">
        uuid = #{record.uuid,jdbcType=VARCHAR},
      </if>
      <if test="record.tenantId != null">
        tenant_id = #{record.tenantId,jdbcType=VARCHAR},
      </if>
      <if test="record.isDeleted != null">
        is_deleted = #{record.isDeleted,jdbcType=INTEGER},
      </if>
      <if test="record.createId != null">
        create_id = #{record.createId,jdbcType=BIGINT},
      </if>
      <if test="record.createTime != null">
        create_time = #{record.createTime,jdbcType=TIMESTAMP},
      </if>
      <if test="record.orderCode != null">
        order_code = #{record.orderCode,jdbcType=VARCHAR},
      </if>
      <if test="record.deleteTime != null">
        delete_time = #{record.deleteTime,jdbcType=TIMESTAMP},
      </if>
      <if test="record.remarks != null">
        remarks = #{record.remarks,jdbcType=VARCHAR},
      </if>
      <if test="record.attachment != null">
        attachment = #{record.attachment,jdbcType=VARCHAR},
      </if>
      <if test="record.bak1 != null">
        bak1 = #{record.bak1,jdbcType=VARCHAR},
      </if>
      <if test="record.bak2 != null">
        bak2 = #{record.bak2,jdbcType=VARCHAR},
      </if>
      <if test="record.bak3 != null">
        bak3 = #{record.bak3,jdbcType=VARCHAR},
      </if>
      <if test="record.bak4 != null">
        bak4 = #{record.bak4,jdbcType=VARCHAR},
      </if>
      <if test="record.ruleId != null">
        rule_id = #{record.ruleId,jdbcType=INTEGER},
      </if>
      <if test="record.customerId != null">
        customer_id = #{record.customerId,jdbcType=INTEGER},
      </if>
      <if test="record.wbUserId != null">
        wb_user_id = #{record.wbUserId,jdbcType=VARCHAR},
      </if>
      <if test="record.total != null">
        total = #{record.total,jdbcType=INTEGER},
      </if>
      <if test="record.detail != null">
        detail = #{record.detail,jdbcType=VARCHAR},
      </if>
    </set>
    <if test="_parameter != null">
      <include refid="Update_By_Example_Where_Clause" />
    </if>
  </update>
  <update id="updateByExample" parameterType="map">
    update scan_keyword_statistics
    set id = #{record.id,jdbcType=INTEGER},
      uuid = #{record.uuid,jdbcType=VARCHAR},
      tenant_id = #{record.tenantId,jdbcType=VARCHAR},
      is_deleted = #{record.isDeleted,jdbcType=INTEGER},
      create_id = #{record.createId,jdbcType=BIGINT},
      create_time = #{record.createTime,jdbcType=TIMESTAMP},
      order_code = #{record.orderCode,jdbcType=VARCHAR},
      delete_time = #{record.deleteTime,jdbcType=TIMESTAMP},
      remarks = #{record.remarks,jdbcType=VARCHAR},
      attachment = #{record.attachment,jdbcType=VARCHAR},
      bak1 = #{record.bak1,jdbcType=VARCHAR},
      bak2 = #{record.bak2,jdbcType=VARCHAR},
      bak3 = #{record.bak3,jdbcType=VARCHAR},
      bak4 = #{record.bak4,jdbcType=VARCHAR},
      rule_id = #{record.ruleId,jdbcType=INTEGER},
      customer_id = #{record.customerId,jdbcType=INTEGER},
      wb_user_id = #{record.wbUserId,jdbcType=VARCHAR},
      total = #{record.total,jdbcType=INTEGER},
      detail = #{record.detail,jdbcType=VARCHAR}
    <if test="_parameter != null">
      <include refid="Update_By_Example_Where_Clause" />
    </if>
  </update>
  <update id="updateByPrimaryKeySelective" parameterType="cn.cecook.model.business.scan.ScanKeywordStatistics">
    update scan_keyword_statistics
    <set>
      <if test="uuid != null">
        uuid = #{uuid,jdbcType=VARCHAR},
      </if>
      <if test="tenantId != null">
        tenant_id = #{tenantId,jdbcType=VARCHAR},
      </if>
      <if test="isDeleted != null">
        is_deleted = #{isDeleted,jdbcType=INTEGER},
      </if>
      <if test="createId != null">
        create_id = #{createId,jdbcType=BIGINT},
      </if>
      <if test="createTime != null">
        create_time = #{createTime,jdbcType=TIMESTAMP},
      </if>
      <if test="orderCode != null">
        order_code = #{orderCode,jdbcType=VARCHAR},
      </if>
      <if test="deleteTime != null">
        delete_time = #{deleteTime,jdbcType=TIMESTAMP},
      </if>
      <if test="remarks != null">
        remarks = #{remarks,jdbcType=VARCHAR},
      </if>
      <if test="attachment != null">
        attachment = #{attachment,jdbcType=VARCHAR},
      </if>
      <if test="bak1 != null">
        bak1 = #{bak1,jdbcType=VARCHAR},
      </if>
      <if test="bak2 != null">
        bak2 = #{bak2,jdbcType=VARCHAR},
      </if>
      <if test="bak3 != null">
        bak3 = #{bak3,jdbcType=VARCHAR},
      </if>
      <if test="bak4 != null">
        bak4 = #{bak4,jdbcType=VARCHAR},
      </if>
      <if test="ruleId != null">
        rule_id = #{ruleId,jdbcType=INTEGER},
      </if>
      <if test="customerId != null">
        customer_id = #{customerId,jdbcType=INTEGER},
      </if>
      <if test="wbUserId != null">
        wb_user_id = #{wbUserId,jdbcType=VARCHAR},
      </if>
      <if test="total != null">
        total = #{total,jdbcType=INTEGER},
      </if>
      <if test="detail != null">
        detail = #{detail,jdbcType=VARCHAR},
      </if>
    </set>
    where id = #{id,jdbcType=INTEGER} 
    cecook2017${tenantId}
  </update>
  <update id="updateByPrimaryKey" parameterType="cn.cecook.model.business.scan.ScanKeywordStatistics">
    update scan_keyword_statistics
    set uuid = #{uuid,jdbcType=VARCHAR},
      tenant_id = #{tenantId,jdbcType=VARCHAR},
      is_deleted = #{isDeleted,jdbcType=INTEGER},
      create_id = #{createId,jdbcType=BIGINT},
      create_time = #{createTime,jdbcType=TIMESTAMP},
      order_code = #{orderCode,jdbcType=VARCHAR},
      delete_time = #{deleteTime,jdbcType=TIMESTAMP},
      remarks = #{remarks,jdbcType=VARCHAR},
      attachment = #{attachment,jdbcType=VARCHAR},
      bak1 = #{bak1,jdbcType=VARCHAR},
      bak2 = #{bak2,jdbcType=VARCHAR},
      bak3 = #{bak3,jdbcType=VARCHAR},
      bak4 = #{bak4,jdbcType=VARCHAR},
      rule_id = #{ruleId,jdbcType=INTEGER},
      customer_id = #{customerId,jdbcType=INTEGER},
      wb_user_id = #{wbUserId,jdbcType=VARCHAR},
      total = #{total,jdbcType=INTEGER},
      detail = #{detail,jdbcType=VARCHAR}
    where id = #{id,jdbcType=INTEGER}
  </update>
  
  
  	<select id="getBy2Id" parameterType="cn.cecook.model.business.scan.ScanKeywordStatistics" resultMap="BaseResultMap">
  		select <include refid="Base_Column_List"></include> from scan_keyword_statistics where rule_id=#{ruleId} and customer_id=#{customerId} cecook2017${tenantId}
  	</select>
  	
  	<select id="getDayPeoChartList" parameterType="String" resultMap="BaseResultMap">
  	    <!--  原版备份
		select IFNULL(sum(a.total),0) total,a.rule_id,DATE_FORMAT(a.create_time,'%Y-%m-%d') create_time,b.name bak1 from scan_keyword_statistics a 
		LEFT JOIN scan_rule b ON a.rule_id = b.id 
		where 1=1 and 
		DATE_FORMAT(a.create_time,'%Y-%m-%d') BETWEEN  #{0} AND #{1} AND a.rule_id=#{2} AND a.is_deleted = 0 
		GROUP BY DATE_FORMAT(a.create_time,'%Y-%m-%d'),a.rule_id
		 -->
		SELECT a.id rule_id ,a.name bak1,IFNULL(b.total,0) total,b.create_time from 
   		(select id,name from scan_rule where id = #{2} AND is_deleted =0)  a
		LEFT JOIN
		(select IFNULL(sum(a.total),0) total,a.rule_id,DATE_FORMAT(a.create_time,'%Y-%m-%d') create_time from scan_keyword_statistics a 
		where 1=1 and 
		DATE_FORMAT(a.create_time,'%Y-%m-%d')  BETWEEN  #{0} AND #{1} AND a.rule_id=#{2} AND a.is_deleted = 0 
		GROUP BY DATE_FORMAT(a.create_time,'%Y-%m-%d'),a.rule_id) b 
		ON a.id = b.rule_id
	</select>
	
  	<select id="getClueChart" parameterType="String" resultMap="BaseResultMap">
		SELECT a.name bak1,a.id rule_id,IFNULL(b.total,0) total FROM
		(select id,name from scan_rule t1 where t1.is_deleted=0 and type=1 AND is_open = 1) a
		LEFT JOIN
		(SELECT IFNULL(sum(a.total), 0) total,a.rule_id,b.name as bak1 
		FROM scan_keyword_statistics a LEFT JOIN scan_rule b ON a.rule_id = b.id WHERE 1 = 1 and a.is_deleted = 0 and b.is_deleted = 0 GROUP BY a.rule_id) b
		ON a.id = b.rule_id 
		LIMIT 0,5
	</select>
</mapper>