<?xml version="1.0" encoding="UTF-8"?>
<!DOCTYPE mapper PUBLIC "-//mybatis.org//DTD Mapper 3.0//EN" "http://mybatis.org/dtd/mybatis-3-mapper.dtd">
<mapper namespace="cn.cecook.dao.business.scan.ScanRuleMapper">
  <resultMap id="BaseResultMap" type="cn.cecook.model.business.scan.ScanRule">
    <id column="id" jdbcType="INTEGER" property="id" />
    <result column="uuid" jdbcType="VARCHAR" property="uuid" />
    <result column="tenant_id" jdbcType="VARCHAR" property="tenantId" />
    <result column="is_deleted" jdbcType="INTEGER" property="isDeleted" />
    <result column="create_id" jdbcType="BIGINT" property="createId" />
    <result column="create_time" jdbcType="TIMESTAMP" property="createTime" />
    <result column="order_code" jdbcType="VARCHAR" property="orderCode" />
    <result column="delete_time" jdbcType="TIMESTAMP" property="deleteTime" />
    <result column="remarks" jdbcType="VARCHAR" property="remarks" />
    <result column="attachment" jdbcType="VARCHAR" property="attachment" />
    <result column="bak1" jdbcType="VARCHAR" property="bak1" />
    <result column="bak2" jdbcType="VARCHAR" property="bak2" />
    <result column="bak3" jdbcType="VARCHAR" property="bak3" />
    <result column="bak4" jdbcType="VARCHAR" property="bak4" />
    <result column="type" jdbcType="INTEGER" property="type" />
    <result column="is_open" jdbcType="INTEGER" property="isOpen" />
    <result column="is_opened" jdbcType="INTEGER" property="isOpened" />
    <result column="name" jdbcType="VARCHAR" property="name" />
    <result column="frequency" jdbcType="VARCHAR" property="frequency" />
    <result column="cronExpression" jdbcType="VARCHAR" property="cronexpression" />
    <result column="startTime" jdbcType="INTEGER" property="starttime" />
    <result column="keyword" jdbcType="VARCHAR" property="keyword" />
    <result column="hasv" jdbcType="INTEGER" property="hasv" />
    <result column="province" jdbcType="VARCHAR" property="province" />
    <result column="city" jdbcType="VARCHAR" property="city" />
    <result column="hasori" jdbcType="INTEGER" property="hasori" />
    <result column="hasret" jdbcType="INTEGER" property="hasret" />
    <result column="hastext" jdbcType="INTEGER" property="hastext" />
    <result column="haspic" jdbcType="INTEGER" property="haspic" />
    <result column="hasvideo" jdbcType="INTEGER" property="hasvideo" />
    <result column="hasmusic" jdbcType="INTEGER" property="hasmusic" />
    <result column="haslink" jdbcType="INTEGER" property="haslink" />
    <result column="hasat" jdbcType="INTEGER" property="hasat" />
    
    <!-- 额外字段，不予数据库对应 -->
    <result column="peopleCount" jdbcType="INTEGER" property="peopleCount" />
  </resultMap>
  <sql id="Example_Where_Clause">
    <where>
      <foreach collection="oredCriteria" item="criteria" separator="or">
        <if test="criteria.valid">
          <trim prefix="(" prefixOverrides="and" suffix=")">
            <foreach collection="criteria.criteria" item="criterion">
              <choose>
                <when test="criterion.noValue">
                  and ${criterion.condition}
                </when>
                <when test="criterion.singleValue">
                  and ${criterion.condition} #{criterion.value}
                </when>
                <when test="criterion.betweenValue">
                  and ${criterion.condition} #{criterion.value} and #{criterion.secondValue}
                </when>
                <when test="criterion.listValue">
                  and ${criterion.condition}
                  <foreach close=")" collection="criterion.value" item="listItem" open="(" separator=",">
                    #{listItem}
                  </foreach>
                </when>
              </choose>
            </foreach>
          </trim>
        </if>
      </foreach>
    </where>
  </sql>
  <sql id="Update_By_Example_Where_Clause">
    <where>
      <foreach collection="example.oredCriteria" item="criteria" separator="or">
        <if test="criteria.valid">
          <trim prefix="(" prefixOverrides="and" suffix=")">
            <foreach collection="criteria.criteria" item="criterion">
              <choose>
                <when test="criterion.noValue">
                  and ${criterion.condition}
                </when>
                <when test="criterion.singleValue">
                  and ${criterion.condition} #{criterion.value}
                </when>
                <when test="criterion.betweenValue">
                  and ${criterion.condition} #{criterion.value} and #{criterion.secondValue}
                </when>
                <when test="criterion.listValue">
                  and ${criterion.condition}
                  <foreach close=")" collection="criterion.value" item="listItem" open="(" separator=",">
                    #{listItem}
                  </foreach>
                </when>
              </choose>
            </foreach>
          </trim>
        </if>
      </foreach>
    </where>
  </sql>
  <sql id="Base_Column_List">
    id, uuid, tenant_id, is_deleted, create_id, create_time, order_code, delete_time, 
    remarks, attachment, bak1, bak2, bak3, bak4, type, is_open,is_opened, name, frequency, cronExpression, 
    startTime, keyword, hasv, province, city, hasori, hasret, hastext, haspic, hasvideo, 
    hasmusic, haslink, hasat
  </sql>
  <select id="selectByExample" parameterType="cn.cecook.model.business.scan.ScanRuleExample" resultMap="BaseResultMap">
    select
    <if test="distinct">
      distinct
    </if>
    <include refid="Base_Column_List" />
    from scan_rule
    <if test="_parameter != null">
      <include refid="Example_Where_Clause" />
    </if>
    <if test="orderByClause != null">
      order by ${orderByClause}
    </if>
  </select>
  <select id="selectByPrimaryKey" parameterType="java.lang.Integer" resultMap="BaseResultMap">
    select 
    <include refid="Base_Column_List" />
    from scan_rule
    where id = #{id,jdbcType=INTEGER}
  </select>
  <select id="selectByPrimaryKey2" parameterType="map" resultMap="BaseResultMap">
    select 
    <include refid="Base_Column_List" />
    from scan_rule
    where id = #{ruleId,jdbcType=INTEGER} cecook2017${tenantId}
  </select>
  
  <delete id="deleteByPrimaryKey" parameterType="java.lang.Integer">
    delete from scan_rule
    where id = #{id,jdbcType=INTEGER}
  </delete>
  <delete id="deleteByExample" parameterType="cn.cecook.model.business.scan.ScanRuleExample">
    delete from scan_rule
    <if test="_parameter != null">
      <include refid="Example_Where_Clause" />
    </if>
  </delete>
  <insert id="insert" parameterType="cn.cecook.model.business.scan.ScanRule">
    insert into scan_rule (id, uuid, tenant_id, 
      is_deleted, create_id, create_time, 
      order_code, delete_time, remarks, 
      attachment, bak1, bak2, 
      bak3, bak4, type, is_open, is_opened,
      name, frequency, cronExpression, 
      startTime, keyword, hasv, 
      province, city, hasori, 
      hasret, hastext, haspic, 
      hasvideo, hasmusic, haslink, 
      hasat)
    values (#{id,jdbcType=INTEGER}, #{uuid,jdbcType=VARCHAR}, #{tenantId,jdbcType=VARCHAR}, 
      #{isDeleted,jdbcType=INTEGER}, #{createId,jdbcType=BIGINT}, #{createTime,jdbcType=TIMESTAMP}, 
      #{orderCode,jdbcType=VARCHAR}, #{deleteTime,jdbcType=TIMESTAMP}, #{remarks,jdbcType=VARCHAR}, 
      #{attachment,jdbcType=VARCHAR}, #{bak1,jdbcType=VARCHAR}, #{bak2,jdbcType=VARCHAR}, 
      #{bak3,jdbcType=VARCHAR}, #{bak4,jdbcType=VARCHAR}, #{type,jdbcType=INTEGER}, #{isOpen,jdbcType=INTEGER}, #{isOpened,jdbcType=INTEGER},
      #{name,jdbcType=VARCHAR}, #{frequency,jdbcType=VARCHAR}, #{cronexpression,jdbcType=VARCHAR}, 
      #{starttime,jdbcType=INTEGER}, #{keyword,jdbcType=VARCHAR}, #{hasv,jdbcType=INTEGER}, 
      #{province,jdbcType=VARCHAR}, #{city,jdbcType=VARCHAR}, #{hasori,jdbcType=INTEGER}, 
      #{hasret,jdbcType=INTEGER}, #{hastext,jdbcType=INTEGER}, #{haspic,jdbcType=INTEGER}, 
      #{hasvideo,jdbcType=INTEGER}, #{hasmusic,jdbcType=INTEGER}, #{haslink,jdbcType=INTEGER}, 
      #{hasat,jdbcType=INTEGER})
  </insert>
  <insert id="insertSelective" parameterType="cn.cecook.model.business.scan.ScanRule">
    insert into scan_rule
    <trim prefix="(" suffix=")" suffixOverrides=",">
      <if test="id != null">
        id,
      </if>
      <if test="uuid != null">
        uuid,
      </if>
      <if test="tenantId != null">
        tenant_id,
      </if>
      <if test="isDeleted != null">
        is_deleted,
      </if>
      <if test="createId != null">
        create_id,
      </if>
      <if test="createTime != null">
        create_time,
      </if>
      <if test="orderCode != null">
        order_code,
      </if>
      <if test="deleteTime != null">
        delete_time,
      </if>
      <if test="remarks != null">
        remarks,
      </if>
      <if test="attachment != null">
        attachment,
      </if>
      <if test="bak1 != null">
        bak1,
      </if>
      <if test="bak2 != null">
        bak2,
      </if>
      <if test="bak3 != null">
        bak3,
      </if>
      <if test="bak4 != null">
        bak4,
      </if>
      <if test="type != null">
        type,
      </if>
      <if test="isOpen != null">
        is_open,
      </if>
      <if test="isOpened != null">
        is_opened,
      </if>
      <if test="name != null">
        name,
      </if>
      <if test="frequency != null">
        frequency,
      </if>
      <if test="cronexpression != null">
        cronExpression,
      </if>
      <if test="starttime != null">
        startTime,
      </if>
      <if test="keyword != null">
        keyword,
      </if>
      <if test="hasv != null">
        hasv,
      </if>
      <if test="province != null">
        province,
      </if>
      <if test="city != null">
        city,
      </if>
      <if test="hasori != null">
        hasori,
      </if>
      <if test="hasret != null">
        hasret,
      </if>
      <if test="hastext != null">
        hastext,
      </if>
      <if test="haspic != null">
        haspic,
      </if>
      <if test="hasvideo != null">
        hasvideo,
      </if>
      <if test="hasmusic != null">
        hasmusic,
      </if>
      <if test="haslink != null">
        haslink,
      </if>
      <if test="hasat != null">
        hasat,
      </if>
    </trim>
    <trim prefix="values (" suffix=")" suffixOverrides=",">
      <if test="id != null">
        #{id,jdbcType=INTEGER},
      </if>
      <if test="uuid != null">
        #{uuid,jdbcType=VARCHAR},
      </if>
      <if test="tenantId != null">
        #{tenantId,jdbcType=VARCHAR},
      </if>
      <if test="isDeleted != null">
        #{isDeleted,jdbcType=INTEGER},
      </if>
      <if test="createId != null">
        #{createId,jdbcType=BIGINT},
      </if>
      <if test="createTime != null">
        #{createTime,jdbcType=TIMESTAMP},
      </if>
      <if test="orderCode != null">
        #{orderCode,jdbcType=VARCHAR},
      </if>
      <if test="deleteTime != null">
        #{deleteTime,jdbcType=TIMESTAMP},
      </if>
      <if test="remarks != null">
        #{remarks,jdbcType=VARCHAR},
      </if>
      <if test="attachment != null">
        #{attachment,jdbcType=VARCHAR},
      </if>
      <if test="bak1 != null">
        #{bak1,jdbcType=VARCHAR},
      </if>
      <if test="bak2 != null">
        #{bak2,jdbcType=VARCHAR},
      </if>
      <if test="bak3 != null">
        #{bak3,jdbcType=VARCHAR},
      </if>
      <if test="bak4 != null">
        #{bak4,jdbcType=VARCHAR},
      </if>
      <if test="type != null">
        #{type,jdbcType=INTEGER},
      </if>
      <if test="isOpen != null">
        #{isOpen,jdbcType=INTEGER},
      </if>
      <if test="isOpened != null">
        #{isOpened,jdbcType=INTEGER},
      </if>
      <if test="name != null">
        #{name,jdbcType=VARCHAR},
      </if>
      <if test="frequency != null">
        #{frequency,jdbcType=VARCHAR},
      </if>
      <if test="cronexpression != null">
        #{cronexpression,jdbcType=VARCHAR},
      </if>
      <if test="starttime != null">
        #{starttime,jdbcType=INTEGER},
      </if>
      <if test="keyword != null">
        #{keyword,jdbcType=VARCHAR},
      </if>
      <if test="hasv != null">
        #{hasv,jdbcType=INTEGER},
      </if>
      <if test="province != null">
        #{province,jdbcType=VARCHAR},
      </if>
      <if test="city != null">
        #{city,jdbcType=VARCHAR},
      </if>
      <if test="hasori != null">
        #{hasori,jdbcType=INTEGER},
      </if>
      <if test="hasret != null">
        #{hasret,jdbcType=INTEGER},
      </if>
      <if test="hastext != null">
        #{hastext,jdbcType=INTEGER},
      </if>
      <if test="haspic != null">
        #{haspic,jdbcType=INTEGER},
      </if>
      <if test="hasvideo != null">
        #{hasvideo,jdbcType=INTEGER},
      </if>
      <if test="hasmusic != null">
        #{hasmusic,jdbcType=INTEGER},
      </if>
      <if test="haslink != null">
        #{haslink,jdbcType=INTEGER},
      </if>
      <if test="hasat != null">
        #{hasat,jdbcType=INTEGER},
      </if>
    </trim>
  </insert>
  <select id="countByExample" parameterType="cn.cecook.model.business.scan.ScanRuleExample" resultType="java.lang.Long">
    select count(*) from scan_rule
    <if test="_parameter != null">
      <include refid="Example_Where_Clause" />
    </if>
  </select>
  <update id="updateByExampleSelective" parameterType="map">
    update scan_rule
    <set>
      <if test="record.id != null">
        id = #{record.id,jdbcType=INTEGER},
      </if>
      <if test="record.uuid != null">
        uuid = #{record.uuid,jdbcType=VARCHAR},
      </if>
      <if test="record.tenantId != null">
        tenant_id = #{record.tenantId,jdbcType=VARCHAR},
      </if>
      <if test="record.isDeleted != null">
        is_deleted = #{record.isDeleted,jdbcType=INTEGER},
      </if>
      <if test="record.createId != null">
        create_id = #{record.createId,jdbcType=BIGINT},
      </if>
      <if test="record.createTime != null">
        create_time = #{record.createTime,jdbcType=TIMESTAMP},
      </if>
      <if test="record.orderCode != null">
        order_code = #{record.orderCode,jdbcType=VARCHAR},
      </if>
      <if test="record.deleteTime != null">
        delete_time = #{record.deleteTime,jdbcType=TIMESTAMP},
      </if>
      <if test="record.remarks != null">
        remarks = #{record.remarks,jdbcType=VARCHAR},
      </if>
      <if test="record.attachment != null">
        attachment = #{record.attachment,jdbcType=VARCHAR},
      </if>
      <if test="record.bak1 != null">
        bak1 = #{record.bak1,jdbcType=VARCHAR},
      </if>
      <if test="record.bak2 != null">
        bak2 = #{record.bak2,jdbcType=VARCHAR},
      </if>
      <if test="record.bak3 != null">
        bak3 = #{record.bak3,jdbcType=VARCHAR},
      </if>
      <if test="record.bak4 != null">
        bak4 = #{record.bak4,jdbcType=VARCHAR},
      </if>
      <if test="record.type != null">
        type = #{record.type,jdbcType=INTEGER},
      </if>
      <if test="record.isOpen != null">
        is_open = #{record.isOpen,jdbcType=INTEGER},
      </if>
      <if test="record.isOpened != null">
        is_opened = #{record.isOpened,jdbcType=INTEGER},
      </if>
      <if test="record.name != null">
        name = #{record.name,jdbcType=VARCHAR},
      </if>
      <if test="record.frequency != null">
        frequency = #{record.frequency,jdbcType=VARCHAR},
      </if>
      <if test="record.cronexpression != null">
        cronExpression = #{record.cronexpression,jdbcType=VARCHAR},
      </if>
      <if test="record.starttime != null">
        startTime = #{record.starttime,jdbcType=INTEGER},
      </if>
      <if test="record.keyword != null">
        keyword = #{record.keyword,jdbcType=VARCHAR},
      </if>
      <if test="record.hasv != null">
        hasv = #{record.hasv,jdbcType=INTEGER},
      </if>
      <if test="record.province != null">
        province = #{record.province,jdbcType=VARCHAR},
      </if>
      <if test="record.city != null">
        city = #{record.city,jdbcType=VARCHAR},
      </if>
      <if test="record.hasori != null">
        hasori = #{record.hasori,jdbcType=INTEGER},
      </if>
      <if test="record.hasret != null">
        hasret = #{record.hasret,jdbcType=INTEGER},
      </if>
      <if test="record.hastext != null">
        hastext = #{record.hastext,jdbcType=INTEGER},
      </if>
      <if test="record.haspic != null">
        haspic = #{record.haspic,jdbcType=INTEGER},
      </if>
      <if test="record.hasvideo != null">
        hasvideo = #{record.hasvideo,jdbcType=INTEGER},
      </if>
      <if test="record.hasmusic != null">
        hasmusic = #{record.hasmusic,jdbcType=INTEGER},
      </if>
      <if test="record.haslink != null">
        haslink = #{record.haslink,jdbcType=INTEGER},
      </if>
      <if test="record.hasat != null">
        hasat = #{record.hasat,jdbcType=INTEGER},
      </if>
    </set>
    <if test="_parameter != null">
      <include refid="Update_By_Example_Where_Clause" />
    </if>
  </update>
  <update id="updateByExample" parameterType="map">
    update scan_rule
    set id = #{record.id,jdbcType=INTEGER},
      uuid = #{record.uuid,jdbcType=VARCHAR},
      tenant_id = #{record.tenantId,jdbcType=VARCHAR},
      is_deleted = #{record.isDeleted,jdbcType=INTEGER},
      create_id = #{record.createId,jdbcType=BIGINT},
      create_time = #{record.createTime,jdbcType=TIMESTAMP},
      order_code = #{record.orderCode,jdbcType=VARCHAR},
      delete_time = #{record.deleteTime,jdbcType=TIMESTAMP},
      remarks = #{record.remarks,jdbcType=VARCHAR},
      attachment = #{record.attachment,jdbcType=VARCHAR},
      bak1 = #{record.bak1,jdbcType=VARCHAR},
      bak2 = #{record.bak2,jdbcType=VARCHAR},
      bak3 = #{record.bak3,jdbcType=VARCHAR},
      bak4 = #{record.bak4,jdbcType=VARCHAR},
      type = #{record.type,jdbcType=INTEGER},
      is_open = #{record.isOpen,jdbcType=INTEGER},
      is_opened = #{record.isOpened,jdbcType=INTEGER},
      name = #{record.name,jdbcType=VARCHAR},
      frequency = #{record.frequency,jdbcType=VARCHAR},
      cronExpression = #{record.cronexpression,jdbcType=VARCHAR},
      startTime = #{record.starttime,jdbcType=INTEGER},
      keyword = #{record.keyword,jdbcType=VARCHAR},
      hasv = #{record.hasv,jdbcType=INTEGER},
      province = #{record.province,jdbcType=VARCHAR},
      city = #{record.city,jdbcType=VARCHAR},
      hasori = #{record.hasori,jdbcType=INTEGER},
      hasret = #{record.hasret,jdbcType=INTEGER},
      hastext = #{record.hastext,jdbcType=INTEGER},
      haspic = #{record.haspic,jdbcType=INTEGER},
      hasvideo = #{record.hasvideo,jdbcType=INTEGER},
      hasmusic = #{record.hasmusic,jdbcType=INTEGER},
      haslink = #{record.haslink,jdbcType=INTEGER},
      hasat = #{record.hasat,jdbcType=INTEGER}
    <if test="_parameter != null">
      <include refid="Update_By_Example_Where_Clause" />
    </if>
  </update>
  <update id="updateByPrimaryKeySelective" parameterType="cn.cecook.model.business.scan.ScanRule">
    update scan_rule
    <set>
      <if test="uuid != null">
        uuid = #{uuid,jdbcType=VARCHAR},
      </if>
      <if test="tenantId != null">
        tenant_id = #{tenantId,jdbcType=VARCHAR},
      </if>
      <if test="isDeleted != null">
        is_deleted = #{isDeleted,jdbcType=INTEGER},
      </if>
      <if test="createId != null">
        create_id = #{createId,jdbcType=BIGINT},
      </if>
      <if test="createTime != null">
        create_time = #{createTime,jdbcType=TIMESTAMP},
      </if>
      <if test="orderCode != null">
        order_code = #{orderCode,jdbcType=VARCHAR},
      </if>
      <if test="deleteTime != null">
        delete_time = #{deleteTime,jdbcType=TIMESTAMP},
      </if>
      <if test="remarks != null">
        remarks = #{remarks,jdbcType=VARCHAR},
      </if>
      <if test="attachment != null">
        attachment = #{attachment,jdbcType=VARCHAR},
      </if>
      <if test="bak1 != null">
        bak1 = #{bak1,jdbcType=VARCHAR},
      </if>
      <if test="bak2 != null">
        bak2 = #{bak2,jdbcType=VARCHAR},
      </if>
      <if test="bak3 != null">
        bak3 = #{bak3,jdbcType=VARCHAR},
      </if>
      <if test="bak4 != null">
        bak4 = #{bak4,jdbcType=VARCHAR},
      </if>
      <if test="type != null">
        type = #{type,jdbcType=INTEGER},
      </if>
      <if test="isOpen != null">
        is_open = #{isOpen,jdbcType=INTEGER},
      </if>
      <if test="isOpened != null">
        is_opened = #{isOpened,jdbcType=INTEGER},
      </if>
      <if test="name != null">
        name = #{name,jdbcType=VARCHAR},
      </if>
      <if test="frequency != null">
        frequency = #{frequency,jdbcType=VARCHAR},
      </if>
      <if test="cronexpression != null">
        cronExpression = #{cronexpression,jdbcType=VARCHAR},
      </if>
      <if test="starttime != null">
        startTime = #{starttime,jdbcType=INTEGER},
      </if>
      <if test="keyword != null">
        keyword = #{keyword,jdbcType=VARCHAR},
      </if>
      <if test="hasv != null">
        hasv = #{hasv,jdbcType=INTEGER},
      </if>
      <if test="province != null">
        province = #{province,jdbcType=VARCHAR},
      </if>
      <if test="city != null">
        city = #{city,jdbcType=VARCHAR},
      </if>
      <if test="hasori != null">
        hasori = #{hasori,jdbcType=INTEGER},
      </if>
      <if test="hasret != null">
        hasret = #{hasret,jdbcType=INTEGER},
      </if>
      <if test="hastext != null">
        hastext = #{hastext,jdbcType=INTEGER},
      </if>
      <if test="haspic != null">
        haspic = #{haspic,jdbcType=INTEGER},
      </if>
      <if test="hasvideo != null">
        hasvideo = #{hasvideo,jdbcType=INTEGER},
      </if>
      <if test="hasmusic != null">
        hasmusic = #{hasmusic,jdbcType=INTEGER},
      </if>
      <if test="haslink != null">
        haslink = #{haslink,jdbcType=INTEGER},
      </if>
      <if test="hasat != null">
        hasat = #{hasat,jdbcType=INTEGER},
      </if>
    </set>
    where id = #{id,jdbcType=INTEGER}
  </update>
  <update id="updateByPrimaryKey" parameterType="cn.cecook.model.business.scan.ScanRule">
    update scan_rule
    set uuid = #{uuid,jdbcType=VARCHAR},
      tenant_id = #{tenantId,jdbcType=VARCHAR},
      is_deleted = #{isDeleted,jdbcType=INTEGER},
      create_id = #{createId,jdbcType=BIGINT},
      create_time = #{createTime,jdbcType=TIMESTAMP},
      order_code = #{orderCode,jdbcType=VARCHAR},
      delete_time = #{deleteTime,jdbcType=TIMESTAMP},
      remarks = #{remarks,jdbcType=VARCHAR},
      attachment = #{attachment,jdbcType=VARCHAR},
      bak1 = #{bak1,jdbcType=VARCHAR},
      bak2 = #{bak2,jdbcType=VARCHAR},
      bak3 = #{bak3,jdbcType=VARCHAR},
      bak4 = #{bak4,jdbcType=VARCHAR},
      type = #{type,jdbcType=INTEGER},
      is_open = #{isOpen,jdbcType=INTEGER},
      is_opened = #{isOpened,jdbcType=INTEGER},
      name = #{name,jdbcType=VARCHAR},
      frequency = #{frequency,jdbcType=VARCHAR},
      cronExpression = #{cronexpression,jdbcType=VARCHAR},
      startTime = #{starttime,jdbcType=INTEGER},
      keyword = #{keyword,jdbcType=VARCHAR},
      hasv = #{hasv,jdbcType=INTEGER},
      province = #{province,jdbcType=VARCHAR},
      city = #{city,jdbcType=VARCHAR},
      hasori = #{hasori,jdbcType=INTEGER},
      hasret = #{hasret,jdbcType=INTEGER},
      hastext = #{hastext,jdbcType=INTEGER},
      haspic = #{haspic,jdbcType=INTEGER},
      hasvideo = #{hasvideo,jdbcType=INTEGER},
      hasmusic = #{hasmusic,jdbcType=INTEGER},
      haslink = #{haslink,jdbcType=INTEGER},
      hasat = #{hasat,jdbcType=INTEGER}
    where id = #{id,jdbcType=INTEGER}
  </update>
  
  
	<select id="getAddress" parameterType="string" resultType="map">
		select code,name from address_code where parent_code=#{parent_code}
	</select>
	<select id="getRuleList"  parameterType="int" resultMap="BaseResultMap">
		select <include refid="Base_Column_List"></include>,
			(select count(1) from scan_customer a where LOCATE(t1.id,a.rule_ids)>0 and a.is_deleted=0) peopleCount,
			(select count(1) from scan_find_thing a where a.rule_id=t1.id and a.is_deleted=0) thingCount
		from scan_rule t1 where t1.is_deleted=0 and type=#{type}
	</select>
	
	<update id="deleteRule" parameterType="int">
		update scan_rule set is_deleted=1 where id = #{ruleId}
	</update>
	
	<select id="getTenantId" resultType="string">
		select tenant_id from sys_tenant_database where is_deleted=0
	</select>
	
	<select id="getRule" parameterType="string" resultMap="BaseResultMap">
		select <include refid="Base_Column_List"></include> from scan_rule t1 where t1.is_deleted=0 cecook2017${tenantId}
	</select>
	
	<select id="countByName" resultType="long">
		select count(1) from scan_rule where name = #{name} and is_deleted=0 and type = #{type} 
		<if test="ruleId != null">
			and id != #{ruleId}
		</if>
	</select>
</mapper>