<?xml version="1.0" encoding="UTF-8"?>
<!DOCTYPE mapper PUBLIC "-//mybatis.org//DTD Mapper 3.0//EN" "http://mybatis.org/dtd/mybatis-3-mapper.dtd">
<mapper namespace="cn.cecook.dao.business.scan.ScanFindThingMapper">
  <resultMap id="BaseResultMap" type="cn.cecook.model.business.scan.ScanFindThing">
    <id column="id" jdbcType="INTEGER" property="id" />
    <result column="uuid" jdbcType="VARCHAR" property="uuid" />
    <result column="tenant_id" jdbcType="VARCHAR" property="tenantId" />
    <result column="is_deleted" jdbcType="INTEGER" property="isDeleted" />
    <result column="create_id" jdbcType="BIGINT" property="createId" />
    <result column="create_time" jdbcType="TIMESTAMP" property="createTime" />
    <result column="order_code" jdbcType="VARCHAR" property="orderCode" />
    <result column="delete_time" jdbcType="TIMESTAMP" property="deleteTime" />
    <result column="remarks" jdbcType="VARCHAR" property="remarks" />
    <result column="attachment" jdbcType="VARCHAR" property="attachment" />
    <result column="bak1" jdbcType="VARCHAR" property="bak1" />
    <result column="bak2" jdbcType="VARCHAR" property="bak2" />
    <result column="bak3" jdbcType="VARCHAR" property="bak3" />
    <result column="bak4" jdbcType="VARCHAR" property="bak4" />
    <result column="rule_id" jdbcType="INTEGER" property="ruleId" />
    <result column="type" jdbcType="INTEGER" property="type" />
    <result column="status_created_at" jdbcType="TIMESTAMP" property="statusCreatedAt" />
    <result column="status_id" jdbcType="VARCHAR" property="statusId" />
    <result column="status_mid" jdbcType="VARCHAR" property="statusMid" />
    <result column="status_idstr" jdbcType="VARCHAR" property="statusIdstr" />
    <result column="status_text" jdbcType="VARCHAR" property="statusText" />
    <result column="status_source" jdbcType="VARCHAR" property="statusSource" />
    <result column="status_favorited" jdbcType="INTEGER" property="statusFavorited" />
    <result column="status_truncated" jdbcType="INTEGER" property="statusTruncated" />
    <result column="status_in_reply_to_status_id" jdbcType="VARCHAR" property="statusInReplyToStatusId" />
    <result column="status_in_reply_to_user_id" jdbcType="VARCHAR" property="statusInReplyToUserId" />
    <result column="status_in_reply_to_screen_name" jdbcType="VARCHAR" property="statusInReplyToScreenName" />
    <result column="status_thumbnail_pic" jdbcType="VARCHAR" property="statusThumbnailPic" />
    <result column="status_bmiddle_pic" jdbcType="VARCHAR" property="statusBmiddlePic" />
    <result column="status_original_pic" jdbcType="VARCHAR" property="statusOriginalPic" />
    <result column="status_reposts_count" jdbcType="INTEGER" property="statusRepostsCount" />
    <result column="status_comments_count" jdbcType="INTEGER" property="statusCommentsCount" />
    <result column="status_attitudes_count" jdbcType="INTEGER" property="statusAttitudesCount" />
    <result column="status_mlevel" jdbcType="INTEGER" property="statusMlevel" />
    <result column="status_visible" jdbcType="VARCHAR" property="statusVisible" />
    <result column="status_pic_ids" jdbcType="VARCHAR" property="statusPicIds" />
    <result column="status_ad" jdbcType="VARCHAR" property="statusAd" />
    <result column="geo_longitude" jdbcType="VARCHAR" property="geoLongitude" />
    <result column="geo_latitude" jdbcType="VARCHAR" property="geoLatitude" />
    <result column="geo_city" jdbcType="VARCHAR" property="geoCity" />
    <result column="geo_province" jdbcType="VARCHAR" property="geoProvince" />
    <result column="geo_city_name" jdbcType="VARCHAR" property="geoCityName" />
    <result column="geo_province_name" jdbcType="VARCHAR" property="geoProvinceName" />
    <result column="geo_address" jdbcType="VARCHAR" property="geoAddress" />
    <result column="geo_pinyin" jdbcType="VARCHAR" property="geoPinyin" />
    <result column="geo_more" jdbcType="VARCHAR" property="geoMore" />
    <result column="user_id" jdbcType="VARCHAR" property="userId" />
    <result column="user_idstr" jdbcType="VARCHAR" property="userIdstr" />
    <result column="user_screen_name" jdbcType="VARCHAR" property="userScreenName" />
    <result column="user_name" jdbcType="VARCHAR" property="userName" />
    <result column="user_province" jdbcType="INTEGER" property="userProvince" />
    <result column="user_city" jdbcType="INTEGER" property="userCity" />
    <result column="user_location" jdbcType="VARCHAR" property="userLocation" />
    <result column="user_description" jdbcType="VARCHAR" property="userDescription" />
    <result column="user_url" jdbcType="VARCHAR" property="userUrl" />
    <result column="user_profile_image_url" jdbcType="VARCHAR" property="userProfileImageUrl" />
    <result column="user_profile_url" jdbcType="VARCHAR" property="userProfileUrl" />
    <result column="user_domain" jdbcType="VARCHAR" property="userDomain" />
    <result column="user_weihao" jdbcType="VARCHAR" property="userWeihao" />
    <result column="user_gender" jdbcType="VARCHAR" property="userGender" />
    <result column="user_followers_count" jdbcType="INTEGER" property="userFollowersCount" />
    <result column="user_friends_count" jdbcType="INTEGER" property="userFriendsCount" />
    <result column="user_statuses_count" jdbcType="INTEGER" property="userStatusesCount" />
    <result column="user_favourites_count" jdbcType="INTEGER" property="userFavouritesCount" />
    <result column="user_created_at" jdbcType="TIMESTAMP" property="userCreatedAt" />
    <result column="user_following" jdbcType="INTEGER" property="userFollowing" />
    <result column="user_allow_all_act_msg" jdbcType="INTEGER" property="userAllowAllActMsg" />
    <result column="user_geo_enabled" jdbcType="INTEGER" property="userGeoEnabled" />
    <result column="user_verified" jdbcType="INTEGER" property="userVerified" />
    <result column="user_verified_type" jdbcType="INTEGER" property="userVerifiedType" />
    <result column="user_remark" jdbcType="VARCHAR" property="userRemark" />
    <result column="user_allow_all_comment" jdbcType="INTEGER" property="userAllowAllComment" />
    <result column="user_avatar_large" jdbcType="VARCHAR" property="userAvatarLarge" />
    <result column="user_avatar_hd" jdbcType="VARCHAR" property="userAvatarHd" />
    <result column="user_verified_reason" jdbcType="VARCHAR" property="userVerifiedReason" />
    <result column="user_follow_me" jdbcType="INTEGER" property="userFollowMe" />
    <result column="user_online_status" jdbcType="INTEGER" property="userOnlineStatus" />
    <result column="user_bi_followers_count" jdbcType="INTEGER" property="userBiFollowersCount" />
    <result column="user_lang" jdbcType="VARCHAR" property="userLang" />
    <result column="status_retweeted_status_type" jdbcType="INTEGER" property="statusRetweetedStatusType" />
  </resultMap>
  <sql id="Example_Where_Clause">
    <where>
      <foreach collection="oredCriteria" item="criteria" separator="or">
        <if test="criteria.valid">
          <trim prefix="(" prefixOverrides="and" suffix=")">
            <foreach collection="criteria.criteria" item="criterion">
              <choose>
                <when test="criterion.noValue">
                  and ${criterion.condition}
                </when>
                <when test="criterion.singleValue">
                  and ${criterion.condition} #{criterion.value}
                </when>
                <when test="criterion.betweenValue">
                  and ${criterion.condition} #{criterion.value} and #{criterion.secondValue}
                </when>
                <when test="criterion.listValue">
                  and ${criterion.condition}
                  <foreach close=")" collection="criterion.value" item="listItem" open="(" separator=",">
                    #{listItem}
                  </foreach>
                </when>
              </choose>
            </foreach>
          </trim>
        </if>
      </foreach>
    </where>
  </sql>
  <sql id="Update_By_Example_Where_Clause">
    <where>
      <foreach collection="example.oredCriteria" item="criteria" separator="or">
        <if test="criteria.valid">
          <trim prefix="(" prefixOverrides="and" suffix=")">
            <foreach collection="criteria.criteria" item="criterion">
              <choose>
                <when test="criterion.noValue">
                  and ${criterion.condition}
                </when>
                <when test="criterion.singleValue">
                  and ${criterion.condition} #{criterion.value}
                </when>
                <when test="criterion.betweenValue">
                  and ${criterion.condition} #{criterion.value} and #{criterion.secondValue}
                </when>
                <when test="criterion.listValue">
                  and ${criterion.condition}
                  <foreach close=")" collection="criterion.value" item="listItem" open="(" separator=",">
                    #{listItem}
                  </foreach>
                </when>
              </choose>
            </foreach>
          </trim>
        </if>
      </foreach>
    </where>
  </sql>
  <sql id="Base_Column_List">
    id, uuid, tenant_id, is_deleted, create_id, create_time, order_code, delete_time, 
    remarks, attachment, bak1, bak2, bak3, bak4, rule_id, type, status_created_at, status_id, 
    status_mid, status_idstr, status_text, status_source, status_favorited, status_truncated, 
    status_in_reply_to_status_id, status_in_reply_to_user_id, status_in_reply_to_screen_name, 
    status_thumbnail_pic, status_bmiddle_pic, status_original_pic, status_reposts_count, 
    status_comments_count, status_attitudes_count, status_mlevel, status_visible, status_pic_ids, 
    status_ad, geo_longitude, geo_latitude, geo_city, geo_province, geo_city_name, geo_province_name, 
    geo_address, geo_pinyin, geo_more, user_id, user_idstr, user_screen_name, user_name, 
    user_province, user_city, user_location, user_description, user_url, user_profile_image_url, 
    user_profile_url, user_domain, user_weihao, user_gender, user_followers_count, user_friends_count, 
    user_statuses_count, user_favourites_count, user_created_at, user_following, user_allow_all_act_msg, 
    user_geo_enabled, user_verified, user_verified_type, user_remark, user_allow_all_comment, 
    user_avatar_large, user_avatar_hd, user_verified_reason, user_follow_me, user_online_status, 
    user_bi_followers_count, user_lang,status_retweeted_status_type
  </sql>
  <select id="selectByExample" parameterType="cn.cecook.model.business.scan.ScanFindThingExample" resultMap="BaseResultMap">
    select
    <if test="distinct">
      distinct
    </if>
    <include refid="Base_Column_List" />
    from scan_find_thing
    <if test="_parameter != null">
      <include refid="Example_Where_Clause" />
    </if>
    <if test="orderByClause != null">
      order by ${orderByClause}
    </if>
  </select>
  <select id="selectByPrimaryKey" parameterType="java.lang.Integer" resultMap="BaseResultMap">
    select 
    <include refid="Base_Column_List" />
    from scan_find_thing
    where id = #{id,jdbcType=INTEGER}
  </select>
  <delete id="deleteByPrimaryKey" parameterType="java.lang.Integer">
    delete from scan_find_thing
    where id = #{id,jdbcType=INTEGER}
  </delete>
  <delete id="deleteByExample" parameterType="cn.cecook.model.business.scan.ScanFindThingExample">
    delete from scan_find_thing
    <if test="_parameter != null">
      <include refid="Example_Where_Clause" />
    </if>
  </delete>
  <insert id="insert" parameterType="cn.cecook.model.business.scan.ScanFindThing">
    insert into scan_find_thing (id, uuid, tenant_id, 
      is_deleted, create_id, create_time, 
      order_code, delete_time, remarks, 
      attachment, bak1, bak2, 
      bak3, bak4, rule_id, 
      type, status_created_at, status_id, 
      status_mid, status_idstr, status_text, 
      status_source, status_favorited, status_truncated, 
      status_in_reply_to_status_id, status_in_reply_to_user_id, 
      status_in_reply_to_screen_name, status_thumbnail_pic, 
      status_bmiddle_pic, status_original_pic, status_reposts_count, 
      status_comments_count, status_attitudes_count, 
      status_mlevel, status_visible, status_pic_ids, 
      status_ad, geo_longitude, geo_latitude, 
      geo_city, geo_province, geo_city_name, 
      geo_province_name, geo_address, geo_pinyin, 
      geo_more, user_id, user_idstr, 
      user_screen_name, user_name, user_province, 
      user_city, user_location, user_description, 
      user_url, user_profile_image_url, user_profile_url, 
      user_domain, user_weihao, user_gender, 
      user_followers_count, user_friends_count, user_statuses_count, 
      user_favourites_count, user_created_at, user_following, 
      user_allow_all_act_msg, user_geo_enabled, user_verified, 
      user_verified_type, user_remark, user_allow_all_comment, 
      user_avatar_large, user_avatar_hd, user_verified_reason, 
      user_follow_me, user_online_status, user_bi_followers_count, 
      user_lang,status_retweeted_status_type)
    values (#{id,jdbcType=INTEGER}, #{uuid,jdbcType=VARCHAR}, #{tenantId,jdbcType=VARCHAR}, 
      #{isDeleted,jdbcType=INTEGER}, #{createId,jdbcType=BIGINT}, #{createTime,jdbcType=TIMESTAMP}, 
      #{orderCode,jdbcType=VARCHAR}, #{deleteTime,jdbcType=TIMESTAMP}, #{remarks,jdbcType=VARCHAR}, 
      #{attachment,jdbcType=VARCHAR}, #{bak1,jdbcType=VARCHAR}, #{bak2,jdbcType=VARCHAR}, 
      #{bak3,jdbcType=VARCHAR}, #{bak4,jdbcType=VARCHAR}, #{ruleId,jdbcType=INTEGER}, 
      #{type,jdbcType=INTEGER}, #{statusCreatedAt,jdbcType=TIMESTAMP}, #{statusId,jdbcType=VARCHAR}, 
      #{statusMid,jdbcType=VARCHAR}, #{statusIdstr,jdbcType=VARCHAR}, #{statusText,jdbcType=VARCHAR}, 
      #{statusSource,jdbcType=VARCHAR}, #{statusFavorited,jdbcType=INTEGER}, #{statusTruncated,jdbcType=INTEGER}, 
      #{statusInReplyToStatusId,jdbcType=VARCHAR}, #{statusInReplyToUserId,jdbcType=VARCHAR}, 
      #{statusInReplyToScreenName,jdbcType=VARCHAR}, #{statusThumbnailPic,jdbcType=VARCHAR}, 
      #{statusBmiddlePic,jdbcType=VARCHAR}, #{statusOriginalPic,jdbcType=VARCHAR}, #{statusRepostsCount,jdbcType=INTEGER}, 
      #{statusCommentsCount,jdbcType=INTEGER}, #{statusAttitudesCount,jdbcType=INTEGER}, 
      #{statusMlevel,jdbcType=INTEGER}, #{statusVisible,jdbcType=VARCHAR}, #{statusPicIds,jdbcType=VARCHAR}, 
      #{statusAd,jdbcType=VARCHAR}, #{geoLongitude,jdbcType=VARCHAR}, #{geoLatitude,jdbcType=VARCHAR}, 
      #{geoCity,jdbcType=VARCHAR}, #{geoProvince,jdbcType=VARCHAR}, #{geoCityName,jdbcType=VARCHAR}, 
      #{geoProvinceName,jdbcType=VARCHAR}, #{geoAddress,jdbcType=VARCHAR}, #{geoPinyin,jdbcType=VARCHAR}, 
      #{geoMore,jdbcType=VARCHAR}, #{userId,jdbcType=VARCHAR}, #{userIdstr,jdbcType=VARCHAR}, 
      #{userScreenName,jdbcType=VARCHAR}, #{userName,jdbcType=VARCHAR}, #{userProvince,jdbcType=INTEGER}, 
      #{userCity,jdbcType=INTEGER}, #{userLocation,jdbcType=VARCHAR}, #{userDescription,jdbcType=VARCHAR}, 
      #{userUrl,jdbcType=VARCHAR}, #{userProfileImageUrl,jdbcType=VARCHAR}, #{userProfileUrl,jdbcType=VARCHAR}, 
      #{userDomain,jdbcType=VARCHAR}, #{userWeihao,jdbcType=VARCHAR}, #{userGender,jdbcType=VARCHAR}, 
      #{userFollowersCount,jdbcType=INTEGER}, #{userFriendsCount,jdbcType=INTEGER}, #{userStatusesCount,jdbcType=INTEGER}, 
      #{userFavouritesCount,jdbcType=INTEGER}, #{userCreatedAt,jdbcType=TIMESTAMP}, #{userFollowing,jdbcType=INTEGER}, 
      #{userAllowAllActMsg,jdbcType=INTEGER}, #{userGeoEnabled,jdbcType=INTEGER}, #{userVerified,jdbcType=INTEGER}, 
      #{userVerifiedType,jdbcType=INTEGER}, #{userRemark,jdbcType=VARCHAR}, #{userAllowAllComment,jdbcType=INTEGER}, 
      #{userAvatarLarge,jdbcType=VARCHAR}, #{userAvatarHd,jdbcType=VARCHAR}, #{userVerifiedReason,jdbcType=VARCHAR}, 
      #{userFollowMe,jdbcType=INTEGER}, #{userOnlineStatus,jdbcType=INTEGER}, #{userBiFollowersCount,jdbcType=INTEGER}, 
      #{userLang,jdbcType=VARCHAR},#{statusRetweetedStatusType,jdbcType=INTEGER})
  </insert>
  <insert id="insertSelective" parameterType="cn.cecook.model.business.scan.ScanFindThing">
    insert into scan_find_thing
    <trim prefix="(" suffix=")" suffixOverrides=",">
      <if test="id != null">
        id,
      </if>
      <if test="uuid != null">
        uuid,
      </if>
      <if test="tenantId != null">
        tenant_id,
      </if>
      <if test="isDeleted != null">
        is_deleted,
      </if>
      <if test="createId != null">
        create_id,
      </if>
      <if test="createTime != null">
        create_time,
      </if>
      <if test="orderCode != null">
        order_code,
      </if>
      <if test="deleteTime != null">
        delete_time,
      </if>
      <if test="remarks != null">
        remarks,
      </if>
      <if test="attachment != null">
        attachment,
      </if>
      <if test="bak1 != null">
        bak1,
      </if>
      <if test="bak2 != null">
        bak2,
      </if>
      <if test="bak3 != null">
        bak3,
      </if>
      <if test="bak4 != null">
        bak4,
      </if>
      <if test="ruleId != null">
        rule_id,
      </if>
      <if test="type != null">
        type,
      </if>
      <if test="statusCreatedAt != null">
        status_created_at,
      </if>
      <if test="statusId != null">
        status_id,
      </if>
      <if test="statusMid != null">
        status_mid,
      </if>
      <if test="statusIdstr != null">
        status_idstr,
      </if>
      <if test="statusText != null">
        status_text,
      </if>
      <if test="statusSource != null">
        status_source,
      </if>
      <if test="statusFavorited != null">
        status_favorited,
      </if>
      <if test="statusTruncated != null">
        status_truncated,
      </if>
      <if test="statusInReplyToStatusId != null">
        status_in_reply_to_status_id,
      </if>
      <if test="statusInReplyToUserId != null">
        status_in_reply_to_user_id,
      </if>
      <if test="statusInReplyToScreenName != null">
        status_in_reply_to_screen_name,
      </if>
      <if test="statusThumbnailPic != null">
        status_thumbnail_pic,
      </if>
      <if test="statusBmiddlePic != null">
        status_bmiddle_pic,
      </if>
      <if test="statusOriginalPic != null">
        status_original_pic,
      </if>
      <if test="statusRepostsCount != null">
        status_reposts_count,
      </if>
      <if test="statusCommentsCount != null">
        status_comments_count,
      </if>
      <if test="statusAttitudesCount != null">
        status_attitudes_count,
      </if>
      <if test="statusMlevel != null">
        status_mlevel,
      </if>
      <if test="statusVisible != null">
        status_visible,
      </if>
      <if test="statusPicIds != null">
        status_pic_ids,
      </if>
      <if test="statusAd != null">
        status_ad,
      </if>
      <if test="geoLongitude != null">
        geo_longitude,
      </if>
      <if test="geoLatitude != null">
        geo_latitude,
      </if>
      <if test="geoCity != null">
        geo_city,
      </if>
      <if test="geoProvince != null">
        geo_province,
      </if>
      <if test="geoCityName != null">
        geo_city_name,
      </if>
      <if test="geoProvinceName != null">
        geo_province_name,
      </if>
      <if test="geoAddress != null">
        geo_address,
      </if>
      <if test="geoPinyin != null">
        geo_pinyin,
      </if>
      <if test="geoMore != null">
        geo_more,
      </if>
      <if test="userId != null">
        user_id,
      </if>
      <if test="userIdstr != null">
        user_idstr,
      </if>
      <if test="userScreenName != null">
        user_screen_name,
      </if>
      <if test="userName != null">
        user_name,
      </if>
      <if test="userProvince != null">
        user_province,
      </if>
      <if test="userCity != null">
        user_city,
      </if>
      <if test="userLocation != null">
        user_location,
      </if>
      <if test="userDescription != null">
        user_description,
      </if>
      <if test="userUrl != null">
        user_url,
      </if>
      <if test="userProfileImageUrl != null">
        user_profile_image_url,
      </if>
      <if test="userProfileUrl != null">
        user_profile_url,
      </if>
      <if test="userDomain != null">
        user_domain,
      </if>
      <if test="userWeihao != null">
        user_weihao,
      </if>
      <if test="userGender != null">
        user_gender,
      </if>
      <if test="userFollowersCount != null">
        user_followers_count,
      </if>
      <if test="userFriendsCount != null">
        user_friends_count,
      </if>
      <if test="userStatusesCount != null">
        user_statuses_count,
      </if>
      <if test="userFavouritesCount != null">
        user_favourites_count,
      </if>
      <if test="userCreatedAt != null">
        user_created_at,
      </if>
      <if test="userFollowing != null">
        user_following,
      </if>
      <if test="userAllowAllActMsg != null">
        user_allow_all_act_msg,
      </if>
      <if test="userGeoEnabled != null">
        user_geo_enabled,
      </if>
      <if test="userVerified != null">
        user_verified,
      </if>
      <if test="userVerifiedType != null">
        user_verified_type,
      </if>
      <if test="userRemark != null">
        user_remark,
      </if>
      <if test="userAllowAllComment != null">
        user_allow_all_comment,
      </if>
      <if test="userAvatarLarge != null">
        user_avatar_large,
      </if>
      <if test="userAvatarHd != null">
        user_avatar_hd,
      </if>
      <if test="userVerifiedReason != null">
        user_verified_reason,
      </if>
      <if test="userFollowMe != null">
        user_follow_me,
      </if>
      <if test="userOnlineStatus != null">
        user_online_status,
      </if>
      <if test="userBiFollowersCount != null">
        user_bi_followers_count,
      </if>
      <if test="userLang != null">
        user_lang,
      </if>
      <if test="statusRetweetedStatusType != null">
        status_retweeted_status_type,
      </if>
    </trim>
    <trim prefix="values (" suffix=")" suffixOverrides=",">
      <if test="id != null">
        #{id,jdbcType=INTEGER},
      </if>
      <if test="uuid != null">
        #{uuid,jdbcType=VARCHAR},
      </if>
      <if test="tenantId != null">
        #{tenantId,jdbcType=VARCHAR},
      </if>
      <if test="isDeleted != null">
        #{isDeleted,jdbcType=INTEGER},
      </if>
      <if test="createId != null">
        #{createId,jdbcType=BIGINT},
      </if>
      <if test="createTime != null">
        #{createTime,jdbcType=TIMESTAMP},
      </if>
      <if test="orderCode != null">
        #{orderCode,jdbcType=VARCHAR},
      </if>
      <if test="deleteTime != null">
        #{deleteTime,jdbcType=TIMESTAMP},
      </if>
      <if test="remarks != null">
        #{remarks,jdbcType=VARCHAR},
      </if>
      <if test="attachment != null">
        #{attachment,jdbcType=VARCHAR},
      </if>
      <if test="bak1 != null">
        #{bak1,jdbcType=VARCHAR},
      </if>
      <if test="bak2 != null">
        #{bak2,jdbcType=VARCHAR},
      </if>
      <if test="bak3 != null">
        #{bak3,jdbcType=VARCHAR},
      </if>
      <if test="bak4 != null">
        #{bak4,jdbcType=VARCHAR},
      </if>
      <if test="ruleId != null">
        #{ruleId,jdbcType=INTEGER},
      </if>
      <if test="type != null">
        #{type,jdbcType=INTEGER},
      </if>
      <if test="statusCreatedAt != null">
        #{statusCreatedAt,jdbcType=TIMESTAMP},
      </if>
      <if test="statusId != null">
        #{statusId,jdbcType=VARCHAR},
      </if>
      <if test="statusMid != null">
        #{statusMid,jdbcType=VARCHAR},
      </if>
      <if test="statusIdstr != null">
        #{statusIdstr,jdbcType=VARCHAR},
      </if>
      <if test="statusText != null">
        #{statusText,jdbcType=VARCHAR},
      </if>
      <if test="statusSource != null">
        #{statusSource,jdbcType=VARCHAR},
      </if>
      <if test="statusFavorited != null">
        #{statusFavorited,jdbcType=INTEGER},
      </if>
      <if test="statusTruncated != null">
        #{statusTruncated,jdbcType=INTEGER},
      </if>
      <if test="statusInReplyToStatusId != null">
        #{statusInReplyToStatusId,jdbcType=VARCHAR},
      </if>
      <if test="statusInReplyToUserId != null">
        #{statusInReplyToUserId,jdbcType=VARCHAR},
      </if>
      <if test="statusInReplyToScreenName != null">
        #{statusInReplyToScreenName,jdbcType=VARCHAR},
      </if>
      <if test="statusThumbnailPic != null">
        #{statusThumbnailPic,jdbcType=VARCHAR},
      </if>
      <if test="statusBmiddlePic != null">
        #{statusBmiddlePic,jdbcType=VARCHAR},
      </if>
      <if test="statusOriginalPic != null">
        #{statusOriginalPic,jdbcType=VARCHAR},
      </if>
      <if test="statusRepostsCount != null">
        #{statusRepostsCount,jdbcType=INTEGER},
      </if>
      <if test="statusCommentsCount != null">
        #{statusCommentsCount,jdbcType=INTEGER},
      </if>
      <if test="statusAttitudesCount != null">
        #{statusAttitudesCount,jdbcType=INTEGER},
      </if>
      <if test="statusMlevel != null">
        #{statusMlevel,jdbcType=INTEGER},
      </if>
      <if test="statusVisible != null">
        #{statusVisible,jdbcType=VARCHAR},
      </if>
      <if test="statusPicIds != null">
        #{statusPicIds,jdbcType=VARCHAR},
      </if>
      <if test="statusAd != null">
        #{statusAd,jdbcType=VARCHAR},
      </if>
      <if test="geoLongitude != null">
        #{geoLongitude,jdbcType=VARCHAR},
      </if>
      <if test="geoLatitude != null">
        #{geoLatitude,jdbcType=VARCHAR},
      </if>
      <if test="geoCity != null">
        #{geoCity,jdbcType=VARCHAR},
      </if>
      <if test="geoProvince != null">
        #{geoProvince,jdbcType=VARCHAR},
      </if>
      <if test="geoCityName != null">
        #{geoCityName,jdbcType=VARCHAR},
      </if>
      <if test="geoProvinceName != null">
        #{geoProvinceName,jdbcType=VARCHAR},
      </if>
      <if test="geoAddress != null">
        #{geoAddress,jdbcType=VARCHAR},
      </if>
      <if test="geoPinyin != null">
        #{geoPinyin,jdbcType=VARCHAR},
      </if>
      <if test="geoMore != null">
        #{geoMore,jdbcType=VARCHAR},
      </if>
      <if test="userId != null">
        #{userId,jdbcType=VARCHAR},
      </if>
      <if test="userIdstr != null">
        #{userIdstr,jdbcType=VARCHAR},
      </if>
      <if test="userScreenName != null">
        #{userScreenName,jdbcType=VARCHAR},
      </if>
      <if test="userName != null">
        #{userName,jdbcType=VARCHAR},
      </if>
      <if test="userProvince != null">
        #{userProvince,jdbcType=INTEGER},
      </if>
      <if test="userCity != null">
        #{userCity,jdbcType=INTEGER},
      </if>
      <if test="userLocation != null">
        #{userLocation,jdbcType=VARCHAR},
      </if>
      <if test="userDescription != null">
        #{userDescription,jdbcType=VARCHAR},
      </if>
      <if test="userUrl != null">
        #{userUrl,jdbcType=VARCHAR},
      </if>
      <if test="userProfileImageUrl != null">
        #{userProfileImageUrl,jdbcType=VARCHAR},
      </if>
      <if test="userProfileUrl != null">
        #{userProfileUrl,jdbcType=VARCHAR},
      </if>
      <if test="userDomain != null">
        #{userDomain,jdbcType=VARCHAR},
      </if>
      <if test="userWeihao != null">
        #{userWeihao,jdbcType=VARCHAR},
      </if>
      <if test="userGender != null">
        #{userGender,jdbcType=VARCHAR},
      </if>
      <if test="userFollowersCount != null">
        #{userFollowersCount,jdbcType=INTEGER},
      </if>
      <if test="userFriendsCount != null">
        #{userFriendsCount,jdbcType=INTEGER},
      </if>
      <if test="userStatusesCount != null">
        #{userStatusesCount,jdbcType=INTEGER},
      </if>
      <if test="userFavouritesCount != null">
        #{userFavouritesCount,jdbcType=INTEGER},
      </if>
      <if test="userCreatedAt != null">
        #{userCreatedAt,jdbcType=TIMESTAMP},
      </if>
      <if test="userFollowing != null">
        #{userFollowing,jdbcType=INTEGER},
      </if>
      <if test="userAllowAllActMsg != null">
        #{userAllowAllActMsg,jdbcType=INTEGER},
      </if>
      <if test="userGeoEnabled != null">
        #{userGeoEnabled,jdbcType=INTEGER},
      </if>
      <if test="userVerified != null">
        #{userVerified,jdbcType=INTEGER},
      </if>
      <if test="userVerifiedType != null">
        #{userVerifiedType,jdbcType=INTEGER},
      </if>
      <if test="userRemark != null">
        #{userRemark,jdbcType=VARCHAR},
      </if>
      <if test="userAllowAllComment != null">
        #{userAllowAllComment,jdbcType=INTEGER},
      </if>
      <if test="userAvatarLarge != null">
        #{userAvatarLarge,jdbcType=VARCHAR},
      </if>
      <if test="userAvatarHd != null">
        #{userAvatarHd,jdbcType=VARCHAR},
      </if>
      <if test="userVerifiedReason != null">
        #{userVerifiedReason,jdbcType=VARCHAR},
      </if>
      <if test="userFollowMe != null">
        #{userFollowMe,jdbcType=INTEGER},
      </if>
      <if test="userOnlineStatus != null">
        #{userOnlineStatus,jdbcType=INTEGER},
      </if>
      <if test="userBiFollowersCount != null">
        #{userBiFollowersCount,jdbcType=INTEGER},
      </if>
      <if test="userLang != null">
        #{userLang,jdbcType=VARCHAR},
      </if>
      <if test="statusRetweetedStatusType != null">
        #{statusRetweetedStatusType,jdbcType=INTEGER},
      </if>
    </trim>
    cecook2017${tenantId}
  </insert>
  <select id="countByExample" parameterType="cn.cecook.model.business.scan.ScanFindThingExample" resultType="java.lang.Long">
    select count(*) from scan_find_thing
    <if test="_parameter != null">
      <include refid="Example_Where_Clause" />
    </if>
  </select>
  <update id="updateByExampleSelective" parameterType="map">
    update scan_find_thing
    <set>
      <if test="record.id != null">
        id = #{record.id,jdbcType=INTEGER},
      </if>
      <if test="record.uuid != null">
        uuid = #{record.uuid,jdbcType=VARCHAR},
      </if>
      <if test="record.tenantId != null">
        tenant_id = #{record.tenantId,jdbcType=VARCHAR},
      </if>
      <if test="record.isDeleted != null">
        is_deleted = #{record.isDeleted,jdbcType=INTEGER},
      </if>
      <if test="record.createId != null">
        create_id = #{record.createId,jdbcType=BIGINT},
      </if>
      <if test="record.createTime != null">
        create_time = #{record.createTime,jdbcType=TIMESTAMP},
      </if>
      <if test="record.orderCode != null">
        order_code = #{record.orderCode,jdbcType=VARCHAR},
      </if>
      <if test="record.deleteTime != null">
        delete_time = #{record.deleteTime,jdbcType=TIMESTAMP},
      </if>
      <if test="record.remarks != null">
        remarks = #{record.remarks,jdbcType=VARCHAR},
      </if>
      <if test="record.attachment != null">
        attachment = #{record.attachment,jdbcType=VARCHAR},
      </if>
      <if test="record.bak1 != null">
        bak1 = #{record.bak1,jdbcType=VARCHAR},
      </if>
      <if test="record.bak2 != null">
        bak2 = #{record.bak2,jdbcType=VARCHAR},
      </if>
      <if test="record.bak3 != null">
        bak3 = #{record.bak3,jdbcType=VARCHAR},
      </if>
      <if test="record.bak4 != null">
        bak4 = #{record.bak4,jdbcType=VARCHAR},
      </if>
      <if test="record.ruleId != null">
        rule_id = #{record.ruleId,jdbcType=INTEGER},
      </if>
      <if test="record.type != null">
        type = #{record.type,jdbcType=INTEGER},
      </if>
      <if test="record.statusCreatedAt != null">
        status_created_at = #{record.statusCreatedAt,jdbcType=TIMESTAMP},
      </if>
      <if test="record.statusId != null">
        status_id = #{record.statusId,jdbcType=VARCHAR},
      </if>
      <if test="record.statusMid != null">
        status_mid = #{record.statusMid,jdbcType=VARCHAR},
      </if>
      <if test="record.statusIdstr != null">
        status_idstr = #{record.statusIdstr,jdbcType=VARCHAR},
      </if>
      <if test="record.statusText != null">
        status_text = #{record.statusText,jdbcType=VARCHAR},
      </if>
      <if test="record.statusSource != null">
        status_source = #{record.statusSource,jdbcType=VARCHAR},
      </if>
      <if test="record.statusFavorited != null">
        status_favorited = #{record.statusFavorited,jdbcType=INTEGER},
      </if>
      <if test="record.statusTruncated != null">
        status_truncated = #{record.statusTruncated,jdbcType=INTEGER},
      </if>
      <if test="record.statusInReplyToStatusId != null">
        status_in_reply_to_status_id = #{record.statusInReplyToStatusId,jdbcType=VARCHAR},
      </if>
      <if test="record.statusInReplyToUserId != null">
        status_in_reply_to_user_id = #{record.statusInReplyToUserId,jdbcType=VARCHAR},
      </if>
      <if test="record.statusInReplyToScreenName != null">
        status_in_reply_to_screen_name = #{record.statusInReplyToScreenName,jdbcType=VARCHAR},
      </if>
      <if test="record.statusThumbnailPic != null">
        status_thumbnail_pic = #{record.statusThumbnailPic,jdbcType=VARCHAR},
      </if>
      <if test="record.statusBmiddlePic != null">
        status_bmiddle_pic = #{record.statusBmiddlePic,jdbcType=VARCHAR},
      </if>
      <if test="record.statusOriginalPic != null">
        status_original_pic = #{record.statusOriginalPic,jdbcType=VARCHAR},
      </if>
      <if test="record.statusRepostsCount != null">
        status_reposts_count = #{record.statusRepostsCount,jdbcType=INTEGER},
      </if>
      <if test="record.statusCommentsCount != null">
        status_comments_count = #{record.statusCommentsCount,jdbcType=INTEGER},
      </if>
      <if test="record.statusAttitudesCount != null">
        status_attitudes_count = #{record.statusAttitudesCount,jdbcType=INTEGER},
      </if>
      <if test="record.statusMlevel != null">
        status_mlevel = #{record.statusMlevel,jdbcType=INTEGER},
      </if>
      <if test="record.statusVisible != null">
        status_visible = #{record.statusVisible,jdbcType=VARCHAR},
      </if>
      <if test="record.statusPicIds != null">
        status_pic_ids = #{record.statusPicIds,jdbcType=VARCHAR},
      </if>
      <if test="record.statusAd != null">
        status_ad = #{record.statusAd,jdbcType=VARCHAR},
      </if>
      <if test="record.geoLongitude != null">
        geo_longitude = #{record.geoLongitude,jdbcType=VARCHAR},
      </if>
      <if test="record.geoLatitude != null">
        geo_latitude = #{record.geoLatitude,jdbcType=VARCHAR},
      </if>
      <if test="record.geoCity != null">
        geo_city = #{record.geoCity,jdbcType=VARCHAR},
      </if>
      <if test="record.geoProvince != null">
        geo_province = #{record.geoProvince,jdbcType=VARCHAR},
      </if>
      <if test="record.geoCityName != null">
        geo_city_name = #{record.geoCityName,jdbcType=VARCHAR},
      </if>
      <if test="record.geoProvinceName != null">
        geo_province_name = #{record.geoProvinceName,jdbcType=VARCHAR},
      </if>
      <if test="record.geoAddress != null">
        geo_address = #{record.geoAddress,jdbcType=VARCHAR},
      </if>
      <if test="record.geoPinyin != null">
        geo_pinyin = #{record.geoPinyin,jdbcType=VARCHAR},
      </if>
      <if test="record.geoMore != null">
        geo_more = #{record.geoMore,jdbcType=VARCHAR},
      </if>
      <if test="record.userId != null">
        user_id = #{record.userId,jdbcType=VARCHAR},
      </if>
      <if test="record.userIdstr != null">
        user_idstr = #{record.userIdstr,jdbcType=VARCHAR},
      </if>
      <if test="record.userScreenName != null">
        user_screen_name = #{record.userScreenName,jdbcType=VARCHAR},
      </if>
      <if test="record.userName != null">
        user_name = #{record.userName,jdbcType=VARCHAR},
      </if>
      <if test="record.userProvince != null">
        user_province = #{record.userProvince,jdbcType=INTEGER},
      </if>
      <if test="record.userCity != null">
        user_city = #{record.userCity,jdbcType=INTEGER},
      </if>
      <if test="record.userLocation != null">
        user_location = #{record.userLocation,jdbcType=VARCHAR},
      </if>
      <if test="record.userDescription != null">
        user_description = #{record.userDescription,jdbcType=VARCHAR},
      </if>
      <if test="record.userUrl != null">
        user_url = #{record.userUrl,jdbcType=VARCHAR},
      </if>
      <if test="record.userProfileImageUrl != null">
        user_profile_image_url = #{record.userProfileImageUrl,jdbcType=VARCHAR},
      </if>
      <if test="record.userProfileUrl != null">
        user_profile_url = #{record.userProfileUrl,jdbcType=VARCHAR},
      </if>
      <if test="record.userDomain != null">
        user_domain = #{record.userDomain,jdbcType=VARCHAR},
      </if>
      <if test="record.userWeihao != null">
        user_weihao = #{record.userWeihao,jdbcType=VARCHAR},
      </if>
      <if test="record.userGender != null">
        user_gender = #{record.userGender,jdbcType=VARCHAR},
      </if>
      <if test="record.userFollowersCount != null">
        user_followers_count = #{record.userFollowersCount,jdbcType=INTEGER},
      </if>
      <if test="record.userFriendsCount != null">
        user_friends_count = #{record.userFriendsCount,jdbcType=INTEGER},
      </if>
      <if test="record.userStatusesCount != null">
        user_statuses_count = #{record.userStatusesCount,jdbcType=INTEGER},
      </if>
      <if test="record.userFavouritesCount != null">
        user_favourites_count = #{record.userFavouritesCount,jdbcType=INTEGER},
      </if>
      <if test="record.userCreatedAt != null">
        user_created_at = #{record.userCreatedAt,jdbcType=TIMESTAMP},
      </if>
      <if test="record.userFollowing != null">
        user_following = #{record.userFollowing,jdbcType=INTEGER},
      </if>
      <if test="record.userAllowAllActMsg != null">
        user_allow_all_act_msg = #{record.userAllowAllActMsg,jdbcType=INTEGER},
      </if>
      <if test="record.userGeoEnabled != null">
        user_geo_enabled = #{record.userGeoEnabled,jdbcType=INTEGER},
      </if>
      <if test="record.userVerified != null">
        user_verified = #{record.userVerified,jdbcType=INTEGER},
      </if>
      <if test="record.userVerifiedType != null">
        user_verified_type = #{record.userVerifiedType,jdbcType=INTEGER},
      </if>
      <if test="record.userRemark != null">
        user_remark = #{record.userRemark,jdbcType=VARCHAR},
      </if>
      <if test="record.userAllowAllComment != null">
        user_allow_all_comment = #{record.userAllowAllComment,jdbcType=INTEGER},
      </if>
      <if test="record.userAvatarLarge != null">
        user_avatar_large = #{record.userAvatarLarge,jdbcType=VARCHAR},
      </if>
      <if test="record.userAvatarHd != null">
        user_avatar_hd = #{record.userAvatarHd,jdbcType=VARCHAR},
      </if>
      <if test="record.userVerifiedReason != null">
        user_verified_reason = #{record.userVerifiedReason,jdbcType=VARCHAR},
      </if>
      <if test="record.userFollowMe != null">
        user_follow_me = #{record.userFollowMe,jdbcType=INTEGER},
      </if>
      <if test="record.userOnlineStatus != null">
        user_online_status = #{record.userOnlineStatus,jdbcType=INTEGER},
      </if>
      <if test="record.userBiFollowersCount != null">
        user_bi_followers_count = #{record.userBiFollowersCount,jdbcType=INTEGER},
      </if>
      <if test="record.userLang != null">
        user_lang = #{record.userLang,jdbcType=VARCHAR},
      </if>
      <if test="record.statusRetweetedStatusType != null">
        status_retweeted_status_type = #{record.statusRetweetedStatusType,jdbcType=INTEGER},
      </if>
    </set>
    <if test="_parameter != null">
      <include refid="Update_By_Example_Where_Clause" />
    </if>
  </update>
  <update id="updateByExample" parameterType="map">
    update scan_find_thing
    set id = #{record.id,jdbcType=INTEGER},
      uuid = #{record.uuid,jdbcType=VARCHAR},
      tenant_id = #{record.tenantId,jdbcType=VARCHAR},
      is_deleted = #{record.isDeleted,jdbcType=INTEGER},
      create_id = #{record.createId,jdbcType=BIGINT},
      create_time = #{record.createTime,jdbcType=TIMESTAMP},
      order_code = #{record.orderCode,jdbcType=VARCHAR},
      delete_time = #{record.deleteTime,jdbcType=TIMESTAMP},
      remarks = #{record.remarks,jdbcType=VARCHAR},
      attachment = #{record.attachment,jdbcType=VARCHAR},
      bak1 = #{record.bak1,jdbcType=VARCHAR},
      bak2 = #{record.bak2,jdbcType=VARCHAR},
      bak3 = #{record.bak3,jdbcType=VARCHAR},
      bak4 = #{record.bak4,jdbcType=VARCHAR},
      rule_id = #{record.ruleId,jdbcType=INTEGER},
      type = #{record.type,jdbcType=INTEGER},
      status_created_at = #{record.statusCreatedAt,jdbcType=TIMESTAMP},
      status_id = #{record.statusId,jdbcType=VARCHAR},
      status_mid = #{record.statusMid,jdbcType=VARCHAR},
      status_idstr = #{record.statusIdstr,jdbcType=VARCHAR},
      status_text = #{record.statusText,jdbcType=VARCHAR},
      status_source = #{record.statusSource,jdbcType=VARCHAR},
      status_favorited = #{record.statusFavorited,jdbcType=INTEGER},
      status_truncated = #{record.statusTruncated,jdbcType=INTEGER},
      status_in_reply_to_status_id = #{record.statusInReplyToStatusId,jdbcType=VARCHAR},
      status_in_reply_to_user_id = #{record.statusInReplyToUserId,jdbcType=VARCHAR},
      status_in_reply_to_screen_name = #{record.statusInReplyToScreenName,jdbcType=VARCHAR},
      status_thumbnail_pic = #{record.statusThumbnailPic,jdbcType=VARCHAR},
      status_bmiddle_pic = #{record.statusBmiddlePic,jdbcType=VARCHAR},
      status_original_pic = #{record.statusOriginalPic,jdbcType=VARCHAR},
      status_reposts_count = #{record.statusRepostsCount,jdbcType=INTEGER},
      status_comments_count = #{record.statusCommentsCount,jdbcType=INTEGER},
      status_attitudes_count = #{record.statusAttitudesCount,jdbcType=INTEGER},
      status_mlevel = #{record.statusMlevel,jdbcType=INTEGER},
      status_visible = #{record.statusVisible,jdbcType=VARCHAR},
      status_pic_ids = #{record.statusPicIds,jdbcType=VARCHAR},
      status_ad = #{record.statusAd,jdbcType=VARCHAR},
      geo_longitude = #{record.geoLongitude,jdbcType=VARCHAR},
      geo_latitude = #{record.geoLatitude,jdbcType=VARCHAR},
      geo_city = #{record.geoCity,jdbcType=VARCHAR},
      geo_province = #{record.geoProvince,jdbcType=VARCHAR},
      geo_city_name = #{record.geoCityName,jdbcType=VARCHAR},
      geo_province_name = #{record.geoProvinceName,jdbcType=VARCHAR},
      geo_address = #{record.geoAddress,jdbcType=VARCHAR},
      geo_pinyin = #{record.geoPinyin,jdbcType=VARCHAR},
      geo_more = #{record.geoMore,jdbcType=VARCHAR},
      user_id = #{record.userId,jdbcType=VARCHAR},
      user_idstr = #{record.userIdstr,jdbcType=VARCHAR},
      user_screen_name = #{record.userScreenName,jdbcType=VARCHAR},
      user_name = #{record.userName,jdbcType=VARCHAR},
      user_province = #{record.userProvince,jdbcType=INTEGER},
      user_city = #{record.userCity,jdbcType=INTEGER},
      user_location = #{record.userLocation,jdbcType=VARCHAR},
      user_description = #{record.userDescription,jdbcType=VARCHAR},
      user_url = #{record.userUrl,jdbcType=VARCHAR},
      user_profile_image_url = #{record.userProfileImageUrl,jdbcType=VARCHAR},
      user_profile_url = #{record.userProfileUrl,jdbcType=VARCHAR},
      user_domain = #{record.userDomain,jdbcType=VARCHAR},
      user_weihao = #{record.userWeihao,jdbcType=VARCHAR},
      user_gender = #{record.userGender,jdbcType=VARCHAR},
      user_followers_count = #{record.userFollowersCount,jdbcType=INTEGER},
      user_friends_count = #{record.userFriendsCount,jdbcType=INTEGER},
      user_statuses_count = #{record.userStatusesCount,jdbcType=INTEGER},
      user_favourites_count = #{record.userFavouritesCount,jdbcType=INTEGER},
      user_created_at = #{record.userCreatedAt,jdbcType=TIMESTAMP},
      user_following = #{record.userFollowing,jdbcType=INTEGER},
      user_allow_all_act_msg = #{record.userAllowAllActMsg,jdbcType=INTEGER},
      user_geo_enabled = #{record.userGeoEnabled,jdbcType=INTEGER},
      user_verified = #{record.userVerified,jdbcType=INTEGER},
      user_verified_type = #{record.userVerifiedType,jdbcType=INTEGER},
      user_remark = #{record.userRemark,jdbcType=VARCHAR},
      user_allow_all_comment = #{record.userAllowAllComment,jdbcType=INTEGER},
      user_avatar_large = #{record.userAvatarLarge,jdbcType=VARCHAR},
      user_avatar_hd = #{record.userAvatarHd,jdbcType=VARCHAR},
      user_verified_reason = #{record.userVerifiedReason,jdbcType=VARCHAR},
      user_follow_me = #{record.userFollowMe,jdbcType=INTEGER},
      user_online_status = #{record.userOnlineStatus,jdbcType=INTEGER},
      user_bi_followers_count = #{record.userBiFollowersCount,jdbcType=INTEGER},
      user_lang = #{record.userLang,jdbcType=VARCHAR}
    <if test="_parameter != null">
      <include refid="Update_By_Example_Where_Clause" />
    </if>
  </update>
  <update id="updateByPrimaryKeySelective" parameterType="cn.cecook.model.business.scan.ScanFindThing">
    update scan_find_thing
    <set>
      <if test="uuid != null">
        uuid = #{uuid,jdbcType=VARCHAR},
      </if>
      <if test="tenantId != null">
        tenant_id = #{tenantId,jdbcType=VARCHAR},
      </if>
      <if test="isDeleted != null">
        is_deleted = #{isDeleted,jdbcType=INTEGER},
      </if>
      <if test="createId != null">
        create_id = #{createId,jdbcType=BIGINT},
      </if>
      <if test="createTime != null">
        create_time = #{createTime,jdbcType=TIMESTAMP},
      </if>
      <if test="orderCode != null">
        order_code = #{orderCode,jdbcType=VARCHAR},
      </if>
      <if test="deleteTime != null">
        delete_time = #{deleteTime,jdbcType=TIMESTAMP},
      </if>
      <if test="remarks != null">
        remarks = #{remarks,jdbcType=VARCHAR},
      </if>
      <if test="attachment != null">
        attachment = #{attachment,jdbcType=VARCHAR},
      </if>
      <if test="bak1 != null">
        bak1 = #{bak1,jdbcType=VARCHAR},
      </if>
      <if test="bak2 != null">
        bak2 = #{bak2,jdbcType=VARCHAR},
      </if>
      <if test="bak3 != null">
        bak3 = #{bak3,jdbcType=VARCHAR},
      </if>
      <if test="bak4 != null">
        bak4 = #{bak4,jdbcType=VARCHAR},
      </if>
      <if test="ruleId != null">
        rule_id = #{ruleId,jdbcType=INTEGER},
      </if>
      <if test="type != null">
        type = #{type,jdbcType=INTEGER},
      </if>
      <if test="statusCreatedAt != null">
        status_created_at = #{statusCreatedAt,jdbcType=TIMESTAMP},
      </if>
      <if test="statusId != null">
        status_id = #{statusId,jdbcType=VARCHAR},
      </if>
      <if test="statusMid != null">
        status_mid = #{statusMid,jdbcType=VARCHAR},
      </if>
      <if test="statusIdstr != null">
        status_idstr = #{statusIdstr,jdbcType=VARCHAR},
      </if>
      <if test="statusText != null">
        status_text = #{statusText,jdbcType=VARCHAR},
      </if>
      <if test="statusSource != null">
        status_source = #{statusSource,jdbcType=VARCHAR},
      </if>
      <if test="statusFavorited != null">
        status_favorited = #{statusFavorited,jdbcType=INTEGER},
      </if>
      <if test="statusTruncated != null">
        status_truncated = #{statusTruncated,jdbcType=INTEGER},
      </if>
      <if test="statusInReplyToStatusId != null">
        status_in_reply_to_status_id = #{statusInReplyToStatusId,jdbcType=VARCHAR},
      </if>
      <if test="statusInReplyToUserId != null">
        status_in_reply_to_user_id = #{statusInReplyToUserId,jdbcType=VARCHAR},
      </if>
      <if test="statusInReplyToScreenName != null">
        status_in_reply_to_screen_name = #{statusInReplyToScreenName,jdbcType=VARCHAR},
      </if>
      <if test="statusThumbnailPic != null">
        status_thumbnail_pic = #{statusThumbnailPic,jdbcType=VARCHAR},
      </if>
      <if test="statusBmiddlePic != null">
        status_bmiddle_pic = #{statusBmiddlePic,jdbcType=VARCHAR},
      </if>
      <if test="statusOriginalPic != null">
        status_original_pic = #{statusOriginalPic,jdbcType=VARCHAR},
      </if>
      <if test="statusRepostsCount != null">
        status_reposts_count = #{statusRepostsCount,jdbcType=INTEGER},
      </if>
      <if test="statusCommentsCount != null">
        status_comments_count = #{statusCommentsCount,jdbcType=INTEGER},
      </if>
      <if test="statusAttitudesCount != null">
        status_attitudes_count = #{statusAttitudesCount,jdbcType=INTEGER},
      </if>
      <if test="statusMlevel != null">
        status_mlevel = #{statusMlevel,jdbcType=INTEGER},
      </if>
      <if test="statusVisible != null">
        status_visible = #{statusVisible,jdbcType=VARCHAR},
      </if>
      <if test="statusPicIds != null">
        status_pic_ids = #{statusPicIds,jdbcType=VARCHAR},
      </if>
      <if test="statusAd != null">
        status_ad = #{statusAd,jdbcType=VARCHAR},
      </if>
      <if test="geoLongitude != null">
        geo_longitude = #{geoLongitude,jdbcType=VARCHAR},
      </if>
      <if test="geoLatitude != null">
        geo_latitude = #{geoLatitude,jdbcType=VARCHAR},
      </if>
      <if test="geoCity != null">
        geo_city = #{geoCity,jdbcType=VARCHAR},
      </if>
      <if test="geoProvince != null">
        geo_province = #{geoProvince,jdbcType=VARCHAR},
      </if>
      <if test="geoCityName != null">
        geo_city_name = #{geoCityName,jdbcType=VARCHAR},
      </if>
      <if test="geoProvinceName != null">
        geo_province_name = #{geoProvinceName,jdbcType=VARCHAR},
      </if>
      <if test="geoAddress != null">
        geo_address = #{geoAddress,jdbcType=VARCHAR},
      </if>
      <if test="geoPinyin != null">
        geo_pinyin = #{geoPinyin,jdbcType=VARCHAR},
      </if>
      <if test="geoMore != null">
        geo_more = #{geoMore,jdbcType=VARCHAR},
      </if>
      <if test="userId != null">
        user_id = #{userId,jdbcType=VARCHAR},
      </if>
      <if test="userIdstr != null">
        user_idstr = #{userIdstr,jdbcType=VARCHAR},
      </if>
      <if test="userScreenName != null">
        user_screen_name = #{userScreenName,jdbcType=VARCHAR},
      </if>
      <if test="userName != null">
        user_name = #{userName,jdbcType=VARCHAR},
      </if>
      <if test="userProvince != null">
        user_province = #{userProvince,jdbcType=INTEGER},
      </if>
      <if test="userCity != null">
        user_city = #{userCity,jdbcType=INTEGER},
      </if>
      <if test="userLocation != null">
        user_location = #{userLocation,jdbcType=VARCHAR},
      </if>
      <if test="userDescription != null">
        user_description = #{userDescription,jdbcType=VARCHAR},
      </if>
      <if test="userUrl != null">
        user_url = #{userUrl,jdbcType=VARCHAR},
      </if>
      <if test="userProfileImageUrl != null">
        user_profile_image_url = #{userProfileImageUrl,jdbcType=VARCHAR},
      </if>
      <if test="userProfileUrl != null">
        user_profile_url = #{userProfileUrl,jdbcType=VARCHAR},
      </if>
      <if test="userDomain != null">
        user_domain = #{userDomain,jdbcType=VARCHAR},
      </if>
      <if test="userWeihao != null">
        user_weihao = #{userWeihao,jdbcType=VARCHAR},
      </if>
      <if test="userGender != null">
        user_gender = #{userGender,jdbcType=VARCHAR},
      </if>
      <if test="userFollowersCount != null">
        user_followers_count = #{userFollowersCount,jdbcType=INTEGER},
      </if>
      <if test="userFriendsCount != null">
        user_friends_count = #{userFriendsCount,jdbcType=INTEGER},
      </if>
      <if test="userStatusesCount != null">
        user_statuses_count = #{userStatusesCount,jdbcType=INTEGER},
      </if>
      <if test="userFavouritesCount != null">
        user_favourites_count = #{userFavouritesCount,jdbcType=INTEGER},
      </if>
      <if test="userCreatedAt != null">
        user_created_at = #{userCreatedAt,jdbcType=TIMESTAMP},
      </if>
      <if test="userFollowing != null">
        user_following = #{userFollowing,jdbcType=INTEGER},
      </if>
      <if test="userAllowAllActMsg != null">
        user_allow_all_act_msg = #{userAllowAllActMsg,jdbcType=INTEGER},
      </if>
      <if test="userGeoEnabled != null">
        user_geo_enabled = #{userGeoEnabled,jdbcType=INTEGER},
      </if>
      <if test="userVerified != null">
        user_verified = #{userVerified,jdbcType=INTEGER},
      </if>
      <if test="userVerifiedType != null">
        user_verified_type = #{userVerifiedType,jdbcType=INTEGER},
      </if>
      <if test="userRemark != null">
        user_remark = #{userRemark,jdbcType=VARCHAR},
      </if>
      <if test="userAllowAllComment != null">
        user_allow_all_comment = #{userAllowAllComment,jdbcType=INTEGER},
      </if>
      <if test="userAvatarLarge != null">
        user_avatar_large = #{userAvatarLarge,jdbcType=VARCHAR},
      </if>
      <if test="userAvatarHd != null">
        user_avatar_hd = #{userAvatarHd,jdbcType=VARCHAR},
      </if>
      <if test="userVerifiedReason != null">
        user_verified_reason = #{userVerifiedReason,jdbcType=VARCHAR},
      </if>
      <if test="userFollowMe != null">
        user_follow_me = #{userFollowMe,jdbcType=INTEGER},
      </if>
      <if test="userOnlineStatus != null">
        user_online_status = #{userOnlineStatus,jdbcType=INTEGER},
      </if>
      <if test="userBiFollowersCount != null">
        user_bi_followers_count = #{userBiFollowersCount,jdbcType=INTEGER},
      </if>
      <if test="userLang != null">
        user_lang = #{userLang,jdbcType=VARCHAR},
      </if>
      <if test="statusRetweetedStatusType != null">
        status_retweeted_status_type = #{statusRetweetedStatusType,jdbcType=INTEGER},
      </if>
    </set>
    where id = #{id,jdbcType=INTEGER}
    cecook2017${tenantId}
  </update>
  <update id="updateByPrimaryKey" parameterType="cn.cecook.model.business.scan.ScanFindThing">
    update scan_find_thing
    set uuid = #{uuid,jdbcType=VARCHAR},
      tenant_id = #{tenantId,jdbcType=VARCHAR},
      is_deleted = #{isDeleted,jdbcType=INTEGER},
      create_id = #{createId,jdbcType=BIGINT},
      create_time = #{createTime,jdbcType=TIMESTAMP},
      order_code = #{orderCode,jdbcType=VARCHAR},
      delete_time = #{deleteTime,jdbcType=TIMESTAMP},
      remarks = #{remarks,jdbcType=VARCHAR},
      attachment = #{attachment,jdbcType=VARCHAR},
      bak1 = #{bak1,jdbcType=VARCHAR},
      bak2 = #{bak2,jdbcType=VARCHAR},
      bak3 = #{bak3,jdbcType=VARCHAR},
      bak4 = #{bak4,jdbcType=VARCHAR},
      rule_id = #{ruleId,jdbcType=INTEGER},
      type = #{type,jdbcType=INTEGER},
      status_created_at = #{statusCreatedAt,jdbcType=TIMESTAMP},
      status_id = #{statusId,jdbcType=VARCHAR},
      status_mid = #{statusMid,jdbcType=VARCHAR},
      status_idstr = #{statusIdstr,jdbcType=VARCHAR},
      status_text = #{statusText,jdbcType=VARCHAR},
      status_source = #{statusSource,jdbcType=VARCHAR},
      status_favorited = #{statusFavorited,jdbcType=INTEGER},
      status_truncated = #{statusTruncated,jdbcType=INTEGER},
      status_in_reply_to_status_id = #{statusInReplyToStatusId,jdbcType=VARCHAR},
      status_in_reply_to_user_id = #{statusInReplyToUserId,jdbcType=VARCHAR},
      status_in_reply_to_screen_name = #{statusInReplyToScreenName,jdbcType=VARCHAR},
      status_thumbnail_pic = #{statusThumbnailPic,jdbcType=VARCHAR},
      status_bmiddle_pic = #{statusBmiddlePic,jdbcType=VARCHAR},
      status_original_pic = #{statusOriginalPic,jdbcType=VARCHAR},
      status_reposts_count = #{statusRepostsCount,jdbcType=INTEGER},
      status_comments_count = #{statusCommentsCount,jdbcType=INTEGER},
      status_attitudes_count = #{statusAttitudesCount,jdbcType=INTEGER},
      status_mlevel = #{statusMlevel,jdbcType=INTEGER},
      status_visible = #{statusVisible,jdbcType=VARCHAR},
      status_pic_ids = #{statusPicIds,jdbcType=VARCHAR},
      status_ad = #{statusAd,jdbcType=VARCHAR},
      geo_longitude = #{geoLongitude,jdbcType=VARCHAR},
      geo_latitude = #{geoLatitude,jdbcType=VARCHAR},
      geo_city = #{geoCity,jdbcType=VARCHAR},
      geo_province = #{geoProvince,jdbcType=VARCHAR},
      geo_city_name = #{geoCityName,jdbcType=VARCHAR},
      geo_province_name = #{geoProvinceName,jdbcType=VARCHAR},
      geo_address = #{geoAddress,jdbcType=VARCHAR},
      geo_pinyin = #{geoPinyin,jdbcType=VARCHAR},
      geo_more = #{geoMore,jdbcType=VARCHAR},
      user_id = #{userId,jdbcType=VARCHAR},
      user_idstr = #{userIdstr,jdbcType=VARCHAR},
      user_screen_name = #{userScreenName,jdbcType=VARCHAR},
      user_name = #{userName,jdbcType=VARCHAR},
      user_province = #{userProvince,jdbcType=INTEGER},
      user_city = #{userCity,jdbcType=INTEGER},
      user_location = #{userLocation,jdbcType=VARCHAR},
      user_description = #{userDescription,jdbcType=VARCHAR},
      user_url = #{userUrl,jdbcType=VARCHAR},
      user_profile_image_url = #{userProfileImageUrl,jdbcType=VARCHAR},
      user_profile_url = #{userProfileUrl,jdbcType=VARCHAR},
      user_domain = #{userDomain,jdbcType=VARCHAR},
      user_weihao = #{userWeihao,jdbcType=VARCHAR},
      user_gender = #{userGender,jdbcType=VARCHAR},
      user_followers_count = #{userFollowersCount,jdbcType=INTEGER},
      user_friends_count = #{userFriendsCount,jdbcType=INTEGER},
      user_statuses_count = #{userStatusesCount,jdbcType=INTEGER},
      user_favourites_count = #{userFavouritesCount,jdbcType=INTEGER},
      user_created_at = #{userCreatedAt,jdbcType=TIMESTAMP},
      user_following = #{userFollowing,jdbcType=INTEGER},
      user_allow_all_act_msg = #{userAllowAllActMsg,jdbcType=INTEGER},
      user_geo_enabled = #{userGeoEnabled,jdbcType=INTEGER},
      user_verified = #{userVerified,jdbcType=INTEGER},
      user_verified_type = #{userVerifiedType,jdbcType=INTEGER},
      user_remark = #{userRemark,jdbcType=VARCHAR},
      user_allow_all_comment = #{userAllowAllComment,jdbcType=INTEGER},
      user_avatar_large = #{userAvatarLarge,jdbcType=VARCHAR},
      user_avatar_hd = #{userAvatarHd,jdbcType=VARCHAR},
      user_verified_reason = #{userVerifiedReason,jdbcType=VARCHAR},
      user_follow_me = #{userFollowMe,jdbcType=INTEGER},
      user_online_status = #{userOnlineStatus,jdbcType=INTEGER},
      user_bi_followers_count = #{userBiFollowersCount,jdbcType=INTEGER},
      user_lang = #{userLang,jdbcType=VARCHAR}
    where id = #{id,jdbcType=INTEGER}
  </update>
  
  
	<select id="getMaxDate" parameterType="map" resultType="java.sql.Timestamp">
		select max(status_created_at) from scan_find_thing where rule_id=#{ruleId} cecook2017${tenantId}
	</select>
	
	<select id="getWeibo" parameterType="map" resultMap="BaseResultMap">
		select <include refid="Base_Column_List"></include> from scan_find_thing where status_id = #{status_id} cecook2017${tenantId}
	</select>
	
  	<select id="getPage" parameterType="cn.cecook.uitls.Pages" resultType="map">
  		select * from scan_find_thing where is_deleted=0
		<if test="where.keyword != null and where.keyword != ''">
			and status_text like '%${where.keyword}%'
		</if>
		<if test="where.starttime != null and where.starttime != ''">
			and status_created_at >= STR_TO_DATE(#{where.starttime},'%Y-%m-%d %H:%i:%S') 
			and status_created_at &lt;= STR_TO_DATE(#{where.endtime},'%Y-%m-%d %H:%i:%S') 
		</if>
  		and is_deleted=0 
  		and rule_id=#{where.ruleId}
		<if test="orderby != null">order by ${orderby}</if>
		limit #{startIndex}, #{pageSize}
	</select>
	
	<select id="count" parameterType="map" resultType="int">
		select count(1) from scan_find_thing where is_deleted=0
		<if test="keyword != null and keyword != ''">
			and status_text like '%${keyword}%' 
		</if>
		<if test="starttime != null and starttime != ''">
			and status_created_at >= STR_TO_DATE(#{starttime},'%Y-%m-%d %H:%i:%S') 
			and status_created_at &lt;= STR_TO_DATE(#{endtime},'%Y-%m-%d %H:%i:%S') 
		</if>
		and is_deleted=0 
  		and rule_id=#{ruleId}
	</select>
	
	<update id="delete" parameterType="int">
		update scan_find_thing set is_deleted=1 where id=#{id}
	</update>
	
	<select id="getExcavateThingNum" parameterType="map"
		resultType="map">
		<!--   原版
		SELECT count(0) thingNum,sft.rule_id,sr.name rule_names from scan_find_thing sft LEFT JOIN scan_rule sr ON sr.id = sft.rule_id 
		WHERE date_format(sft.create_time,'%Y-%m-%d') = #{startTime} AND sft.is_deleted = 0 AND sr.is_deleted = 0 GROUP BY sft.rule_id
		-->
		SELECT a.id rule_id,a.name rule_names,IFNULL(b.thingNum,0) thingNum FROM 
		(select id,name from scan_rule t1 where t1.is_deleted=0 and type=2 AND is_open = 1) a
		LEFT JOIN 
		(SELECT count(0) thingNum,sft.rule_id,sr.name rule_names from scan_find_thing sft LEFT JOIN scan_rule sr ON sr.id = sft.rule_id 
		WHERE date_format(sft.create_time,'%Y-%m-%d') AND sft.is_deleted = 0 AND sr.is_deleted = 0 GROUP BY sft.rule_id) b
		ON a.id = b.rule_id 
	</select>
	
	<select id="getScanFindThing" parameterType="map"
		resultType="map">
		select date_format(create_time, '%Y-%m-%d') createTime from
		scan_find_thing sft WHERE sft.is_deleted = 0 GROUP BY createTime 
	</select>
	
</mapper>