<?xml version="1.0" encoding="UTF-8"?>
<!DOCTYPE mapper PUBLIC "-//mybatis.org//DTD Mapper 3.0//EN" "http://mybatis.org/dtd/mybatis-3-mapper.dtd">
<mapper namespace="cn.cecook.dao.business.scan.ScanAnalyzeMapper">
	<select id="activityCountTop10" resultType="map">
		SELECT
			t1.name storeName,
			count(1) count
		FROM
			bm_store t1
		LEFT JOIN bm_activity_store t2 ON t1.id = t2.store_id
		WHERE
			t1.is_delete = 0 AND t2.is_deleted = 0
			AND DATE_FORMAT(t2.create_time,'%Y-%m-%d') = DATE_FORMAT(now(),'%Y-%m-%d')
			GROUP BY t1.id
			ORDER BY count desc
			LIMIT 10
	</select>
	<select id="peopleCountTop10" resultType="map">
		SELECT
			t1.name storeName,
			count(1) count
		FROM
			bm_store t1
		LEFT JOIN bm_activity_store t2 ON t1.id = t2.store_id
		LEFT JOIN bm_coupon t3 on t2.activity_id = t3.activity_id
		WHERE
			t1.is_delete = 0 AND t2.is_deleted = 0 AND t3.is_deleted = 0
		AND DATE_FORMAT(t3.create_time,'%Y-%m-%d') = DATE_FORMAT(now(),'%Y-%m-%d')
		GROUP BY t1.id
		ORDER BY count desc
		LIMIT 10
	</select>
	<select id="growCountTop10" resultType="map">
		
	</select>
	<select id="costTotalTop10" resultType="map">
		SELECT
			t1.name storeName,
			sum(trade_price) costTotal
		FROM
			bm_store t1
		LEFT JOIN ser_order_info t2 on t1.id = t2.store_id
		WHERE
			t1.is_delete = 0 AND t2.is_deleted = 0
		AND DATE_FORMAT(t2.trade_time,'%Y-%m-%d') = DATE_FORMAT(now(),'%Y-%m-%d')
		GROUP BY t1.id
		ORDER BY costTotal desc
		LIMIT 10
	</select>
</mapper>