<?xml version="1.0" encoding="UTF-8"?>
<!DOCTYPE mapper PUBLIC "-//mybatis.org//DTD Mapper 3.0//EN" "http://mybatis.org/dtd/mybatis-3-mapper.dtd">
<mapper namespace="cn.cecook.dao.business.scan.ScanChatMapper">
	<resultMap id="BaseResultMap" type="cn.cecook.model.business.scan.ScanChat">
		<id column="id" jdbcType="INTEGER" property="id" />
		<result column="uuid" jdbcType="VARCHAR" property="uuid" />
		<result column="tenant_id" jdbcType="VARCHAR" property="tenantId" />
		<result column="is_deleted" jdbcType="INTEGER" property="isDeleted" />
		<result column="create_id" jdbcType="BIGINT" property="createId" />
		<result column="create_time" jdbcType="TIMESTAMP" property="createTime" />
		<result column="order_code" jdbcType="VARCHAR" property="orderCode" />
		<result column="delete_time" jdbcType="TIMESTAMP" property="deleteTime" />
		<result column="remarks" jdbcType="VARCHAR" property="remarks" />
		<result column="attachment" jdbcType="VARCHAR" property="attachment" />
		<result column="bak1" jdbcType="VARCHAR" property="bak1" />
		<result column="bak2" jdbcType="VARCHAR" property="bak2" />
		<result column="bak3" jdbcType="VARCHAR" property="bak3" />
		<result column="bak4" jdbcType="VARCHAR" property="bak4" />
		<result column="customer_id" jdbcType="INTEGER" property="customerId" />
    	<result column="wb_user_id" jdbcType="VARCHAR" property="wbUserId" />
    	<result column="type" jdbcType="VARCHAR" property="type" />
    	<result column="content" jdbcType="VARCHAR" property="content" />
	</resultMap>
  
	<select id="getChat" parameterType="map" resultType="map">
		select id,DATE_FORMAT(create_time,'%Y-%m-%d %H:%i:%S') createTime,send_user_name,type,content from scan_chat where 
			wb_user_id = #{wbUserId}
	</select>
	
	<select id="getLastWeibo" parameterType="map" resultType="map">
		select id,status_id,DATE_FORMAT(status_created_at,'%Y-%m-%d %H:%i:%S') statusCreatedAt,status_text,
			status_reposts_count,status_comments_count,status_attitudes_count,user_screen_name,user_profile_image_url 
		from scan_find_people where status_created_at=#{lasttime} and user_id=#{userId}
	</select>
	
	<select id="getWeibo" parameterType="string" resultType="map">
		select id,status_id,DATE_FORMAT(status_created_at,'%Y-%m-%d %H:%i:%S') statusCreatedAt,status_text,
			status_reposts_count,status_comments_count,status_attitudes_count,user_screen_name,user_profile_image_url 
		from scan_find_thing where status_id=#{statusId}
	</select>
	
	<insert id="saveChat" parameterType="map">
		insert into scan_chat(send_user_name,wb_user_id,status_id,type,content) 
		values(#{sendUserName},#{wbUserId},#{statusId},#{type},#{content})
	</insert>
	
	<update id="updateWeiboAccessToken" parameterType="map">
		update sys_company set get_date=now()
		<if test="accessToken != null">
			,access_token=#{accessToken}
		</if>
		<if test="expireIn != null">
			,expire_in=#{expireIn}
		</if>
		<if test="uid != null">
			,uid=#{uid}
		</if>
		<if test="wb_user != null">
			,wb_user=#{wb_user}
		</if>
		where tenant_id=#{tenantId}
	</update>
	
	<select id="getAccessToken" parameterType="string" resultType="map">
		select access_token,expire_in,uid,get_date,wb_user from sys_company where tenant_id=#{tenantId}
	</select>
	
	<update id="updateUnbind" parameterType="string">
		update sys_company set get_date=null,access_token=null,expire_in=null,uid=null,wb_user=null 
		where tenant_id=#{tenantId}
	</update>
</mapper>