<?xml version="1.0" encoding="UTF-8"?>
<!DOCTYPE mapper PUBLIC "-//mybatis.org//DTD Mapper 3.0//EN" "http://mybatis.org/dtd/mybatis-3-mapper.dtd">
<mapper namespace="cn.cecook.dao.business.scan.ScanIntegralMapper">
	<select id="getLastOrderId" parameterType="map" resultType="int">
		select max(order_id) from scan_integral_detail cecook2017${tenantId}
	</select>
	
	<select id="getIntegralRule" parameterType="map" resultType="map">
		select * from scan_integral_rule limit 1 cecook2017${tenantId}
	</select>
	
	<select id="listOrder" parameterType="map" resultType="map">
		select * from ser_order_info
		<where>
			<if test="create_time == null">
				and create_time >= #{create_time}
			</if> 
			<if test="id != null">
				and id > #{id} 
			</if>
		</where>
		order by id asc cecook2017${tenantId}
	</select>
	
	<insert id="saveIntegral" parameterType="map">
		insert into scan_integral_detail(uuid,tenant_id,member_id,order_id,type,integral,gain_type,gain_way,gain_reason,modifier) 
		values(#{uuid},#{tenant_id},#{member_id},#{order_id},#{type},#{integral},#{gain_type},#{gain_way},#{gain_reason},#{modifier}) 
		cecook2017${tenantId}
	</insert>
	
	<insert id="saveIntegral2" parameterType="map">
		insert into scan_integral_detail(member_id,order_id,type,integral,gain_type,gain_way,gain_reason,modifier) 
		values(#{member_id},#{order_id},#{type},#{integral},#{gain_type},#{gain_way},#{gain_reason},#{modifier}) 
	</insert>
	
	<update id="updateIntegralExpired" parameterType="map">
		update scan_integral_detail set type=2 where create_time &lt;= STR_TO_DATE('${expiredDate}','%Y-%m-%d %H:%i:%S') cecook2017${tenantId}
	</update>
	
	<insert id="saveIntegralRule" parameterType="map">
		insert into scan_integral_rule(store_ids,cost,gain,expired_type
			<if test="expired_time1 != null">
				,expired_time1
			</if>
			<if test="expired_time2 != null">
				,expired_time2
			</if>
		) values(#{store_ids},#{cost},#{gain},#{expired_type}
			<if test="expired_time1 != null">
				,#{expired_time1}
			</if>
			<if test="expired_time2 != null">
				,#{expired_time2}
			</if>
		)
	</insert>
	
	<update id="updateIntegralRule" parameterType="map">
		update scan_integral_rule set store_ids=#{store_ids},cost=#{cost},gain=#{gain},expired_type=#{expired_type}
			<if test="expired_time1 != null">
				,expired_time1=#{expired_time1}
			</if>
			<if test="expired_time2 != null">
				,expired_time2=#{expired_time2}
			</if>
		where id = #{id}
	</update>
	
	<update id="updateIntegral" parameterType="map">
		update bc_customer 
		<set>
			<if test="integral_type != null">
				integral_type = #{integral_type},
			</if>
			<if test="changeIntegral != null and crm_score != null">
				crm_score = IFNULL(crm_score,0) + #{crm_score},
				gain_integral = IFNULL(gain_integral,0) + #{crm_score},
			</if>
		</set>
		where id = #{id}
	</update>
	
	<select id="getPage" parameterType="cn.cecook.uitls.Pages" resultType="map">
		select t1.*,t2.phone,IFNULL(t4.name,'') store_name from scan_integral_detail t1 LEFT JOIN bc_customer t2 on t1.member_id=t2.id 
		LEFT JOIN ser_order_info t3 on t1.order_id=t3.id LEFT JOIN bm_store t4 on t3.store_id=t4.store_id
		<where>
			<if test="where != null">
				<if test="where.phone != null and where.phone != ''">
					and t2.phone = #{where.phone}
				</if>
				<if test="where.name != null and where.name != ''">
					and name = #{where.name}
				</if>
				<if test="where.modifier != null and where.modifier != ''">
					and modifier = #{where.modifier}
				</if>
				<if test="where.integral1 != null and where.integral1 != ''">
					and integral >= #{where.integral1}
				</if>
				<if test="where.integral2 != null and where.integral2 != ''">
					and integral &lt;= #{where.integral2}
				</if>
				<if test="where.gain_type != null and where.gain_type != ''">
					and gain_type = #{where.gain_type}
				</if>
				<if test="where.gain_way != null and where.gain_way != ''">
					and gain_way = #{where.gain_way}
				</if>
				<if test="where.memberId != null and where.memberId != ''">
					and t1.member_id = #{where.memberId}
				</if>
			</if>
		</where>
		<if test="orderby != null">order by ${orderby}</if>
		limit #{startIndex}, #{pageSize}
	</select>
	
	<select id="count" parameterType="map" resultType="int">
		select count(1) from scan_integral_detail t1 LEFT JOIN bc_customer t2 on t1.member_id=t2.id
		<where>
			<if test="phone != null and phone != ''">
				and t2.phone = #{phone}
			</if>
			<if test="name != null and name != ''">
				and name = #{name}
			</if>
			<if test="modifier != null and modifier != ''">
				and modifier = #{modifier}
			</if>
			<if test="integral1 != null and integral1 != ''">
				and integral >= #{integral1}
			</if>
			<if test="integral2 != null and integral2 != ''">
				and integral &lt;= #{integral2}
			</if>
			<if test="gain_type != null and gain_type != ''">
				and gain_type = #{gain_type}
			</if>
			<if test="gain_way != null and gain_way != ''">
				and gain_way = #{gain_way}
			</if>
			<if test="memberId != null and memberId != ''">
				and member_id = #{memberId}
			</if>
		</where> 
	</select>
	
	<select id="listMemberId" parameterType="map" resultType="int">
		select id from bc_customer cecook2017${tenantId}
	</select>
	
	<select id="getIntegral" parameterType="map" resultType="int">
		select IFNULL(SUM(integral),0) from scan_integral_detail where type=1 and member_id = #{memberId} cecook2017${tenantId}
	</select>
	
	<select id="getUseIntegral" parameterType="map" resultType="int">
		select IFNULL(SUM(IF(integral&lt;0,-integral,0)),0) from scan_integral_detail where member_id = #{memberId} cecook2017${tenantId}
	</select>
	
	<select id="getGainIntegral" parameterType="map" resultType="int">
		select IFNULL(SUM(IF(integral>0,integral,0)),0) from scan_integral_detail where member_id = #{memberId} cecook2017${tenantId}
	</select>
	
	<select id="getUseGainIntegral" parameterType="map" resultType="map">
		select IFNULL(SUM(IF(integral&lt;0,-integral,0)),0) useIntegral,IFNULL(SUM(IF(integral>0,integral,0)),0) gainIntegral 
		from scan_integral_detail where member_id = #{memberId} cecook2017${tenantId}
	</select>
	
	<select id="getExpiredIntegral" parameterType="map" resultType="int">
		select IFNULL(SUM(integral),0) from scan_integral_detail where type=2 and member_id = #{memberId} cecook2017${tenantId}
	</select>
	
	<select id="getCost" parameterType="map" resultType="map">
		select IFNULL(SUM(trade_price),0) cost_total,count(1) cost_count,IFNULL((select sum(purchase_quantity) from ser_order_detail a where t1.id=a.order_id),0) goods_total,
		count(pay_coupon) coupon_code_total,min(trade_time) first_cost_time,max(trade_time) last_cost_time,IFNULL(max(trade_price),0) max_cost 
		from ser_order_info t1 where consumer_id = #{memberId} cecook2017${tenantId}
	</select>
	<select id="getCostByDate" parameterType="map" resultType="int">
		select IFNULL(trade_price,0) from ser_order_info t1 where consumer_id=#{memberId} and trade_time=#{trade_time} cecook2017${tenantId}
	</select>
	<select id="getOrderMemberId" resultType="long">
		SELECT DISTINCT(IFNULL(consumer_id,0)) FROM ser_order_info where trade_time BETWEEN #{startTime} and #{endTime} cecook2017${tenantId}
	</select>
	<select id="getCustomer" parameterType="map" resultType="map">
		SELECT crm_score,expired_integral,use_integral,gain_integral,cost_total,cost_count,goods_total,average_cost,average_goods_quantity,
			coupon_code_total,first_cost_time,last_cost_time,max_cost,first_cost,last_cost FROM bc_customer where id=#{memberId} cecook2017${tenantId}
	</select>
	<select id="getYesterDayCost" parameterType="map" resultType="map">
		select IFNULL(trade_price,0) cost_total,count(1) cost_count,IFNULL((select sum(purchase_quantity) from ser_order_detail a where t1.id=a.order_id and create_time BETWEEN #{startTime} and #{endTime}),0) goods_total,
		count(pay_coupon) coupon_code_total,min(trade_time) first_cost_time,max(trade_time) last_cost_time,IFNULL(max(trade_price),0) max_cost
		from ser_order_info t1 where consumer_id=#{memberId} and trade_time BETWEEN #{startTime} and #{endTime} cecook2017${tenantId}
	</select>
	<update id="updateMemberRFMAttr" parameterType="map">
		update bc_customer set crm_score=#{integral},expired_integral=#{expiredIntegral},use_integral=#{useIntegral},
			gain_integral=#{gainIntegral},cost_total=#{cost_total},cost_count=#{cost_count},goods_total=#{goods_total},
			average_cost=#{average_cost},average_goods_quantity=#{average_goods_quantity},coupon_code_total=#{coupon_code_total},
			first_cost_time=#{first_cost_time},last_cost_time=#{last_cost_time},max_cost=#{max_cost},first_cost=#{first_cost},
			last_cost=#{last_cost} 
		where id = #{memberId} cecook2017${tenantId}
	</update>
</mapper>