<?xml version="1.0" encoding="UTF-8"?>
<!DOCTYPE mapper PUBLIC "-//mybatis.org//DTD Mapper 3.0//EN" "http://mybatis.org/dtd/mybatis-3-mapper.dtd">
<mapper namespace="cn.cecook.dao.business.scan.ScanCustomerMapper">
  <resultMap id="BaseResultMap" type="cn.cecook.model.business.scan.ScanCustomer">
    <id column="id" jdbcType="INTEGER" property="id" />
    <result column="uuid" jdbcType="VARCHAR" property="uuid" />
    <result column="tenant_id" jdbcType="VARCHAR" property="tenantId" />
    <result column="is_deleted" jdbcType="INTEGER" property="isDeleted" />
    <result column="create_id" jdbcType="BIGINT" property="createId" />
    <result column="create_time" jdbcType="TIMESTAMP" property="createTime" />
    <result column="order_code" jdbcType="VARCHAR" property="orderCode" />
    <result column="delete_time" jdbcType="TIMESTAMP" property="deleteTime" />
    <result column="remarks" jdbcType="VARCHAR" property="remarks" />
    <result column="attachment" jdbcType="VARCHAR" property="attachment" />
    <result column="bak1" jdbcType="VARCHAR" property="bak1" />
    <result column="bak2" jdbcType="VARCHAR" property="bak2" />
    <result column="bak3" jdbcType="VARCHAR" property="bak3" />
    <result column="bak4" jdbcType="VARCHAR" property="bak4" />
    <result column="member_id" jdbcType="INTEGER" property="memberId" />
    <result column="rule_ids" jdbcType="VARCHAR" property="ruleIds" />
    <result column="rule_names" jdbcType="VARCHAR" property="ruleNames" />
    <result column="type" jdbcType="INTEGER" property="type" />
    <result column="user_id" jdbcType="VARCHAR" property="userId" />
    <result column="user_idstr" jdbcType="VARCHAR" property="userIdstr" />
    <result column="user_screen_name" jdbcType="VARCHAR" property="userScreenName" />
    <result column="user_name" jdbcType="VARCHAR" property="userName" />
    <result column="user_province" jdbcType="INTEGER" property="userProvince" />
    <result column="user_city" jdbcType="INTEGER" property="userCity" />
    <result column="user_location" jdbcType="VARCHAR" property="userLocation" />
    <result column="user_description" jdbcType="VARCHAR" property="userDescription" />
    <result column="user_url" jdbcType="VARCHAR" property="userUrl" />
    <result column="user_profile_image_url" jdbcType="VARCHAR" property="userProfileImageUrl" />
    <result column="user_profile_url" jdbcType="VARCHAR" property="userProfileUrl" />
    <result column="user_domain" jdbcType="VARCHAR" property="userDomain" />
    <result column="user_weihao" jdbcType="VARCHAR" property="userWeihao" />
    <result column="user_gender" jdbcType="VARCHAR" property="userGender" />
    <result column="user_followers_count" jdbcType="INTEGER" property="userFollowersCount" />
    <result column="user_friends_count" jdbcType="INTEGER" property="userFriendsCount" />
    <result column="user_statuses_count" jdbcType="INTEGER" property="userStatusesCount" />
    <result column="user_favourites_count" jdbcType="INTEGER" property="userFavouritesCount" />
    <result column="user_created_at" jdbcType="TIMESTAMP" property="userCreatedAt" />
    <result column="user_following" jdbcType="INTEGER" property="userFollowing" />
    <result column="user_allow_all_act_msg" jdbcType="INTEGER" property="userAllowAllActMsg" />
    <result column="user_geo_enabled" jdbcType="INTEGER" property="userGeoEnabled" />
    <result column="user_verified" jdbcType="INTEGER" property="userVerified" />
    <result column="user_verified_type" jdbcType="INTEGER" property="userVerifiedType" />
    <result column="user_remark" jdbcType="VARCHAR" property="userRemark" />
    <result column="user_allow_all_comment" jdbcType="INTEGER" property="userAllowAllComment" />
    <result column="user_avatar_large" jdbcType="VARCHAR" property="userAvatarLarge" />
    <result column="user_avatar_hd" jdbcType="VARCHAR" property="userAvatarHd" />
    <result column="user_verified_reason" jdbcType="VARCHAR" property="userVerifiedReason" />
    <result column="user_follow_me" jdbcType="INTEGER" property="userFollowMe" />
    <result column="user_online_status" jdbcType="INTEGER" property="userOnlineStatus" />
    <result column="user_bi_followers_count" jdbcType="INTEGER" property="userBiFollowersCount" />
    <result column="user_lang" jdbcType="VARCHAR" property="userLang" />
    <result column="status_created_at" jdbcType="TIMESTAMP" property="statusCreatedAt" />
    
     <!-- 额外字段，不予数据库对应 -->
    <result column="total" jdbcType="INTEGER" property="total" />
    
  </resultMap>
  <sql id="Example_Where_Clause">
    <where>
      <foreach collection="oredCriteria" item="criteria" separator="or">
        <if test="criteria.valid">
          <trim prefix="(" prefixOverrides="and" suffix=")">
            <foreach collection="criteria.criteria" item="criterion">
              <choose>
                <when test="criterion.noValue">
                  and ${criterion.condition}
                </when>
                <when test="criterion.singleValue">
                  and ${criterion.condition} #{criterion.value}
                </when>
                <when test="criterion.betweenValue">
                  and ${criterion.condition} #{criterion.value} and #{criterion.secondValue}
                </when>
                <when test="criterion.listValue">
                  and ${criterion.condition}
                  <foreach close=")" collection="criterion.value" item="listItem" open="(" separator=",">
                    #{listItem}
                  </foreach>
                </when>
              </choose>
            </foreach>
          </trim>
        </if>
      </foreach>
    </where>
  </sql>
  <sql id="Update_By_Example_Where_Clause">
    <where>
      <foreach collection="example.oredCriteria" item="criteria" separator="or">
        <if test="criteria.valid">
          <trim prefix="(" prefixOverrides="and" suffix=")">
            <foreach collection="criteria.criteria" item="criterion">
              <choose>
                <when test="criterion.noValue">
                  and ${criterion.condition}
                </when>
                <when test="criterion.singleValue">
                  and ${criterion.condition} #{criterion.value}
                </when>
                <when test="criterion.betweenValue">
                  and ${criterion.condition} #{criterion.value} and #{criterion.secondValue}
                </when>
                <when test="criterion.listValue">
                  and ${criterion.condition}
                  <foreach close=")" collection="criterion.value" item="listItem" open="(" separator=",">
                    #{listItem}
                  </foreach>
                </when>
              </choose>
            </foreach>
          </trim>
        </if>
      </foreach>
    </where>
  </sql>
  <sql id="Base_Column_List">
    id, uuid, tenant_id, is_deleted, create_id, create_time, order_code, delete_time, 
    remarks, attachment, bak1, bak2, bak3, bak4, member_id, rule_ids, rule_names,type, user_id, 
    user_idstr, user_screen_name, user_name, user_province, user_city, user_location, 
    user_description, user_url, user_profile_image_url, user_profile_url, user_domain, 
    user_weihao, user_gender, user_followers_count, user_friends_count, user_statuses_count, 
    user_favourites_count, user_created_at, user_following, user_allow_all_act_msg, user_geo_enabled, 
    user_verified, user_verified_type, user_remark, user_allow_all_comment, user_avatar_large, 
    user_avatar_hd, user_verified_reason, user_follow_me, user_online_status, user_bi_followers_count, 
    user_lang,status_created_at
  </sql>
  <select id="selectByExample" parameterType="cn.cecook.model.business.scan.ScanCustomerExample" resultMap="BaseResultMap">
    select
    <if test="distinct">
      distinct
    </if>
    <include refid="Base_Column_List" />
    from scan_customer
    <if test="_parameter != null">
      <include refid="Example_Where_Clause" />
    </if>
    <if test="orderByClause != null">
      order by ${orderByClause}
    </if>
  </select>
  <select id="selectByPrimaryKey" parameterType="java.lang.Integer" resultMap="BaseResultMap">
    select 
    <include refid="Base_Column_List" />
    from scan_customer
    where id = #{id,jdbcType=INTEGER}
  </select>
  <delete id="deleteByPrimaryKey" parameterType="java.lang.Integer">
    delete from scan_customer
    where id = #{id,jdbcType=INTEGER}
  </delete>
  <delete id="deleteByExample" parameterType="cn.cecook.model.business.scan.ScanCustomerExample">
    delete from scan_customer
    <if test="_parameter != null">
      <include refid="Example_Where_Clause" />
    </if>
  </delete>
  <insert id="insert" parameterType="cn.cecook.model.business.scan.ScanCustomer" useGeneratedKeys="true" keyProperty="id">
    insert into scan_customer (id, uuid, tenant_id, 
      is_deleted, create_id, create_time, 
      order_code, delete_time, remarks, 
      attachment, bak1, bak2, 
      bak3, bak4, member_id, 
      rule_ids, rule_names,type, user_id, 
      user_idstr, user_screen_name, user_name, 
      user_province, user_city, user_location, 
      user_description, user_url, user_profile_image_url, 
      user_profile_url, user_domain, user_weihao, 
      user_gender, user_followers_count, user_friends_count, 
      user_statuses_count, user_favourites_count, 
      user_created_at, user_following, user_allow_all_act_msg, 
      user_geo_enabled, user_verified, user_verified_type, 
      user_remark, user_allow_all_comment, user_avatar_large, 
      user_avatar_hd, user_verified_reason, user_follow_me, 
      user_online_status, user_bi_followers_count, 
      user_lang,status_created_at)
    values (#{id,jdbcType=INTEGER}, #{uuid,jdbcType=VARCHAR}, #{tenantId,jdbcType=VARCHAR}, 
      #{isDeleted,jdbcType=INTEGER}, #{createId,jdbcType=BIGINT}, #{createTime,jdbcType=TIMESTAMP}, 
      #{orderCode,jdbcType=VARCHAR}, #{deleteTime,jdbcType=TIMESTAMP}, #{remarks,jdbcType=VARCHAR}, 
      #{attachment,jdbcType=VARCHAR}, #{bak1,jdbcType=VARCHAR}, #{bak2,jdbcType=VARCHAR}, 
      #{bak3,jdbcType=VARCHAR}, #{bak4,jdbcType=VARCHAR}, #{memberId,jdbcType=INTEGER}, 
      #{ruleIds,jdbcType=VARCHAR}, #{ruleNames,jdbcType=VARCHAR}, #{type,jdbcType=INTEGER}, #{userId,jdbcType=VARCHAR}, 
      #{userIdstr,jdbcType=VARCHAR}, #{userScreenName,jdbcType=VARCHAR}, #{userName,jdbcType=VARCHAR}, 
      #{userProvince,jdbcType=INTEGER}, #{userCity,jdbcType=INTEGER}, #{userLocation,jdbcType=VARCHAR}, 
      #{userDescription,jdbcType=VARCHAR}, #{userUrl,jdbcType=VARCHAR}, #{userProfileImageUrl,jdbcType=VARCHAR}, 
      #{userProfileUrl,jdbcType=VARCHAR}, #{userDomain,jdbcType=VARCHAR}, #{userWeihao,jdbcType=VARCHAR}, 
      #{userGender,jdbcType=VARCHAR}, #{userFollowersCount,jdbcType=INTEGER}, #{userFriendsCount,jdbcType=INTEGER}, 
      #{userStatusesCount,jdbcType=INTEGER}, #{userFavouritesCount,jdbcType=INTEGER}, 
      #{userCreatedAt,jdbcType=TIMESTAMP}, #{userFollowing,jdbcType=INTEGER}, #{userAllowAllActMsg,jdbcType=INTEGER}, 
      #{userGeoEnabled,jdbcType=INTEGER}, #{userVerified,jdbcType=INTEGER}, #{userVerifiedType,jdbcType=INTEGER}, 
      #{userRemark,jdbcType=VARCHAR}, #{userAllowAllComment,jdbcType=INTEGER}, #{userAvatarLarge,jdbcType=VARCHAR}, 
      #{userAvatarHd,jdbcType=VARCHAR}, #{userVerifiedReason,jdbcType=VARCHAR}, #{userFollowMe,jdbcType=INTEGER}, 
      #{userOnlineStatus,jdbcType=INTEGER}, #{userBiFollowersCount,jdbcType=INTEGER}, 
      #{userLang,jdbcType=VARCHAR},#{statusCreatedAt,jdbcType=TIMESTAMP})
      cecook2017${tenantId}
  </insert>
  <insert id="insertSelective" parameterType="cn.cecook.model.business.scan.ScanCustomer" useGeneratedKeys="true" keyProperty="id">
    insert into scan_customer
    <trim prefix="(" suffix=")" suffixOverrides=",">
      <if test="id != null">
        id,
      </if>
      <if test="uuid != null">
        uuid,
      </if>
      <if test="tenantId != null">
        tenant_id,
      </if>
      <if test="isDeleted != null">
        is_deleted,
      </if>
      <if test="createId != null">
        create_id,
      </if>
      <if test="createTime != null">
        create_time,
      </if>
      <if test="orderCode != null">
        order_code,
      </if>
      <if test="deleteTime != null">
        delete_time,
      </if>
      <if test="remarks != null">
        remarks,
      </if>
      <if test="attachment != null">
        attachment,
      </if>
      <if test="bak1 != null">
        bak1,
      </if>
      <if test="bak2 != null">
        bak2,
      </if>
      <if test="bak3 != null">
        bak3,
      </if>
      <if test="bak4 != null">
        bak4,
      </if>
      <if test="memberId != null">
        member_id,
      </if>
      <if test="ruleIds != null">
        rule_ids,
      </if>
      <if test="ruleNames != null">
        rule_names,
      </if>
      <if test="type != null">
        type,
      </if>
      <if test="userId != null">
        user_id,
      </if>
      <if test="userIdstr != null">
        user_idstr,
      </if>
      <if test="userScreenName != null">
        user_screen_name,
      </if>
      <if test="userName != null">
        user_name,
      </if>
      <if test="userProvince != null">
        user_province,
      </if>
      <if test="userCity != null">
        user_city,
      </if>
      <if test="userLocation != null">
        user_location,
      </if>
      <if test="userDescription != null">
        user_description,
      </if>
      <if test="userUrl != null">
        user_url,
      </if>
      <if test="userProfileImageUrl != null">
        user_profile_image_url,
      </if>
      <if test="userProfileUrl != null">
        user_profile_url,
      </if>
      <if test="userDomain != null">
        user_domain,
      </if>
      <if test="userWeihao != null">
        user_weihao,
      </if>
      <if test="userGender != null">
        user_gender,
      </if>
      <if test="userFollowersCount != null">
        user_followers_count,
      </if>
      <if test="userFriendsCount != null">
        user_friends_count,
      </if>
      <if test="userStatusesCount != null">
        user_statuses_count,
      </if>
      <if test="userFavouritesCount != null">
        user_favourites_count,
      </if>
      <if test="userCreatedAt != null">
        user_created_at,
      </if>
      <if test="userFollowing != null">
        user_following,
      </if>
      <if test="userAllowAllActMsg != null">
        user_allow_all_act_msg,
      </if>
      <if test="userGeoEnabled != null">
        user_geo_enabled,
      </if>
      <if test="userVerified != null">
        user_verified,
      </if>
      <if test="userVerifiedType != null">
        user_verified_type,
      </if>
      <if test="userRemark != null">
        user_remark,
      </if>
      <if test="userAllowAllComment != null">
        user_allow_all_comment,
      </if>
      <if test="userAvatarLarge != null">
        user_avatar_large,
      </if>
      <if test="userAvatarHd != null">
        user_avatar_hd,
      </if>
      <if test="userVerifiedReason != null">
        user_verified_reason,
      </if>
      <if test="userFollowMe != null">
        user_follow_me,
      </if>
      <if test="userOnlineStatus != null">
        user_online_status,
      </if>
      <if test="userBiFollowersCount != null">
        user_bi_followers_count,
      </if>
      <if test="userLang != null">
        user_lang,
      </if>
      <if test="statusCreatedAt != null">
        status_created_at,
      </if>
    </trim>
    <trim prefix="values (" suffix=")" suffixOverrides=",">
      <if test="id != null">
        #{id,jdbcType=INTEGER},
      </if>
      <if test="uuid != null">
        #{uuid,jdbcType=VARCHAR},
      </if>
      <if test="tenantId != null">
        #{tenantId,jdbcType=VARCHAR},
      </if>
      <if test="isDeleted != null">
        #{isDeleted,jdbcType=INTEGER},
      </if>
      <if test="createId != null">
        #{createId,jdbcType=BIGINT},
      </if>
      <if test="createTime != null">
        #{createTime,jdbcType=TIMESTAMP},
      </if>
      <if test="orderCode != null">
        #{orderCode,jdbcType=VARCHAR},
      </if>
      <if test="deleteTime != null">
        #{deleteTime,jdbcType=TIMESTAMP},
      </if>
      <if test="remarks != null">
        #{remarks,jdbcType=VARCHAR},
      </if>
      <if test="attachment != null">
        #{attachment,jdbcType=VARCHAR},
      </if>
      <if test="bak1 != null">
        #{bak1,jdbcType=VARCHAR},
      </if>
      <if test="bak2 != null">
        #{bak2,jdbcType=VARCHAR},
      </if>
      <if test="bak3 != null">
        #{bak3,jdbcType=VARCHAR},
      </if>
      <if test="bak4 != null">
        #{bak4,jdbcType=VARCHAR},
      </if>
      <if test="memberId != null">
        #{memberId,jdbcType=INTEGER},
      </if>
      <if test="ruleIds != null">
        #{ruleIds,jdbcType=VARCHAR},
      </if>
      <if test="ruleNames != null">
        #{ruleNames,jdbcType=VARCHAR},
      </if>
      <if test="type != null">
        #{type,jdbcType=INTEGER},
      </if>
      <if test="userId != null">
        #{userId,jdbcType=VARCHAR},
      </if>
      <if test="userIdstr != null">
        #{userIdstr,jdbcType=VARCHAR},
      </if>
      <if test="userScreenName != null">
        #{userScreenName,jdbcType=VARCHAR},
      </if>
      <if test="userName != null">
        #{userName,jdbcType=VARCHAR},
      </if>
      <if test="userProvince != null">
        #{userProvince,jdbcType=INTEGER},
      </if>
      <if test="userCity != null">
        #{userCity,jdbcType=INTEGER},
      </if>
      <if test="userLocation != null">
        #{userLocation,jdbcType=VARCHAR},
      </if>
      <if test="userDescription != null">
        #{userDescription,jdbcType=VARCHAR},
      </if>
      <if test="userUrl != null">
        #{userUrl,jdbcType=VARCHAR},
      </if>
      <if test="userProfileImageUrl != null">
        #{userProfileImageUrl,jdbcType=VARCHAR},
      </if>
      <if test="userProfileUrl != null">
        #{userProfileUrl,jdbcType=VARCHAR},
      </if>
      <if test="userDomain != null">
        #{userDomain,jdbcType=VARCHAR},
      </if>
      <if test="userWeihao != null">
        #{userWeihao,jdbcType=VARCHAR},
      </if>
      <if test="userGender != null">
        #{userGender,jdbcType=VARCHAR},
      </if>
      <if test="userFollowersCount != null">
        #{userFollowersCount,jdbcType=INTEGER},
      </if>
      <if test="userFriendsCount != null">
        #{userFriendsCount,jdbcType=INTEGER},
      </if>
      <if test="userStatusesCount != null">
        #{userStatusesCount,jdbcType=INTEGER},
      </if>
      <if test="userFavouritesCount != null">
        #{userFavouritesCount,jdbcType=INTEGER},
      </if>
      <if test="userCreatedAt != null">
        #{userCreatedAt,jdbcType=TIMESTAMP},
      </if>
      <if test="userFollowing != null">
        #{userFollowing,jdbcType=INTEGER},
      </if>
      <if test="userAllowAllActMsg != null">
        #{userAllowAllActMsg,jdbcType=INTEGER},
      </if>
      <if test="userGeoEnabled != null">
        #{userGeoEnabled,jdbcType=INTEGER},
      </if>
      <if test="userVerified != null">
        #{userVerified,jdbcType=INTEGER},
      </if>
      <if test="userVerifiedType != null">
        #{userVerifiedType,jdbcType=INTEGER},
      </if>
      <if test="userRemark != null">
        #{userRemark,jdbcType=VARCHAR},
      </if>
      <if test="userAllowAllComment != null">
        #{userAllowAllComment,jdbcType=INTEGER},
      </if>
      <if test="userAvatarLarge != null">
        #{userAvatarLarge,jdbcType=VARCHAR},
      </if>
      <if test="userAvatarHd != null">
        #{userAvatarHd,jdbcType=VARCHAR},
      </if>
      <if test="userVerifiedReason != null">
        #{userVerifiedReason,jdbcType=VARCHAR},
      </if>
      <if test="userFollowMe != null">
        #{userFollowMe,jdbcType=INTEGER},
      </if>
      <if test="userOnlineStatus != null">
        #{userOnlineStatus,jdbcType=INTEGER},
      </if>
      <if test="userBiFollowersCount != null">
        #{userBiFollowersCount,jdbcType=INTEGER},
      </if>
      <if test="userLang != null">
        #{userLang,jdbcType=VARCHAR}, 
      </if>
      <if test="statusCreatedAt != null">
        #{statusCreatedAt,jdbcType=TIMESTAMP},
      </if>
    </trim>
    cecook2017${tenantId}
  </insert>
  <select id="countByExample" parameterType="cn.cecook.model.business.scan.ScanCustomerExample" resultType="java.lang.Long">
    select count(*) from scan_customer
    <if test="_parameter != null">
      <include refid="Example_Where_Clause" />
    </if>
  </select>
  <update id="updateByExampleSelective" parameterType="map">
    update scan_customer
    <set>
      <if test="record.id != null">
        id = #{record.id,jdbcType=INTEGER},
      </if>
      <if test="record.uuid != null">
        uuid = #{record.uuid,jdbcType=VARCHAR},
      </if>
      <if test="record.tenantId != null">
        tenant_id = #{record.tenantId,jdbcType=VARCHAR},
      </if>
      <if test="record.isDeleted != null">
        is_deleted = #{record.isDeleted,jdbcType=INTEGER},
      </if>
      <if test="record.createId != null">
        create_id = #{record.createId,jdbcType=BIGINT},
      </if>
      <if test="record.createTime != null">
        create_time = #{record.createTime,jdbcType=TIMESTAMP},
      </if>
      <if test="record.orderCode != null">
        order_code = #{record.orderCode,jdbcType=VARCHAR},
      </if>
      <if test="record.deleteTime != null">
        delete_time = #{record.deleteTime,jdbcType=TIMESTAMP},
      </if>
      <if test="record.remarks != null">
        remarks = #{record.remarks,jdbcType=VARCHAR},
      </if>
      <if test="record.attachment != null">
        attachment = #{record.attachment,jdbcType=VARCHAR},
      </if>
      <if test="record.bak1 != null">
        bak1 = #{record.bak1,jdbcType=VARCHAR},
      </if>
      <if test="record.bak2 != null">
        bak2 = #{record.bak2,jdbcType=VARCHAR},
      </if>
      <if test="record.bak3 != null">
        bak3 = #{record.bak3,jdbcType=VARCHAR},
      </if>
      <if test="record.bak4 != null">
        bak4 = #{record.bak4,jdbcType=VARCHAR},
      </if>
      <if test="record.memberId != null">
        member_id = #{record.memberId,jdbcType=INTEGER},
      </if>
      <if test="record.ruleIds != null">
        rule_ids = #{record.ruleIds,jdbcType=VARCHAR},
      </if>
      <if test="record.ruleNames != null">
        rule_names = #{record.ruleNames,jdbcType=VARCHAR},
      </if>
      <if test="record.type != null">
        type = #{record.type,jdbcType=INTEGER},
      </if>
      <if test="record.userId != null">
        user_id = #{record.userId,jdbcType=VARCHAR},
      </if>
      <if test="record.userIdstr != null">
        user_idstr = #{record.userIdstr,jdbcType=VARCHAR},
      </if>
      <if test="record.userScreenName != null">
        user_screen_name = #{record.userScreenName,jdbcType=VARCHAR},
      </if>
      <if test="record.userName != null">
        user_name = #{record.userName,jdbcType=VARCHAR},
      </if>
      <if test="record.userProvince != null">
        user_province = #{record.userProvince,jdbcType=INTEGER},
      </if>
      <if test="record.userCity != null">
        user_city = #{record.userCity,jdbcType=INTEGER},
      </if>
      <if test="record.userLocation != null">
        user_location = #{record.userLocation,jdbcType=VARCHAR},
      </if>
      <if test="record.userDescription != null">
        user_description = #{record.userDescription,jdbcType=VARCHAR},
      </if>
      <if test="record.userUrl != null">
        user_url = #{record.userUrl,jdbcType=VARCHAR},
      </if>
      <if test="record.userProfileImageUrl != null">
        user_profile_image_url = #{record.userProfileImageUrl,jdbcType=VARCHAR},
      </if>
      <if test="record.userProfileUrl != null">
        user_profile_url = #{record.userProfileUrl,jdbcType=VARCHAR},
      </if>
      <if test="record.userDomain != null">
        user_domain = #{record.userDomain,jdbcType=VARCHAR},
      </if>
      <if test="record.userWeihao != null">
        user_weihao = #{record.userWeihao,jdbcType=VARCHAR},
      </if>
      <if test="record.userGender != null">
        user_gender = #{record.userGender,jdbcType=VARCHAR},
      </if>
      <if test="record.userFollowersCount != null">
        user_followers_count = #{record.userFollowersCount,jdbcType=INTEGER},
      </if>
      <if test="record.userFriendsCount != null">
        user_friends_count = #{record.userFriendsCount,jdbcType=INTEGER},
      </if>
      <if test="record.userStatusesCount != null">
        user_statuses_count = #{record.userStatusesCount,jdbcType=INTEGER},
      </if>
      <if test="record.userFavouritesCount != null">
        user_favourites_count = #{record.userFavouritesCount,jdbcType=INTEGER},
      </if>
      <if test="record.userCreatedAt != null">
        user_created_at = #{record.userCreatedAt,jdbcType=TIMESTAMP},
      </if>
      <if test="record.userFollowing != null">
        user_following = #{record.userFollowing,jdbcType=INTEGER},
      </if>
      <if test="record.userAllowAllActMsg != null">
        user_allow_all_act_msg = #{record.userAllowAllActMsg,jdbcType=INTEGER},
      </if>
      <if test="record.userGeoEnabled != null">
        user_geo_enabled = #{record.userGeoEnabled,jdbcType=INTEGER},
      </if>
      <if test="record.userVerified != null">
        user_verified = #{record.userVerified,jdbcType=INTEGER},
      </if>
      <if test="record.userVerifiedType != null">
        user_verified_type = #{record.userVerifiedType,jdbcType=INTEGER},
      </if>
      <if test="record.userRemark != null">
        user_remark = #{record.userRemark,jdbcType=VARCHAR},
      </if>
      <if test="record.userAllowAllComment != null">
        user_allow_all_comment = #{record.userAllowAllComment,jdbcType=INTEGER},
      </if>
      <if test="record.userAvatarLarge != null">
        user_avatar_large = #{record.userAvatarLarge,jdbcType=VARCHAR},
      </if>
      <if test="record.userAvatarHd != null">
        user_avatar_hd = #{record.userAvatarHd,jdbcType=VARCHAR},
      </if>
      <if test="record.userVerifiedReason != null">
        user_verified_reason = #{record.userVerifiedReason,jdbcType=VARCHAR},
      </if>
      <if test="record.userFollowMe != null">
        user_follow_me = #{record.userFollowMe,jdbcType=INTEGER},
      </if>
      <if test="record.userOnlineStatus != null">
        user_online_status = #{record.userOnlineStatus,jdbcType=INTEGER},
      </if>
      <if test="record.userBiFollowersCount != null">
        user_bi_followers_count = #{record.userBiFollowersCount,jdbcType=INTEGER},
      </if>
      <if test="record.userLang != null">
        user_lang = #{record.userLang,jdbcType=VARCHAR},
      </if>
      <if test="record.statusCreatedAt != null">
        status_created_at = #{record.statusCreatedAt,jdbcType=TIMESTAMP},
      </if>
    </set>
    <if test="_parameter != null">
      <include refid="Update_By_Example_Where_Clause" />
    </if>
  </update>
  <update id="updateByExample" parameterType="map">
    update scan_customer
    set id = #{record.id,jdbcType=INTEGER},
      uuid = #{record.uuid,jdbcType=VARCHAR},
      tenant_id = #{record.tenantId,jdbcType=VARCHAR},
      is_deleted = #{record.isDeleted,jdbcType=INTEGER},
      create_id = #{record.createId,jdbcType=BIGINT},
      create_time = #{record.createTime,jdbcType=TIMESTAMP},
      order_code = #{record.orderCode,jdbcType=VARCHAR},
      delete_time = #{record.deleteTime,jdbcType=TIMESTAMP},
      remarks = #{record.remarks,jdbcType=VARCHAR},
      attachment = #{record.attachment,jdbcType=VARCHAR},
      bak1 = #{record.bak1,jdbcType=VARCHAR},
      bak2 = #{record.bak2,jdbcType=VARCHAR},
      bak3 = #{record.bak3,jdbcType=VARCHAR},
      bak4 = #{record.bak4,jdbcType=VARCHAR},
      member_id = #{record.memberId,jdbcType=INTEGER},
      rule_ids = #{record.ruleIds,jdbcType=VARCHAR},
      rule_names = #{record.ruleNames,jdbcType=VARCHAR},
      type = #{record.type,jdbcType=INTEGER},
      user_id = #{record.userId,jdbcType=VARCHAR},
      user_idstr = #{record.userIdstr,jdbcType=VARCHAR},
      user_screen_name = #{record.userScreenName,jdbcType=VARCHAR},
      user_name = #{record.userName,jdbcType=VARCHAR},
      user_province = #{record.userProvince,jdbcType=INTEGER},
      user_city = #{record.userCity,jdbcType=INTEGER},
      user_location = #{record.userLocation,jdbcType=VARCHAR},
      user_description = #{record.userDescription,jdbcType=VARCHAR},
      user_url = #{record.userUrl,jdbcType=VARCHAR},
      user_profile_image_url = #{record.userProfileImageUrl,jdbcType=VARCHAR},
      user_profile_url = #{record.userProfileUrl,jdbcType=VARCHAR},
      user_domain = #{record.userDomain,jdbcType=VARCHAR},
      user_weihao = #{record.userWeihao,jdbcType=VARCHAR},
      user_gender = #{record.userGender,jdbcType=VARCHAR},
      user_followers_count = #{record.userFollowersCount,jdbcType=INTEGER},
      user_friends_count = #{record.userFriendsCount,jdbcType=INTEGER},
      user_statuses_count = #{record.userStatusesCount,jdbcType=INTEGER},
      user_favourites_count = #{record.userFavouritesCount,jdbcType=INTEGER},
      user_created_at = #{record.userCreatedAt,jdbcType=TIMESTAMP},
      user_following = #{record.userFollowing,jdbcType=INTEGER},
      user_allow_all_act_msg = #{record.userAllowAllActMsg,jdbcType=INTEGER},
      user_geo_enabled = #{record.userGeoEnabled,jdbcType=INTEGER},
      user_verified = #{record.userVerified,jdbcType=INTEGER},
      user_verified_type = #{record.userVerifiedType,jdbcType=INTEGER},
      user_remark = #{record.userRemark,jdbcType=VARCHAR},
      user_allow_all_comment = #{record.userAllowAllComment,jdbcType=INTEGER},
      user_avatar_large = #{record.userAvatarLarge,jdbcType=VARCHAR},
      user_avatar_hd = #{record.userAvatarHd,jdbcType=VARCHAR},
      user_verified_reason = #{record.userVerifiedReason,jdbcType=VARCHAR},
      user_follow_me = #{record.userFollowMe,jdbcType=INTEGER},
      user_online_status = #{record.userOnlineStatus,jdbcType=INTEGER},
      user_bi_followers_count = #{record.userBiFollowersCount,jdbcType=INTEGER},
      user_lang = #{record.userLang,jdbcType=VARCHAR},status_created_at = #{record.statusCreatedAt,jdbcType=TIMESTAMP}
    <if test="_parameter != null">
      <include refid="Update_By_Example_Where_Clause" />
    </if>
  </update>
  <update id="updateByPrimaryKeySelective" parameterType="cn.cecook.model.business.scan.ScanCustomer">
    update scan_customer
    <set>
      <if test="uuid != null">
        uuid = #{uuid,jdbcType=VARCHAR},
      </if>
      <if test="tenantId != null">
        tenant_id = #{tenantId,jdbcType=VARCHAR},
      </if>
      <if test="isDeleted != null">
        is_deleted = #{isDeleted,jdbcType=INTEGER},
      </if>
      <if test="createId != null">
        create_id = #{createId,jdbcType=BIGINT},
      </if>
      <if test="createTime != null">
        create_time = #{createTime,jdbcType=TIMESTAMP},
      </if>
      <if test="orderCode != null">
        order_code = #{orderCode,jdbcType=VARCHAR},
      </if>
      <if test="deleteTime != null">
        delete_time = #{deleteTime,jdbcType=TIMESTAMP},
      </if>
      <if test="remarks != null">
        remarks = #{remarks,jdbcType=VARCHAR},
      </if>
      <if test="attachment != null">
        attachment = #{attachment,jdbcType=VARCHAR},
      </if>
      <if test="bak1 != null">
        bak1 = #{bak1,jdbcType=VARCHAR},
      </if>
      <if test="bak2 != null">
        bak2 = #{bak2,jdbcType=VARCHAR},
      </if>
      <if test="bak3 != null">
        bak3 = #{bak3,jdbcType=VARCHAR},
      </if>
      <if test="bak4 != null">
        bak4 = #{bak4,jdbcType=VARCHAR},
      </if>
      <if test="memberId != null">
        member_id = #{memberId,jdbcType=INTEGER},
      </if>
      <if test="ruleIds != null">
        rule_ids = #{ruleIds,jdbcType=VARCHAR},
      </if>
      <if test="ruleNames != null">
        rule_names = #{ruleNames,jdbcType=VARCHAR},
      </if>
      <if test="type != null">
        type = #{type,jdbcType=INTEGER},
      </if>
      <if test="userId != null">
        user_id = #{userId,jdbcType=VARCHAR},
      </if>
      <if test="userIdstr != null">
        user_idstr = #{userIdstr,jdbcType=VARCHAR},
      </if>
      <if test="userScreenName != null">
        user_screen_name = #{userScreenName,jdbcType=VARCHAR},
      </if>
      <if test="userName != null">
        user_name = #{userName,jdbcType=VARCHAR},
      </if>
      <if test="userProvince != null">
        user_province = #{userProvince,jdbcType=INTEGER},
      </if>
      <if test="userCity != null">
        user_city = #{userCity,jdbcType=INTEGER},
      </if>
      <if test="userLocation != null">
        user_location = #{userLocation,jdbcType=VARCHAR},
      </if>
      <if test="userDescription != null">
        user_description = #{userDescription,jdbcType=VARCHAR},
      </if>
      <if test="userUrl != null">
        user_url = #{userUrl,jdbcType=VARCHAR},
      </if>
      <if test="userProfileImageUrl != null">
        user_profile_image_url = #{userProfileImageUrl,jdbcType=VARCHAR},
      </if>
      <if test="userProfileUrl != null">
        user_profile_url = #{userProfileUrl,jdbcType=VARCHAR},
      </if>
      <if test="userDomain != null">
        user_domain = #{userDomain,jdbcType=VARCHAR},
      </if>
      <if test="userWeihao != null">
        user_weihao = #{userWeihao,jdbcType=VARCHAR},
      </if>
      <if test="userGender != null">
        user_gender = #{userGender,jdbcType=VARCHAR},
      </if>
      <if test="userFollowersCount != null">
        user_followers_count = #{userFollowersCount,jdbcType=INTEGER},
      </if>
      <if test="userFriendsCount != null">
        user_friends_count = #{userFriendsCount,jdbcType=INTEGER},
      </if>
      <if test="userStatusesCount != null">
        user_statuses_count = #{userStatusesCount,jdbcType=INTEGER},
      </if>
      <if test="userFavouritesCount != null">
        user_favourites_count = #{userFavouritesCount,jdbcType=INTEGER},
      </if>
      <if test="userCreatedAt != null">
        user_created_at = #{userCreatedAt,jdbcType=TIMESTAMP},
      </if>
      <if test="userFollowing != null">
        user_following = #{userFollowing,jdbcType=INTEGER},
      </if>
      <if test="userAllowAllActMsg != null">
        user_allow_all_act_msg = #{userAllowAllActMsg,jdbcType=INTEGER},
      </if>
      <if test="userGeoEnabled != null">
        user_geo_enabled = #{userGeoEnabled,jdbcType=INTEGER},
      </if>
      <if test="userVerified != null">
        user_verified = #{userVerified,jdbcType=INTEGER},
      </if>
      <if test="userVerifiedType != null">
        user_verified_type = #{userVerifiedType,jdbcType=INTEGER},
      </if>
      <if test="userRemark != null">
        user_remark = #{userRemark,jdbcType=VARCHAR},
      </if>
      <if test="userAllowAllComment != null">
        user_allow_all_comment = #{userAllowAllComment,jdbcType=INTEGER},
      </if>
      <if test="userAvatarLarge != null">
        user_avatar_large = #{userAvatarLarge,jdbcType=VARCHAR},
      </if>
      <if test="userAvatarHd != null">
        user_avatar_hd = #{userAvatarHd,jdbcType=VARCHAR},
      </if>
      <if test="userVerifiedReason != null">
        user_verified_reason = #{userVerifiedReason,jdbcType=VARCHAR},
      </if>
      <if test="userFollowMe != null">
        user_follow_me = #{userFollowMe,jdbcType=INTEGER},
      </if>
      <if test="userOnlineStatus != null">
        user_online_status = #{userOnlineStatus,jdbcType=INTEGER},
      </if>
      <if test="userBiFollowersCount != null">
        user_bi_followers_count = #{userBiFollowersCount,jdbcType=INTEGER},
      </if>
      <if test="userLang != null">
        user_lang = #{userLang,jdbcType=VARCHAR},
      </if>
      <if test="statusCreatedAt != null">
        status_created_at = #{statusCreatedAt,jdbcType=TIMESTAMP},
      </if>
    </set>
    where id = #{id,jdbcType=INTEGER}
    cecook2017${tenantId}
  </update>
  <update id="updateByPrimaryKey" parameterType="cn.cecook.model.business.scan.ScanCustomer">
    update scan_customer
    set uuid = #{uuid,jdbcType=VARCHAR},
      tenant_id = #{tenantId,jdbcType=VARCHAR},
      is_deleted = #{isDeleted,jdbcType=INTEGER},
      create_id = #{createId,jdbcType=BIGINT},
      create_time = #{createTime,jdbcType=TIMESTAMP},
      order_code = #{orderCode,jdbcType=VARCHAR},
      delete_time = #{deleteTime,jdbcType=TIMESTAMP},
      remarks = #{remarks,jdbcType=VARCHAR},
      attachment = #{attachment,jdbcType=VARCHAR},
      bak1 = #{bak1,jdbcType=VARCHAR},
      bak2 = #{bak2,jdbcType=VARCHAR},
      bak3 = #{bak3,jdbcType=VARCHAR},
      bak4 = #{bak4,jdbcType=VARCHAR},
      member_id = #{memberId,jdbcType=INTEGER},
      rule_ids = #{ruleIds,jdbcType=VARCHAR},
      rule_names = #{ruleNames,jdbcType=VARCHAR},
      type = #{type,jdbcType=INTEGER},
      user_id = #{userId,jdbcType=VARCHAR},
      user_idstr = #{userIdstr,jdbcType=VARCHAR},
      user_screen_name = #{userScreenName,jdbcType=VARCHAR},
      user_name = #{userName,jdbcType=VARCHAR},
      user_province = #{userProvince,jdbcType=INTEGER},
      user_city = #{userCity,jdbcType=INTEGER},
      user_location = #{userLocation,jdbcType=VARCHAR},
      user_description = #{userDescription,jdbcType=VARCHAR},
      user_url = #{userUrl,jdbcType=VARCHAR},
      user_profile_image_url = #{userProfileImageUrl,jdbcType=VARCHAR},
      user_profile_url = #{userProfileUrl,jdbcType=VARCHAR},
      user_domain = #{userDomain,jdbcType=VARCHAR},
      user_weihao = #{userWeihao,jdbcType=VARCHAR},
      user_gender = #{userGender,jdbcType=VARCHAR},
      user_followers_count = #{userFollowersCount,jdbcType=INTEGER},
      user_friends_count = #{userFriendsCount,jdbcType=INTEGER},
      user_statuses_count = #{userStatusesCount,jdbcType=INTEGER},
      user_favourites_count = #{userFavouritesCount,jdbcType=INTEGER},
      user_created_at = #{userCreatedAt,jdbcType=TIMESTAMP},
      user_following = #{userFollowing,jdbcType=INTEGER},
      user_allow_all_act_msg = #{userAllowAllActMsg,jdbcType=INTEGER},
      user_geo_enabled = #{userGeoEnabled,jdbcType=INTEGER},
      user_verified = #{userVerified,jdbcType=INTEGER},
      user_verified_type = #{userVerifiedType,jdbcType=INTEGER},
      user_remark = #{userRemark,jdbcType=VARCHAR},
      user_allow_all_comment = #{userAllowAllComment,jdbcType=INTEGER},
      user_avatar_large = #{userAvatarLarge,jdbcType=VARCHAR},
      user_avatar_hd = #{userAvatarHd,jdbcType=VARCHAR},
      user_verified_reason = #{userVerifiedReason,jdbcType=VARCHAR},
      user_follow_me = #{userFollowMe,jdbcType=INTEGER},
      user_online_status = #{userOnlineStatus,jdbcType=INTEGER},
      user_bi_followers_count = #{userBiFollowersCount,jdbcType=INTEGER},
      user_lang = #{userLang,jdbcType=VARCHAR},status_created_at = #{statusCreatedAt,jdbcType=TIMESTAMP}
    where id = #{id,jdbcType=INTEGER}
  </update>
  
  
  	<select id="countWbUser" parameterType="string" resultType="int">
		select count(1) from scan_customer where user_id = #{user_id}
	</select>
	
	<select id="getByWbUserId" parameterType="map" resultMap="BaseResultMap">
		select <include refid="Base_Column_List"/> from scan_customer where user_id = #{user_id} cecook2017${tenantId}
	</select>
	
	<update id="updateType" parameterType="map">
		update scan_customer set type = #{type} where id= #{id}
	</update>
	
	<select id="getFindPeoChartList" parameterType="map" resultMap="BaseResultMap">
	    <!-- 原版备份
		SELECT t1.rule_ids,t1.rule_names,sum(t3.total) total,t2.status_created_at 
		FROM scan_customer t1
		left JOIN scan_find_people t2 ON t1.user_id = t2.user_id
		left join scan_keyword_statistics t3 on t3.customer_id = t1.id
		where 1=1 
	    and t2.status_created_at between #{startTime}
		and #{endTime} 
		and t1.type = #{type}
		and t1.status_created_at = t2.status_created_at
		and t1.is_deleted=0 and t2.is_deleted=0 and t3.is_deleted=0
		GROUP BY t1.rule_ids
		 -->
		SELECT a.id rule_ids,a.name rule_names,IFNULL(b.total,0) total,b.status_created_at from 
	   (select id,name from scan_rule t1 where t1.is_deleted=0 and type=1 AND is_open = 1) a
       LEFT JOIN
		(SELECT t1.rule_ids,t1.rule_names,sum(t3.total) total,t2.status_created_at 
		FROM scan_customer t1
		left JOIN scan_find_people t2 ON t1.user_id = t2.user_id
		left join scan_keyword_statistics t3 on t3.customer_id = t1.id
		where 1=1 
	  and t2.status_created_at between #{startTime} and #{endTime} 
		and t1.type = 2
		and t1.status_created_at = t2.status_created_at
		and t1.is_deleted=0 and t2.is_deleted=0 and t3.is_deleted=0
		GROUP BY t1.rule_ids) b
    ON a.id = b.rule_ids
	</select>
	
	<select id="getScanCustomerDate" resultType="map">
		select date_format(create_time, '%Y-%m-%d') createTime from 
		scan_customer WHERE is_deleted = 0 GROUP BY createTime 
	</select>
	
	
</mapper>