<?xml version="1.0" encoding="UTF-8" ?>
<!DOCTYPE mapper
PUBLIC "-//mybatis.org//DTD Mapper 3.0//EN"
"http://mybatis.org/dtd/mybatis-3-mapper.dtd">
<mapper namespace="cn.cecook.dao.business.service.AuditingMedicineMapper">
	<resultMap type="cn.cecook.model.business.service.AuditingMedicine" id="auditingMedicineMap">
		<result column='tenant_id' property='tenantId' />
		<result column='is_deleted' property='isDeleted' />
		<result column='create_id' property='createId' />
		<result column='create_time' property='createTime' />
		<result column='order_code' property='orderCode' />
		<result column='delete_time' property='deleteTime' />
		<result column='goods_id' property='goodsId' />
		<result column='goods_name' property='goodsName' />
		<result column='common_name' property='commonName' />
		<result column='company_name' property='companyName' />
		<result column='number_approval' property='numberApproval' />
		<result column='bar_code' property='barCode' />
		<result column='medicine_id' property='medicineId' />	
		<result column='instruction_id' property='instructionId' />			
	</resultMap>
	<select id="findAll" parameterType="cn.cecook.model.business.service.AuditingMedicine"
	    resultMap="auditingMedicineMap">
	    <include refid="query"></include>
	    <where>
	        is_deleted=0
	        <if test="status!=null">
	          and status=#{status}  
	        </if>
	    </where>
	    <include refid="withPage"></include>
	</select>
	<select id="getCount" parameterType="cn.cecook.model.business.service.AuditingMedicine"
	    resultType="java.lang.Integer">
	    select count(id) from ser_auditing_medicine 
	    <where>
	        is_deleted=0
	        <if test="status!=null">
	          and status=#{status}  
	        </if>
	    </where>
	</select>
	<select id="getOne" parameterType="cn.cecook.model.business.service.AuditingMedicine"
	    resultMap="auditingMedicineMap">
	    <include refid="query"></include>
	    <where>
	        id=#{id}
	    </where>
	</select>
	<insert id="addAuditingMedicine" parameterType="cn.cecook.model.business.service.AuditingMedicine"
	    useGeneratedKeys="true" keyProperty="id">
	    insert into ser_auditing_medicine(
	    uuid,tenant_id,is_deleted,create_id,create_time
		,order_code,delete_time,remarks,attachment,bak1,bak2,bak3,bak4,bak5
		,goods_id,goods_name,common_name,spec,company_name,number_approval,bar_code
		,status,medicine_id,instruction_id)  
		values(
		#{uuid}, #{tenantId}, #{isDeleted}, #{createId}, #{createTime}, #{orderCode}, #{deleteTime}, #{remarks}, #{attachment}, #{bak1}, #{bak2}, #{bak3}, #{bak4}, #{bak5},
		#{goodsId},#{goodsName},#{commonName},#{spec},#{companyName},#{numberApproval},#{barCode},#{status},#{medicineId},#{instructionId}
		)  
	</insert>
	<update id="updateAuditingMedicine" parameterType="cn.cecook.model.business.service.AuditingMedicine">
	    update ser_auditing_medicine set status=#{status}
	    <if test="medicineId!=null and medicineId!=''">
	        ,medicine_id=#{medicineId}
	    </if>
	     <if test="instructionId!=null and instructionId!=''">
	        ,instruction_id=#{instructionId}
	    </if>
	     where id=#{id}	    
	</update>
	<select id="findByBarCodeAndnumberApproval" resultMap="auditingMedicineMap">
	    select a.id as id,b.id as medicine_id from ser_auditing_medicine a inner join criterion_medicine b
		on a.bar_code=b.bar_code and a.number_approval=b.number_approval
	</select>
	<!-- 基本查询语句 -->
	<sql id="query">
		select id,uuid,tenant_id,is_deleted,create_id,create_time
		,order_code,delete_time,remarks,attachment,bak1,bak2,bak3,bak4,bak5
		,goods_id,goods_name,common_name,spec,company_name,number_approval,bar_code
		,status,medicine_id,instruction_id
		from ser_auditing_medicine
	</sql>
	<!-- 分页 -->
	<sql id="withPage">
	    <if test="pageStart!=null and pageSize!=null ">
	        limit #{pageStart},#{pageSize}
	    </if>
		
	</sql>
</mapper>