<?xml version="1.0" encoding="UTF-8" ?>
<!DOCTYPE mapper
PUBLIC "-//mybatis.org//DTD Mapper 3.0//EN"
"http://mybatis.org/dtd/mybatis-3-mapper.dtd">
<mapper namespace="cn.cecook.dao.business.service.CriterionMedicineMapper">
	<resultMap type="cn.cecook.model.business.service.CriterionMedicine" id="criterionMedicineMap">   
	   	<result column='tenant_id' property='tenantId'/>
		<result column='goods_code' property='goodsCode' />
		<result column='bar_code' property='barCode' />
		<result column='common_name' property='commonName' />
		<result column='create_time' property='createTime' />
		<result column='mnemonic_code' property='mnemonicCode' />
		<result column='goods_name' property='goodsName' />
		<result column='goods_id' property='goodsId' />
		<result column='english_name' property='englishName' />
		<result column='producing_area' property='producingArea' />
		<result column='company_name' property='companyName' />
		<result column='company_code' property='companyCode' />
		<result column='goods_type' property='goodsType' />
		<result column='operate_type' property='operateType' />	
		<result column='registration_code' property='registrationCode' />
		<result column='number_approval' property='numberApproval' />
		<result column='otc_code' property='otcCode' />
		<result column='period_valid' property='periodValid' />
		<result column='medicine_id' property='medicineId' />					
	</resultMap>
	<select id="findList" parameterType="cn.cecook.model.business.service.CriterionMedicine"
	    resultMap="criterionMedicineMap">
	    <include refid="query"></include>
	    <include refid="withPage"></include>
	</select>
	<select id="findByProp" parameterType="map"
	    resultMap="criterionMedicineMap">
	    <include refid="query"></include>
	    <where>
	        <if test="barCode!=null and barCode!=''">
	           or bar_code=#{barCode}
	        </if>
	        <if test="numberApproval!=null and numberApproval!=''">
	            or number_approval=#{numberApproval}
	        </if>
	    </where>
	</select>
	<select id="getCount" parameterType="cn.cecook.model.business.service.CriterionMedicine"
	    resultType="java.lang.Integer">
	    select count(id) from criterion_medicine 
	</select>
	<select id="getCriterionMedicine" parameterType="java.lang.Integer"
	  resultMap="criterionMedicineMap">
	    <include refid="query"></include>
	    where id=#{id}
	</select>
	<insert id="addCriterionMedicine" parameterType="cn.cecook.model.business.service.CriterionMedicine"
	     useGeneratedKeys="true" keyProperty="id" >
	    insert into criterion_medicine(goods_code,bar_code,common_name,mnemonic_code,gsp,goods_name,spell,english_name,spec
		,producing_area,company_code,company_name,dosage,goods_type,operate_type
		,registration_code,number_approval,otc_code,storage,period_valid,medicine_id)  
		values(
		#{goodsCode},#{barCode},#{commonName},#{mnemonicCode},#{gsp},#{goodsName},#{spell},#{englishName},#{spec}
		,#{producingArea},#{companyCode},#{companyName},#{dosage},#{goodsType},#{operateType}
		,#{registrationCode},#{numberApproval},#{otcCode},#{storage},#{periodValid},#{medicineId}
		)  
	</insert>
	<update id="updateCriterionMedicine" parameterType="cn.cecook.model.business.service.CriterionMedicine">
	    update criterion_medicine set gsp=#{gsp}
	    <if test="goodsCode!=null and goodsCode!=''">
	        ,goods_code=#{goodsCode}
	    </if>
	    <if test="barCode!=null and barCode!=''">
	        ,bar_code=#{barCode}
	    </if>
	    <if test="commonName!=null and commonName!=''">
	        ,common_name=#{commonName}
	    </if>
	    <if test="goodsName!=null and goodsName!=''">
	        ,goods_name=#{goodsName}
	    </if>
	    <if test="numberApproval!=null and numberApproval!=''">
	        ,number_approval=#{numberApproval}
	    </if>
	    <if test="spec!=null and spec!=''">
	        ,spec=#{spec}
	    </if>
	    <if test="  companyName!=null and   companyName!=''">
	        ,company_name=#{companyName}
	    </if>	  
	     where id=#{id}	    
	</update>
	<!-- 基本查询语句 -->
	<sql id="query">
		select id,goods_code,bar_code,common_name,mnemonic_code,gsp,goods_name,spell,english_name,spec
		,producing_area,company_code,company_name,dosage,goods_type,operate_type
		,registration_code,number_approval,otc_code,storage,period_valid,medicine_id
		from criterion_medicine
	</sql>
	<!-- 分页 -->
	<sql id="withPage">
		limit #{pageStart},#{pageSize}
	</sql>
</mapper>