<?xml version="1.0" encoding="UTF-8" ?>
<!DOCTYPE mapper
PUBLIC "-//mybatis.org//DTD Mapper 3.0//EN"
"http://mybatis.org/dtd/mybatis-3-mapper.dtd">
<mapper namespace="cn.cecook.dao.business.service.CustomerMedicineMapper">
	<resultMap type="cn.cecook.model.business.service.CustomerMedicine" id="customerMedicineMap">
		<result column='tenant_id' property='tenantId' />
		<result column='is_deleted' property='isDeleted' />
		<result column='create_id' property='createId' />
		<result column='create_time' property='createTime' />
		<result column='order_code' property='orderCode' />
		<result column='delete_time' property='deleteTime' />
		<result column='goods_id' property='goodsId' />
		<result column='goods_name' property='goodsName' />
		<result column='common_name' property='commonName' />
		<result column='company_name' property='companyName' />
		<result column='number_approval' property='numberApproval' />
		<result column='bar_code' property='barCode' />
		<result column='medicine_id' property='medicineId' />				
	</resultMap>
	<select id="findAll" parameterType="cn.cecook.model.business.service.CustomerMedicine"
	    resultMap="customerMedicineMap">
	    <include refid="query"></include>
	    <where>
	        is_deleted=0
	    </where>
	    <include refid="withPage"></include>
	</select>
	<select id="getCount" parameterType="cn.cecook.model.business.service.CustomerMedicine"
	    resultType="java.lang.Integer">
	    select count(id) from ser_customer_medicine 
	    <where>
	        is_deleted=0
	    </where>
	</select>
	<insert id="addCustomerMedicine" parameterType="cn.cecook.model.business.service.CustomerMedicine"
	    useGeneratedKeys="true" keyProperty="id">
	    insert into ser_customer_medicine(
	    is_deleted,create_id,create_time
		,order_code,delete_time,remarks,attachment,bak1,bak2,bak3,bak4,bak5
		,goods_id,goods_name,common_name,spec,company_name,number_approval,bar_code
		,medicine_id)  
		values(
		#{isDeleted}, #{createId}, #{createTime}, #{orderCode}, #{deleteTime}, #{remarks}, #{attachment}, #{bak1}, #{bak2}, #{bak3}, #{bak4}, #{bak5},
		#{goodsId},#{goodsName},#{commonName},#{spec},#{companyName},#{numberApproval},#{barCode},#{medicineId}
		)  
	</insert>
	<update id="updateCustomerMedicine" parameterType="cn.cecook.model.business.service.CustomerMedicine">
	    update ser_customer_medicine set medicine_id=#{medicineId}
	     where id=#{id}	    
	</update>
	<!-- 基本查询语句 -->
	<sql id="query">
		select id,uuid,tenant_id,is_deleted,create_id,create_time
		,order_code,delete_time,remarks,attachment,bak1,bak2,bak3,bak4,bak5
		,goods_id,goods_name,common_name,spec,company_name,number_approval,bar_code
		,medicine_id
		from ser_customer_medicine
	</sql>
	<!-- 分页 -->
	<sql id="withPage">
		limit #{pageStart},#{pageSize}
	</sql>
</mapper>