<?xml version="1.0" encoding="UTF-8" ?>
<!DOCTYPE mapper
PUBLIC "-//mybatis.org//DTD Mapper 3.0//EN"
"http://mybatis.org/dtd/mybatis-3-mapper.dtd">
<mapper namespace="cn.cecook.dao.business.service.EvaluationDetailMapper">
	<resultMap type="cn.cecook.model.business.service.EvaluationDetail" id="orderAssessmentDetailMap">
		<result column='tenant_id' property='tenantId' /> 
<result column='is_deleted' property='isDeleted' /> 
<result column='create_id' property='createId' /> 
<result column='create_time' property='createTime' /> 
<result column='order_code' property='orderCode' /> 
<result column='delete_time' property='deleteTime' /> 
<result column='evaluation_id' property='evaluationId' /> 
	</resultMap>
	<!-- 对应dao中的查询方法 -->
	<select id="findAll" parameterType="cn.cecook.model.business.service.EvaluationDetail" resultMap="orderAssessmentDetailMap">
		<include refid="query"></include>
		<where> is_deleted=0
		 <if test="evaluationId!=null">
		       and evaluation_id=#{evaluationId} 
		   </if>
		 </where>
	</select>
	<!-- 查询记录总数 -->
	<select id="getCount" parameterType="cn.cecook.model.business.service.EvaluationDetail" resultType="java.lang.Integer">
		select count(id) from ser_evaluation_detail
		<include refid="queryWhere"></include>
	</select>
	<!-- 查询单条记录 -->
	<select id="findOne" parameterType="cn.cecook.model.business.service.EvaluationDetail" resultMap="orderAssessmentDetailMap">
		<include refid="query"></include>
		 where id=#{id}		
	</select>
	<!-- 插入方法 -->
	<insert id="addEvaluationDetail" parameterType="cn.cecook.model.business.service.EvaluationDetail">
		insert into ser_evaluation_detail(
				uuid, tenant_id, is_deleted, create_id, create_time, order_code, delete_time, remarks, attachment, bak1, bak2, bak3, bak4, bak5, evaluation_id, name, score,description)
				values(
				#{uuid}, #{tenantId}, #{isDeleted}, #{createId}, #{createTime}, #{orderCode}, #{deleteTime}, #{remarks}, #{attachment}, #{bak1}, #{bak2}, #{bak3}, #{bak4}, #{bak5}, #{evaluationId}, #{name}, #{score},#{description}
				)
	</insert>
	<!-- 修改方法 -->
	<update id="update" parameterType="cn.cecook.model.business.service.EvaluationDetail">
		update ser_evaluation_detail set
				 uuid=#{uuid}, tenant_id=#{tenantId}, is_deleted=#{isDeleted}, create_id=#{createId}, create_time=#{createTime}, order_code=#{orderCode}, delete_time=#{deleteTime}, remarks=#{remarks}, attachment=#{attachment}, bak1=#{bak1}, bak2=#{bak2}, bak3=#{bak3}, bak4=#{bak4}, bak5=#{bak5}, assessment_id=#{assessmentId}, assess_item_name=#{assessItemName}, assess_item_score=#{assessItemScore}
				where id=#{id}
	</update>
	<!-- 删除方法 -->
	<delete id="delete" parameterType="Integer">
		delete from ser_evaluation_detail where id=#{1}
	</delete>
	<!-- 基本查询语句 -->
	<sql id="query">
			select id,
				uuid, tenant_id, is_deleted, create_id, create_time, order_code, delete_time, remarks, attachment, bak1, bak2, bak3, bak4, bak5, evaluation_id, name, score,description
				from ser_evaluation_detail		
	</sql>
	<!-- 条件语句 -->
	<sql id="queryWhere">
	<where>
		</where>
	</sql>
</mapper>