<?xml version="1.0" encoding="UTF-8" ?>
<!DOCTYPE mapper
PUBLIC "-//mybatis.org//DTD Mapper 3.0//EN"
"http://mybatis.org/dtd/mybatis-3-mapper.dtd">
<mapper namespace="cn.cecook.dao.business.service.EvaluationInfoMapper">
	<resultMap type="cn.cecook.model.business.service.EvaluationInfo" id="orderAssessmentMap">
		<result column='tenant_id' property='tenantId' />
		<result column='is_deleted' property='isDeleted' />
		<result column='create_id' property='createId' />
		<result column='create_time' property='createTime' />
		<result column='order_code' property='orderCode' />
		<result column='delete_time' property='deleteTime' />
		<result column='order_id' property='orderId' />
		<result column='medicine_id' property='medicineId' />
		<result column='ser_rule_id' property='serRuleId' />
	</resultMap>
	<!-- 对应dao中的查询方法 -->
	<select id="findAll" parameterType="map" resultMap="orderAssessmentMap">
		select DISTINCT(a.id),
		a.uuid, a.tenant_id, a.is_deleted, a.create_id, a.create_time, a.order_code,
		a.delete_time, a.remarks, a.attachment,a.bak1, a.bak2, a.bak3, a.bak4,
		a.bak5, a.order_id, a.score,
		a.description,a.medicine_id,a.ser_rule_id,a.tags
		from ser_evaluation_info a, ser_order_info b,ser_evaluation_detail c
		<where>
			a.is_deleted=0 and a.order_id=b.id and c.evaluation_id=a.id
			<if test="name!=null">
				and b.consumer_name=#{name}
			</if>
			<if test="phone!=null">
				and b.consumer_phone=#{phone}
			</if>
			<if test="startDate !=null">
				and DATE_FORMAT(a.create_time,'%Y-%m-%d')>=#{startDate}
			</if>
			<if test="endDate !=null">
				and #{endDate}>=DATE_FORMAT(a.create_time,'%Y-%m-%d')
			</if>
			<if test="serviceFlag!=null">
				and c.name=#{serviceFlag} and 4>c.score
			</if>
		</where>
		<if test="withSort!=null">
		    order by a.create_time ${withSort}
		</if>
		<include refid="withPage"></include>
		
	</select>
	<!-- 查询记录总数 -->
	<select id="getCount" parameterType="map" resultType="java.lang.Integer">
		select count(DISTINCT(a.id))
		from ser_evaluation_info a, ser_order_info b,ser_evaluation_detail c
		<where>
			a.is_deleted=0 and a.order_id=b.id and c.evaluation_id=a.id
			<if test="name!=null">
				and b.consumer_name=#{name}
			</if>
			<if test="phone!=null">
				and b.consumer_phone=#{phone}
			</if>
			<if test="startDate !=null">
				and DATE_FORMAT(a.create_time,'%Y-%m-%d')>=#{startDate}
			</if>
			<if test="endDate !=null">
				and #{endDate}>=DATE_FORMAT(a.create_time,'%Y-%m-%d')
			</if>
			<if test="serviceFlag!=null">
				and c.name=#{serviceFlag} and 4>c.score
			</if>
		</where>
	</select>
	<!-- 查询单条记录 -->
	<select id="findOne" parameterType="cn.cecook.model.business.service.EvaluationInfo"
		resultMap="orderAssessmentMap">
		<include refid="query"></include>
		where order_id=#{orderId}
	</select>
	<!-- 插入方法 -->
	<insert id="addEvaluationInfo" parameterType="cn.cecook.model.business.service.EvaluationInfo">
		insert into
		ser_evaluation_info(
		uuid, tenant_id, is_deleted, create_id, create_time, order_code,
		delete_time, remarks, attachment, bak1, bak2, bak3, bak4,
		bak5,order_id, score, description,medicine_id,ser_rule_id,tags)
		values(
		#{uuid}, #{tenantId}, #{isDeleted}, #{createId}, #{createTime}, #{orderCode},
		#{deleteTime}, #{remarks}, #{attachment}, #{bak1}, #{bak2}, #{bak3},
		#{bak4}, #{bak5}, #{orderId}, #{score}, #{description}, #{medicineId},
		#{serRuleId},#{tags}
		)
	</insert>
	<!-- 修改方法 -->
	<update id="update" parameterType="cn.cecook.model.business.service.EvaluationInfo">
		update ser_evaluation_info set
		uuid=#{uuid}, tenant_id=#{tenantId}, is_deleted=#{isDeleted},
		create_id=#{createId}, create_time=#{createTime},
		order_code=#{orderCode}, delete_time=#{deleteTime},
		remarks=#{remarks}, attachment=#{attachment}, bak1=#{bak1},
		bak2=#{bak2}, bak3=#{bak3}, bak4=#{bak4}, bak5=#{bak5},
		order_id=#{orderId}, score= #{score}, description=#{description},
		medicine_id=#{medicineId}, ser_rule_id=#{serRuleId}，tags=#{tags}
		where id=#{id}
	</update>
	<!-- 根据id查询方法 -->
	<select id="findById" parameterType="java.lang.Integer"
		resultMap="orderAssessmentMap">
		<include refid="query"></include>
		where id=#{id}
	</select>
	<!-- 根据orderId查询方法 -->
	<select id="findByOrderId" parameterType="java.lang.String"
		resultType="java.lang.Integer">
		select count(id) from ser_evaluation_info
		where order_id=#{orderId}
	</select>
	<!-- 基本查询语句 -->
	<sql id="query">
		select id,
		uuid, tenant_id, is_deleted, create_id, create_time, order_code,
		delete_time, remarks, attachment, bak1, bak2, bak3, bak4, bak5,
		order_id, score, description,medicine_id,ser_rule_id,tags
		from ser_evaluation_info
	</sql>
	<!-- 条件语句 -->
	<sql id="queryWhere">
		<where>
		</where>
	</sql>
	<!-- 分页 -->
	<sql id="withPage">
		limit #{pageStart},#{pageSize}
	</sql>

	<select id="isEvaluateByOrderId" resultType="java.lang.Integer">
		SELECT COUNT(1) FROM ser_evaluation_info WHERE order_id =#{id} and
		is_deleted=0
		<if test="tenantId!=null and tenantId!=''">
			cecook2017${tenantId}
		</if>

	</select>

</mapper>