<?xml version="1.0" encoding="UTF-8" ?>
<!DOCTYPE mapper
PUBLIC "-//mybatis.org//DTD Mapper 3.0//EN"
"http://mybatis.org/dtd/mybatis-3-mapper.dtd">
<mapper namespace="cn.cecook.dao.business.service.ImedicineDao">
	<resultMap type="cn.cecook.model.business.service.Medicine"
		id="medicineMap">
		<result column='medicine_name' property='medicineName' />
		<result column='common_name' property='commonName' />
		<result column='english_name' property='englishName' />
		<result column='side_effect' property='sideEffect' />
		<result column='period_valid' property='periodValid' />
		<result column='number_approval' property='numberApproval' />
		<result column='production_address' property='productionAddress' />
		<result column='business_phone' property='businessPhone' />
		<result column='rule_id' property='ruleId' />
	</resultMap>
	<!-- 对应dao中的查询方法 -->
	<select id="findAll" parameterType="cn.cecook.model.business.service.Medicine"
		resultMap="medicineMap">
		<include refid="query"></include>
		<include refid="queryWhere"></include>
		<include refid="withSort"></include>
		<include refid="withPage"></include>
	</select>
	<!-- 查询记录总数 -->
	<select id="getCount" parameterType="cn.cecook.model.business.service.Medicine"
		resultType="java.lang.Integer">
		select count(id) from base_goods_medicine_info
		<include refid="queryWhere"></include>
	</select>
	<!-- 查询单条记录 -->
	<select id="findOne" parameterType="cn.cecook.model.business.service.Medicine"
		resultMap="medicineMap">
		<include refid="query"></include>
		where id=#{id}
	</select>
	<!-- 插入方法 -->
	<insert id="addMedicine" parameterType="cn.cecook.model.business.service.Medicine">
		insert into medicine(
		medicine_name, common_name, english_name, element, indication, dosage,
		side_effect, contraindication, precaution, storage, period_valid,
		number_approval, company_name, production_address, business_phone,
		bDisable, rule_id)
		values(
		#{medicineName}, #{commonName},
		#{englishName}, #{element}, #{indication}, #{dosage},
		#{sideEffect},
		#{contraindication}, #{precaution}, #{storage},
		#{periodValid},
		#{numberApproval}, #{company_name},
		#{productionAddress},
		#{businessPhone}, #{bDisable}, #{ruleId}
		)
	</insert>
	<!-- 修改方法 -->
	<update id="update" parameterType="cn.cecook.model.business.service.Medicine">
		update medicine set
		medicine_name=#{medicineName}, common_name=#{commonName},
		english_name=#{englishName}, element=#{element},
		indication=#{indication}, dosage=#{dosage}, side_effect=#{sideEffect},
		contraindication=#{contraindication}, precaution=#{precaution},
		storage=#{storage}, period_valid=#{periodValid},
		number_approval=#{numberApproval}, company_name=#{company_name},
		production_address=#{productionAddress},
		business_phone=#{businessPhone}, bDisable=#{bDisable},
		rule_id=#{ruleId}
		where id=#{id}
	</update>
	<!-- 删除方法 -->
	<delete id="delete" parameterType="Integer">
		delete from base_goods_medicine_info where
		id=#{1}
	</delete>
	<!-- 基本查询语句 -->
	<sql id="query">
		select id,
		medicine_name, common_name, english_name,
		element, indication, dosage, side_effect,
		contraindication, precaution,
		storage, period_valid, number_approval,
		company_name,
		production_address, business_phone
		from base_goods_medicine_info
	</sql>
	<!-- 条件语句 -->
	<sql id="queryWhere">
		<where>
		</where>
	</sql>
	<!-- 分页 -->
	<sql id="withPage">
		<if test="withPage==1">
			limit #{pageStart},#{pageSize}
		</if>
	</sql>
	<!-- 排序 -->
	<sql id="withSort">
		<if test="withSort!=null">
			order by ${withSort}
		</if>
	</sql>


	<select id="getMedicineRuleList" parameterType="java.lang.Integer"
		resultType="map">
		SELECT
		t1.id,
		t1.medicine_name,
		t2.after_days,
		t2.sms_model_id,
		t3.type,
		t3.content
		FROM
		medicine t1,
		ser_medicine_rule
		t2,
		bm_sms_model t3
		WHERE
		t1.id = t2.medicine_id
		AND t2.is_deleted = 0
		AND
		t2.sms_model_id=t3.id
		AND t1.id=#{id}
	</select>

	<select id="getMedicineRule" parameterType="map" resultType="map">
		SELECT t3.content_type AS type,t3.content FROM
		
		ser_quartz_task t2 
		LEFT
		JOIN bm_sms_model t3 ON t3.id=t2.sms_model_id

		WHERE
		
		t2.sms_model_id=#{modelId}
		limit 1
		<if test="tenantId!=null and tenantId!=''">
			cecook2017${tenantId}
		</if>
	</select>


	<select id="getNameAndTaskId" parameterType="java.lang.Integer"
		resultType="map">
		select medicine_name,ifnull(automated_task_id,0) as automated_task_id
		from base_goods_medicine_info where
		id=#{id}
		<if test="tenantId!=null and tenantId!=''">
			cecook2017${tenantId}
		</if>

	</select>
	<!-- 根据药品id判断订单是否评价 -->
	<select id="isAppraiseByMedicineId" parameterType="java.lang.Integer"
		resultType="java.lang.Integer">
		SELECT
		COUNT(1)
		FROM
		ser_evaluation_info
		WHERE
		order_id IN (
		SELECT
		order_id
		FROM
		ser_order_detail
		WHERE
		goods_id = #{medicineId}
		)
		;
	</select>

	<select id="medicineList" parameterType="map" resultType="map">
		select id,medicine_name from base_goods_medicine_info where 1=1
		<if test="keyWord!=null and keyWord!=''">
			and medicine_name LIKE CONCAT('%',#{keyWord},'%')
		</if>
		order by id desc
		limit #{startIndex},#{pageSize}
	</select>
	<select id="countMedicineList" parameterType="map" resultType="java.lang.Integer">
		select count(1) from base_goods_medicine_info where 1=1
		<if test="keyWord!=null and keyWord!=''">
			and (medicine_name LIKE CONCAT('%',#{keyWord},'%') or
			common_name LIKE CONCAT('%',#{keyWord},'%'))
		</if>
	</select>
	<select id="findByName" parameterType="map" resultMap="medicineMap">
		select id,medicine_name from base_goods_medicine_info
		<if test="name!=null and name!=''">
			where medicine_name=#{name}
		</if>
	</select>
	<select id="findByProp" parameterType="map" resultType="map">
		select id,medicine_name as goodsName,common_name as
		commonName,number_approval as numberApproval,company_name as
		companyName from base_goods_medicine_info
		<where>
			<if test="numberApproval!=null and numberApproval!=''">
				number_approval LIKE CONCAT('%',#{numberApproval},'%')
			</if>
			<if test="numberApproval!=null and numberApproval!=''">
				number_approval LIKE CONCAT('%',#{numberApproval},'%')
			</if>
		</where>
	</select>


	<select id="getTaskMedicinesByIds" parameterType="java.util.List"
		resultType="map">
		select GROUP_CONCAT(id separator ',') AS medicineIds
		,GROUP_CONCAT(medicine_name separator ',') AS medicineNames from
		base_goods_medicine_info WHERE id in
		<foreach item="item" index="index" collection="list" open="("
			separator="," close=")">
			#{item}
		</foreach>

	</select>

	<select id="getMedicineNameById" parameterType="java.lang.Integer"
		resultType="java.lang.String">
		select medicine_name from base_goods_medicine_info where id=#{id} and
		is_deleted=0


	</select>
</mapper>