<?xml version="1.0" encoding="UTF-8" ?>
<!DOCTYPE mapper
PUBLIC "-//mybatis.org//DTD Mapper 3.0//EN"
"http://mybatis.org/dtd/mybatis-3-mapper.dtd">
<mapper namespace="cn.cecook.dao.business.service.IorderTagDao">
	<resultMap type="cn.cecook.model.business.service.OrderTag" id="orderTagMap">
		<result column='tenant_id' property='tenantId' /> 
<result column='is_deleted' property='isDeleted' /> 
<result column='create_id' property='createId' /> 
<result column='create_time' property='createTime' /> 
<result column='delete_time' property='deleteTime' /> 
<result column='order_id' property='orderId' /> 
<result column='tag_name' property='tagName' /> 

	</resultMap>
	<!-- 对应dao中的查询方法 -->
	<select id="findAll" parameterType="cn.cecook.model.business.service.OrderTag" resultMap="orderTagMap">
		<include refid="query"></include>
		<include refid="queryWhere"></include>
	</select>
	<!-- 查询记录总数 -->
	<select id="getCount" parameterType="cn.cecook.model.business.service.OrderTag" resultType="java.lang.Integer">
		select count(id) from ser_order_tags_rl
		<include refid="queryWhere"></include>
	</select>
	<!-- 查询单条记录 -->
	<select id="findOne" parameterType="cn.cecook.model.business.service.OrderTag" resultMap="orderTagMap">
		<include refid="query"></include>
		 where id=#{id}		
	</select>
	<!-- 插入方法 -->
	<insert id="addOrderTag" parameterType="cn.cecook.model.business.service.OrderTag">
		insert into ser_order_tags_rl(
				uuid, tenant_id, is_deleted, create_id, create_time, delete_time, order_id, tag_name)
				values(
				#{uuid}, #{tenantId}, #{isDeleted}, #{createId}, #{createTime}, #{deleteTime},  #{orderId}, #{tagName}
				)
	</insert>
	<!-- 修改方法 -->
	<update id="update" parameterType="cn.cecook.model.business.service.OrderTag">
		update OrderTag set
				 uuid=#{uuid}, tenant_id=#{tenantId}, is_deleted=#{isDeleted}, create_id=#{createId}, create_time=#{createTime}, delete_time=#{deleteTime},  order_id=#{orderId}, tag_name=#{tagName}
				where id=#{id}
	</update>
	<!-- 删除方法 -->
	<delete id="delete" parameterType="Integer">
		delete from ser_order_tags_rl where id=#{1}
	</delete>
	<!-- 基本查询语句 -->
	<sql id="query">
			select id,
				uuid, tenant_id, is_deleted, create_id, create_time,  delete_time,order_id, tag_name
				from ser_order_tags_rl		
	</sql>
	<!-- 条件语句 -->
	<sql id="queryWhere">
		<where>
	    <if test="orderId !=null">
			order_id=#{orderId}
		</if>
		</where>
	</sql>
</mapper>