<?xml version="1.0" encoding="UTF-8" ?>
<!DOCTYPE mapper
        PUBLIC "-//mybatis.org//DTD Mapper 3.0//EN"
        "http://mybatis.org/dtd/mybatis-3-mapper.dtd">
<mapper namespace="cn.cecook.dao.business.service.IorderDetailDao">
    <resultMap type="cn.cecook.model.business.service.OrderDetail" id="orderDetailMap">
        <result column='tenant_id' property='tenantId'/>
        <result column='is_deleted' property='isDeleted'/>
        <result column='create_id' property='createId'/>
        <result column='create_time' property='createTime'/>
        <result column='order_code' property='orderCode'/>
        <result column='delete_time' property='deleteTime'/>
        <result column='order_id' property='orderId'/>
        <result column='goods_id' property='goodsId'/>
        <result column='goods_code' property='goodsCode'/>
        <result column='goods_name' property='goodsName'/>
        <result column='purchase_quantity' property='purchaseQuantity'/>
        <result column='unit_price' property='unitPrice'/>
        <result column='discount_price' property='discountPrice'/>
        <result column='total_price' property='totalPrice'/>


    </resultMap>
    <!-- 对应dao中的查询方法 -->
    <select id="findAll" parameterType="cn.cecook.model.business.service.OrderDetail" resultMap="orderDetailMap">
        <include refid="query"></include>
        <include refid="queryWhere"></include>
    </select>
    <!-- 查询记录总数 -->
    <select id="getCount" parameterType="cn.cecook.model.business.service.OrderDetail" resultType="java.lang.Integer">
        select count(id) from ser_order_detail
        <include refid="queryWhere"></include>
    </select>
    <!-- 查询单条记录 -->
    <select id="findOne" parameterType="cn.cecook.model.business.service.OrderDetail" resultMap="orderDetailMap">
        <include refid="query"></include>
        where id=#{id}
    </select>
    <!-- 插入方法 -->
    <insert id="addOrderDetail" parameterType="cn.cecook.model.business.service.OrderDetail">
		insert into ser_order_detail(
				uuid, tenant_id, is_deleted, create_id, create_time, order_code, delete_time, remarks, attachment, bak1, bak2, bak3, bak4, bak5, order_id, goods_id, goods_name, purchase_quantity, unit_price, discount, discount_price, total_price,goods_code,contri_amount,is_gift)
				values(
				#{uuid}, #{tenantId}, #{isDeleted}, #{createId}, #{createTime}, #{orderCode}, #{deleteTime}, #{remarks}, #{attachment}, #{bak1}, #{bak2}, #{bak3}, #{bak4}, #{bak5}, #{orderId}, #{goodsId}, #{goodsName}, #{purchaseQuantity}, #{unitPrice}, #{discount}, #{discountPrice}, #{totalPrice},#{goodsCode},#{contriAmount},#{isGift}
				)
	</insert>
    <!-- 修改方法 -->
    <update id="update" parameterType="cn.cecook.model.business.service.OrderDetail">
		update ser_order_detail set
				 uuid=#{uuid}, tenant_id=#{tenantId}, is_deleted=#{isDeleted}, create_id=#{createId}, create_time=#{createTime}, order_code=#{orderCode}, delete_time=#{deleteTime}, remarks=#{remarks}, attachment=#{attachment}, bak1=#{bak1}, bak2=#{bak2}, bak3=#{bak3}, bak4=#{bak4}, bak5=#{bak5}, order_id=#{orderId}, goods_id=#{goodsId}, goods_name=#{goodsName}, purchase_quantity=#{purchaseQuantity}, unit_price=#{unitPrice}, discount=#{discount}, discount_price=#{discountPrice}, total_price=#{totalPrice}
				where id=#{id}
	</update>
    <!-- 删除方法 -->
    <delete id="delete" parameterType="Integer">
		delete from ser_order_detail where id=#{1}
	</delete>
	<!-- 根据订单编号查询订单明细 -->
	<select id="getDetailByOrderId" parameterType="java.lang.String" resultMap="orderDetailMap">
		<include refid="query"></include>
		<include refid="queryWhere"></include>
	</select>
	
	<select id="getDetailByOrderIdAndGoodsNumber" resultMap="orderDetailMap">
		<include refid="query"></include>
		<where>
			is_deleted=0 
			<if test="orderId !=null">
              and order_id=#{orderId} 
            </if>
            <if test="goodsNumber !=null">
            	and goods_number=#{goodsNumber}
            </if>
		</where>
	</select>
    <!-- 基本查询语句 -->
    <sql id="query">
			select id,
				uuid, tenant_id, is_deleted, create_id, create_time, order_code, delete_time, remarks, attachment, bak1, bak2, bak3, bak4, bak5, order_id, goods_id, goods_name, purchase_quantity, unit_price, discount, discount_price, total_price
				from ser_order_detail		
	</sql>
    <!-- 条件语句 -->
    <sql id="queryWhere">
        <where>
            <if test="orderId !=null">
                order_id=#{orderId}
            </if>
        </where>
    </sql>
</mapper>