<?xml version="1.0" encoding="UTF-8" ?>
<!DOCTYPE mapper
        PUBLIC "-//mybatis.org//DTD Mapper 3.0//EN"
        "http://mybatis.org/dtd/mybatis-3-mapper.dtd">
<mapper namespace="cn.cecook.dao.business.service.IorderDao">
    <resultMap type="cn.cecook.model.business.service.Order" id="orderMap">
        <result column='tenant_id' property='tenantId'/>
        <result column='is_deleted' property='isDeleted'/>
        <result column='create_id' property='createId'/>
        <result column='create_time' property='createTime'/>
        <result column='order_code' property='orderCode'/>
        <result column='delete_time' property='deleteTime'/>
        <result column='order_number' property='orderNumber'/>
        <result column='trade_price' property='tradePrice'/>
        <result column='store_id' property='storeId'/>
        <result column='trade_time' property='tradingTime'/>
        <result column='cashier_id' property='cashierId'/>
        <result column='consumer_id' property='consumerId'/>
        <result column='consumer_name' property='consumerName'/>
        <result column='consumer_phone' property='consumerPhone'/>
        <result column='pos_receipt_id' property='posReceiptId'/>
        <result column='activity_id' property='activityId'/>
        <result column='pay_cash' property='cash'/>
        <result column='pay_coupon' property='coupon'/>
        <result column='pay_balance' property='balance'/>
        <result column='pay_credits' property='credits'/>
        <result column='pay_type' property='payType'/>
        <result column='card_no' property='cardNo'/>
        <result column='coupon_code' property='couponCode'/>
        <result column='cancel_time' property='cancelTime'/>
        <result column='trade_no' property='tradeNo'/>
        <result column='cancel_id' property='cancelId'/>
        <result column='is_dispose' property='isDispose'/>
    </resultMap>
    <!-- 对应dao中的查询方法 -->
    <select id="findAll" parameterType="cn.cecook.model.business.service.Order"
            resultMap="orderMap">
        <include refid="query"></include>
        <where>
            1=1
            <if test="orderNumber !=null">
                and order_number=#{orderNumber}
            </if>
            <if test="consumerId !=null">
                and consumer_id is not null
            </if>
            <if test="storeId !=null">
                and store_id=#{storeId}
            </if>
            <if test="cashierId !=null">
                and cashier_id=#{cashierId}
            </if>
            <if test="bak1 !=null">
                and DATE_FORMAT(trade_time,'%Y-%m-%d')>=#{bak1}
            </if>
            <if test="bak2 !=null">
                and #{bak2}>=DATE_FORMAT(trade_time,'%Y-%m-%d')
            </if>
        </where>
        <if test="withSort !=null">
            order by trade_time ${withSort}
        </if>
        <include refid="withPage"></include>
    </select>
    <select id="findAllByTag" parameterType="cn.cecook.model.business.service.Order"
            resultMap="orderMap">
        select DISTINCT(a.id),
        a.uuid, a.tenant_id, a.is_deleted, a.create_id,
        a.create_time, a.order_code,
        a.delete_time, a.remarks, a.attachment,
        a.bak1, a.bak2, a.bak3,
        a.bak4, a.bak5, a.order_number, a.trade_price,
        a.trade_time,a.store_id, a.cashier_id, a.consumer_id, a.consumer_name,
        a.consumer_phone, a.pos_receipt_id, a.activity_id
        from ser_order_info
        a, ser_order_tags_rl b
        <where>
            a.id=b.order_id
            <if test="orderNumber !=null">
                and order_number=#{orderNumber}
            </if>
            <if test="consumerId !=null">
                and consumer_id is not null
            </if>
            <if test="storeId !=null">
                and store_id=#{storeId}
            </if>
            <if test="cashierId !=null">
                and cashier_id=#{cashierId}
            </if>
            <if test="bak1 !=null">
                and DATE_FORMAT(trade_time,'%Y-%m-%d')>=#{bak1}
            </if>
            <if test="bak2 !=null">
                and #{bak2}>=DATE_FORMAT(trade_time,'%Y-%m-%d')
            </if>
        </where>
        <if test="withSort !=null">
            order by trade_time ${withSort}
        </if>
        <include refid="withPage"></include>
    </select>
    <!-- 查询记录总数 -->
    <select id="getCount" parameterType="cn.cecook.model.business.service.Order"
            resultType="java.lang.Integer">
        select count(id) from ser_order_info
        <where>
            1=1
            <if test="orderNumber !=null">
                and order_number=#{orderNumber}
            </if>
            <if test="consumerId !=null">
                and consumer_id is not null
            </if>
            <if test="storeId !=null">
                and store_id=#{storeId}
            </if>
            <if test="cashierId !=null">
                and cashier_id=#{cashierId}
            </if>
            <if test="bak1 !=null">
                and DATE_FORMAT(trade_time,'%Y-%m-%d')>=#{bak1}
            </if>
            <if test="bak2 !=null">
                and #{bak2}>=DATE_FORMAT(trade_time,'%Y-%m-%d')
            </if>
        </where>
    </select>
    <!--
        <select id="getOrderCount" parameterType="cn.cecook.model.business.service.Order"
            resultType="java.lang.Integer">
            select count(id) from ser_order_info
            <where>
                1=1
                <if test="storeId !=null">
                    and store_id=#{storeId}
                </if>
                <if test="cashierId !=null">
                    and cashier_id=#{cashierId}
                </if>
                <if test="bak1 !=null">
                    and DATE_FORMAT(trade_time,'%Y-%m-%d')>=#{bak1}
                </if>
                <if test="bak2 !=null">
                    and #{bak2}>=DATE_FORMAT(trade_time,'%Y-%m-%d')
                </if>
            </where>
        </select> -->
    <!-- 查询 -->
    <select id="getUserCount" parameterType="cn.cecook.model.business.service.Order"
            resultType="java.lang.Integer">
        select count(id) from ser_order_info
        <where>
            consumer_id is not null
            <if test="storeId !=null">
                and store_id=#{storeId}
            </if>
            <if test="cashierId !=null">
                and cashier_id=#{cashierId}
            </if>
            <if test="cashierId !=null">
                and cashier_id=#{cashierId}
            </if>
            <if test="bak1 !=null">
                and DATE_FORMAT(trade_time,'%Y-%m-%d')>=#{bak1}
            </if>
            <if test="bak2 !=null">
                and #{bak2}>=DATE_FORMAT(trade_time,'%Y-%m-%d')
            </if>
        </where>
    </select>
    <!-- 查询 -->
    <select id="getTagCount" parameterType="cn.cecook.model.business.service.Order"
            resultType="java.lang.Integer">
        select count(DISTINCT(b.order_id)) from ser_order_info
        a,ser_order_tags_rl b
        <where>
            a.id=b.order_id
            <if test="consumerId !=null">
                and consumer_id is not null
            </if>
            <if test="storeId !=null">
                and store_id=#{storeId}
            </if>
            <if test="cashierId !=null">
                and cashier_id=#{cashierId}
            </if>
            <if test="bak1 !=null">
                and DATE_FORMAT(trade_time,'%Y-%m-%d')>=#{bak1}
            </if>
            <if test="bak2 !=null">
                and #{bak2}>=DATE_FORMAT(trade_time,'%Y-%m-%d')
            </if>
        </where>
    </select>
    <!-- 查询单条记录 -->
    <select id="findOne" parameterType="cn.cecook.model.business.service.Order"
            resultMap="orderMap">
        <include refid="query"></include>
        where id=#{id}
    </select>
    <!-- 插入方法 -->
    <insert id="addOrder" parameterType="cn.cecook.model.business.service.Order"
            useGeneratedKeys="true" keyProperty="id">
		insert into ser_order_info(
		uuid,
		tenant_id, is_deleted, create_id, create_time, order_code,
		delete_time, remarks, attachment, bak1, bak2, bak3, bak4, bak5,
		order_number, trade_price, store_id, trade_time, cashier_id,
		consumer_id, consumer_name, consumer_phone, pos_receipt_id,
		activity_id,pay_cash,pay_coupon,pay_balance,pay_credits,pay_type,
		card_no,coupon_code,status,cancel_time,trade_no,cancel_id,is_dispose,trans_limit)
		values(
		#{uuid}, #{tenantId}, #{isDeleted}, #{createId},
		#{createTime}, #{orderCode},
		#{deleteTime}, #{remarks}, #{attachment},
		#{bak1}, #{bak2}, #{bak3},
		#{bak4}, #{bak5}, #{orderNumber},
		#{tradePrice}, #{storeId},
		#{tradingTime}, #{cashierId}, #{consumerId},
		#{consumerName},
		#{consumerPhone}, #{posReceiptId}, #{activityId},#{cash},#{coupon},
		#{balance},#{credits},#{payType},#{cardNo},
		#{couponCode},#{status},#{cancelTime},#{tradeNo},#{cancelId},#{isDispose},#{transLimit}
		)
	</insert>
    <!-- 根据posId查询数据 -->
    <select id="findPosId" parameterType="cn.cecook.model.business.service.Order"
            resultMap="orderMap">
        <include refid="query"></include>
        where pos_receipt_id=#{posReceiptId}
    </select>
    <!-- 根据上次记录查询数据 -->
    <select id="findOrderByBeforeId" parameterType="cn.cecook.model.business.service.Order"
            resultMap="orderMap">
        <include refid="query"></include>
        where pos_receipt_id>#{posReceiptId}
    </select>
    <!-- 修改方法 -->
    <update id="update" parameterType="cn.cecook.model.business.service.Order">
		update ser_order_info set
		consumer_id=#{consumerId}, consumer_name=#{consumerName},
		consumer_phone=#{consumerPhone},status=#{status}
		where id=#{id}
	</update>
    <!-- 删除方法 -->
    <delete id="delete" parameterType="Integer">
		delete from ser_order_info
		where id=#{1}
	</delete>
    <!-- 基本查询语句 -->
    <sql id="query">
		select id,uuid,
		tenant_id, is_deleted, create_id, create_time, order_code,
		delete_time, remarks, attachment, bak1, bak2, bak3, bak4, bak5,
		order_number, trade_price, store_id, trade_time, cashier_id,
		consumer_id, consumer_name, consumer_phone, pos_receipt_id,
		activity_id,pay_cash,pay_coupon,pay_balance,pay_credits,pay_type,
		card_no,coupon_code,status,cancel_time,trade_no,cancel_id,is_dispose
		from ser_order_info
	</sql>
    <!-- 条件语句 -->
    <!-- 条件语句 -->
    <!-- 分页 -->
    <sql id="withPage">
		limit #{pageStart},#{pageSize}
	</sql>

    <select id="getMedicinesByOrderId" resultType="map">

        select IFNULL(DATE_FORMAT(t1.trade_time,'%Y-%m-%d %h:%i'),"") AS
        trade_time,IFNULL(t2.medicineName,"") AS
        medicineName,IFNULL(t2.buyNum,0) AS buyNum FROM ser_order_info t1
        LEFT JOIN (SELECT goods_name AS medicineName,purchase_quantity AS buyNum,order_id AS id from ser_order_detail)
        t2 ON t2.id=t1.id

        WHERE
        t1.id=t2.id and t1.is_deleted=0 and t1.id=#{id}
        <if test="tenantId!=null and tenantId!=''">
            cecook2017${tenantId}
        </if>
    </select>


</mapper>