<?xml version="1.0" encoding="UTF-8" ?>
<!DOCTYPE mapper PUBLIC "-//mybatis.org//DTD Mapper 3.0//EN" "http://mybatis.org/dtd/mybatis-3-mapper.dtd" >
<mapper namespace="cn.cecook.dao.business.service.MedicineAutoTaskMapper">
	<resultMap id="BaseResultMap"
		type="cn.cecook.model.business.service.MedicineAutoTask">
		<id column="id" property="id" jdbcType="INTEGER" />
		<result column="create_time" property="createTime" jdbcType="TIMESTAMP" />
		<result column="is_deleted" property="isDeleted" jdbcType="INTEGER" />
		<result column="medicine_id" property="medicineId" jdbcType="INTEGER" />
		<result column="automated_task_id" property="automatedTaskId"
			jdbcType="INTEGER" />
	</resultMap>
	<sql id="Base_Column_List">
		id, create_time, is_deleted, medicine_id, automated_task_id
	</sql>
	<select id="selectByPrimaryKey" resultMap="BaseResultMap"
		parameterType="java.lang.Integer">
		select
		<include refid="Base_Column_List" />
		from medicine_auto_task
		where id = #{id,jdbcType=INTEGER}
	</select>
	<delete id="deleteByPrimaryKey" parameterType="java.lang.Integer">
		delete from
		medicine_auto_task
		where id = #{id,jdbcType=INTEGER}
	</delete>
	<insert id="insert" parameterType="cn.cecook.model.business.service.MedicineAutoTask">
		insert into medicine_auto_task
		(id, create_time, is_deleted,
		medicine_id, automated_task_id)
		values
		(#{id,jdbcType=INTEGER}, #{createTime,jdbcType=TIMESTAMP},
		#{isDeleted,jdbcType=INTEGER},
		#{medicineId,jdbcType=INTEGER},
		#{automatedTaskId,jdbcType=INTEGER})
	</insert>
	<insert id="insertSelective" parameterType="cn.cecook.model.business.service.MedicineAutoTask">
		REPLACE INTO medicine_auto_task
		<trim prefix="(" suffix=")" suffixOverrides=",">
			<if test="id != null">
				id,
			</if>
			<if test="createTime != null">
				create_time,
			</if>
			<if test="isDeleted != null">
				is_deleted,
			</if>
			<if test="medicineId != null">
				medicine_id,
			</if>
			<if test="automatedTaskId != null">
				automated_task_id,
			</if>
		</trim>
		<trim prefix="values (" suffix=")" suffixOverrides=",">
			<if test="id != null">
				#{id,jdbcType=INTEGER},
			</if>
			<if test="createTime != null">
				#{createTime,jdbcType=TIMESTAMP},
			</if>
			<if test="isDeleted != null">
				#{isDeleted,jdbcType=INTEGER},
			</if>
			<if test="medicineId != null">
				#{medicineId,jdbcType=INTEGER},
			</if>
			<if test="automatedTaskId != null">
				#{automatedTaskId,jdbcType=INTEGER},
			</if>
		</trim>
	</insert>
	<update id="updateByPrimaryKeySelective" parameterType="cn.cecook.model.business.service.MedicineAutoTask">
		update medicine_auto_task
		<set>
			<if test="createTime != null">
				create_time = #{createTime,jdbcType=TIMESTAMP},
			</if>
			<if test="isDeleted != null">
				is_deleted = #{isDeleted,jdbcType=INTEGER},
			</if>
			<if test="medicineId != null">
				medicine_id = #{medicineId,jdbcType=INTEGER},
			</if>
			<if test="automatedTaskId != null">
				automated_task_id = #{automatedTaskId,jdbcType=INTEGER},
			</if>
		</set>
		where id = #{id,jdbcType=INTEGER}
	</update>
	<update id="updateByPrimaryKey" parameterType="cn.cecook.model.business.service.MedicineAutoTask">
		update
		medicine_auto_task
		set create_time = #{createTime,jdbcType=TIMESTAMP},
		is_deleted = #{isDeleted,jdbcType=INTEGER},
		medicine_id =
		#{medicineId,jdbcType=INTEGER},
		automated_task_id =
		#{automatedTaskId,jdbcType=INTEGER}
		where id = #{id,jdbcType=INTEGER}
	</update>


	<insert id="insertIgonreByBatch" parameterType="map">
		REPLACE INTO medicine_auto_task
		(tenant_id,uuid,medicine_id,automated_task_id)
		values
		<foreach collection="list" item="item" index="index"
			separator=",">
			(
			#{item.tenant_id}, #{item.uuid},
			#{item.medicineId},
			#{item.automatedTaskId}
			)
		</foreach>
	</insert>

	<select id="medicineIsExist" parameterType="java.lang.Integer"
		resultType="java.lang.Integer">
		select count(1) from medicine_auto_task where
		medicine_id=#{id} and
		is_deleted=0
	</select>

	<update id="updateAutoTaskId" parameterType="cn.cecook.model.business.service.MedicineAutoTask">
		update
		medicine_auto_task set automated_task_id=${automatedTaskId} where
		medicine_id=${medicineId} and is_deleted=0
	</update>
	<select id="queryMediciineIdByTaskId" parameterType="java.lang.Integer"
		resultType="java.lang.String">
		select medicine_id as medicineIds FROM medicine_auto_task
		where
		is_deleted=0 and automated_task_id=#{taskId}
	</select>

	<update id="deletedByTaskId" parameterType="java.lang.Integer">
		update medicine_auto_task set is_deleted=1 where automated_task_id=#{taskId}
	</update>
	
	<select id="getTaskIdByMedicineId" parameterType="java.lang.Integer" resultType="java.lang.Integer">
	select automated_task_id from medicine_auto_task where is_deleted=0 and medicine_id=#{medicineId} limit 1
	</select>



</mapper>