<?xml version="1.0" encoding="UTF-8" ?>
<!DOCTYPE mapper PUBLIC "-//mybatis.org//DTD Mapper 3.0//EN" "http://mybatis.org/dtd/mybatis-3-mapper.dtd" >
<mapper namespace="cn.cecook.dao.business.service.SerMedicineRuleMapper">
	<resultMap id="BaseResultMap"
		type="cn.cecook.model.business.service.SerMedicineRule">
		<id column="id" property="id" jdbcType="INTEGER" />
		<result column="uuid" property="uuid" jdbcType="VARCHAR" />
		<result column="tenant_id" property="tenantId" jdbcType="VARCHAR" />
		<result column="is_deleted" property="isDeleted" jdbcType="INTEGER" />
		<result column="create_id" property="createId" jdbcType="BIGINT" />
		<result column="create_time" property="createTime" jdbcType="TIMESTAMP" />
		<result column="order_code" property="orderCode" jdbcType="VARCHAR" />
		<result column="delete_time" property="deleteTime" jdbcType="TIMESTAMP" />
		<result column="remarks" property="remarks" jdbcType="VARCHAR" />
		<result column="attachment" property="attachment" jdbcType="VARCHAR" />
		<result column="bak1" property="bak1" jdbcType="VARCHAR" />
		<result column="bak2" property="bak2" jdbcType="VARCHAR" />
		<result column="bak3" property="bak3" jdbcType="VARCHAR" />
		<result column="bak4" property="bak4" jdbcType="VARCHAR" />
		<result column="bak5" property="bak5" jdbcType="VARCHAR" />
		<result column="after_days" property="afterDays" jdbcType="INTEGER" />
		<result column="sms_model_id" property="smsModelId" jdbcType="INTEGER" />
		<result column="automated_task_id" property="automated_task_id"
			jdbcType="INTEGER" />
	</resultMap>
	<sql id="Base_Column_List">
		id, uuid, tenant_id, is_deleted, create_id, create_time,
		order_code,
		delete_time,
		remarks, attachment, bak1, bak2, bak3, bak4,
		bak5, after_days,
		sms_model_id,medicine_id
	</sql>
	<select id="selectByPrimaryKey" resultMap="BaseResultMap"
		parameterType="java.lang.Integer">
		select
		<include refid="Base_Column_List" />
		from ser_medicine_rule
		where id = #{id,jdbcType=INTEGER}
	</select>
	<delete id="deleteByPrimaryKey" parameterType="java.lang.Integer">
		delete from
		ser_medicine_rule
		where id = #{id,jdbcType=INTEGER}
	</delete>
	<insert id="insertSelective" parameterType="cn.cecook.model.business.service.SerMedicineRule">
		insert into ser_medicine_rule
		<trim prefix="(" suffix=")" suffixOverrides=",">
			<if test="id != null">
				id,
			</if>
			<if test="uuid != null">
				uuid,
			</if>
			<if test="tenantId != null">
				tenant_id,
			</if>
			<if test="isDeleted != null">
				is_deleted,
			</if>
			<if test="createId != null">
				create_id,
			</if>
			<if test="createTime != null">
				create_time,
			</if>
			<if test="orderCode != null">
				order_code,
			</if>
			<if test="deleteTime != null">
				delete_time,
			</if>
			<if test="remarks != null">
				remarks,
			</if>
			<if test="attachment != null">
				attachment,
			</if>
			<if test="bak1 != null">
				bak1,
			</if>
			<if test="bak2 != null">
				bak2,
			</if>
			<if test="bak3 != null">
				bak3,
			</if>
			<if test="bak4 != null">
				bak4,
			</if>
			<if test="bak5 != null">
				bak5,
			</if>
			<if test="afterDays != null">
				after_days,
			</if>
			<if test="smsModelId != null">
				sms_model_id,
			</if>
			<if test="medicine_id != null">
				medicine_id,
			</if>
			<if test="automated_task_id != null">
				automated_task_id,
			</if>
		</trim>
		<trim prefix="values (" suffix=")" suffixOverrides=",">
			<if test="id != null">
				#{id,jdbcType=INTEGER},
			</if>
			<if test="uuid != null">
				#{uuid,jdbcType=VARCHAR},
			</if>
			<if test="tenantId != null">
				#{tenantId,jdbcType=VARCHAR},
			</if>
			<if test="isDeleted != null">
				#{isDeleted,jdbcType=INTEGER},
			</if>
			<if test="createId != null">
				#{createId,jdbcType=BIGINT},
			</if>
			<if test="createTime != null">
				#{createTime,jdbcType=TIMESTAMP},
			</if>
			<if test="orderCode != null">
				#{orderCode,jdbcType=VARCHAR},
			</if>
			<if test="deleteTime != null">
				#{deleteTime,jdbcType=TIMESTAMP},
			</if>
			<if test="remarks != null">
				#{remarks,jdbcType=VARCHAR},
			</if>
			<if test="attachment != null">
				#{attachment,jdbcType=VARCHAR},
			</if>
			<if test="bak1 != null">
				#{bak1,jdbcType=VARCHAR},
			</if>
			<if test="bak2 != null">
				#{bak2,jdbcType=VARCHAR},
			</if>
			<if test="bak3 != null">
				#{bak3,jdbcType=VARCHAR},
			</if>
			<if test="bak4 != null">
				#{bak4,jdbcType=VARCHAR},
			</if>
			<if test="bak5 != null">
				#{bak5,jdbcType=VARCHAR},
			</if>
			<if test="afterDays != null">
				#{afterDays,jdbcType=INTEGER},
			</if>
			<if test="smsModelId != null">
				#{smsModelId,jdbcType=INTEGER},
			</if>
			<if test="medicine_id != null">
				#{medicine_id,jdbcType=INTEGER},
			</if>
			<if test="automated_task_id != null">
				#{automated_task_id,jdbcType=INTEGER},
			</if>
		</trim>
	</insert>
	<update id="updateByPrimaryKeySelective" parameterType="cn.cecook.model.business.service.SerMedicineRule">
		update ser_medicine_rule
		<set>
			<if test="uuid != null">
				uuid = #{uuid,jdbcType=VARCHAR},
			</if>
			<if test="tenantId != null">
				tenant_id = #{tenantId,jdbcType=VARCHAR},
			</if>
			<if test="isDeleted != null">
				is_deleted = #{isDeleted,jdbcType=INTEGER},
			</if>
			<if test="createId != null">
				create_id = #{createId,jdbcType=BIGINT},
			</if>
			<if test="createTime != null">
				create_time = #{createTime,jdbcType=TIMESTAMP},
			</if>
			<if test="orderCode != null">
				order_code = #{orderCode,jdbcType=VARCHAR},
			</if>
			<if test="deleteTime != null">
				delete_time = #{deleteTime,jdbcType=TIMESTAMP},
			</if>
			<if test="remarks != null">
				remarks = #{remarks,jdbcType=VARCHAR},
			</if>
			<if test="attachment != null">
				attachment = #{attachment,jdbcType=VARCHAR},
			</if>
			<if test="bak1 != null">
				bak1 = #{bak1,jdbcType=VARCHAR},
			</if>
			<if test="bak2 != null">
				bak2 = #{bak2,jdbcType=VARCHAR},
			</if>
			<if test="bak3 != null">
				bak3 = #{bak3,jdbcType=VARCHAR},
			</if>
			<if test="bak4 != null">
				bak4 = #{bak4,jdbcType=VARCHAR},
			</if>
			<if test="bak5 != null">
				bak5 = #{bak5,jdbcType=VARCHAR},
			</if>
			<if test="afterDays != null">
				after_days = #{afterDays,jdbcType=INTEGER},
			</if>
			<if test="smsModelId != null">
				sms_model_id = #{smsModelId,jdbcType=INTEGER},
			</if>
			<if test="medicine_id != null">
				medicine_id = #{medicine_id,jdbcType=INTEGER},
			</if>
		</set>
		where id = #{id,jdbcType=INTEGER}
	</update>

	<!-- 批量插入 -->
	<insert id="insertByBatch" parameterType="java.util.List">
		insert into ser_medicine_rule (create_id,
		after_days,sms_model_id,automated_task_id)
		values
		<foreach collection="list" item="item" index="index"
			separator=",">
			(#{item.createId,jdbcType=BIGINT},
			#{item.afterDays,jdbcType=INTEGER},#{item.smsModelId,jdbcType=INTEGER},#{item.automated_task_id,jdbcType=INTEGER})
		</foreach>
	</insert>
	<!-- 批量更新 -->
	<update id="updateBatch" parameterType="java.util.List">
		<foreach collection="list" item="item" index="index" open=""
			close="" separator=";">
			update ser_medicine_rule
			<set>
				sms_model_id=${item.sms_model_id},
				after_days=${item.buyDay},
				is_deleted=0,
			</set>
			where id = ${item.ruleId}
		</foreach>
	</update>
	<!-- -->
	<select id="getModelListByMedicineId" parameterType="java.lang.Integer"
		resultType="map">
		SELECT
			t3.id,
			t3.`name`,
			t3.content,
			t3.type,
			t3.content_type,
			t2.after_days,
			t2.is_deleted
		FROM
			medicine_auto_task t1
		INNER JOIN ser_medicine_rule t2 ON t1.automated_task_id = t2.automated_task_id
		INNER JOIN bm_sms_model t3 ON t3.id = t2.sms_model_id
		WHERE t2.is_deleted = 0 and t1.is_deleted=0 and t1.medicine_id =
		#{medicineId}  
	</select>
	<update id="deleteByBatch">
		update ser_medicine_rule set is_deleted=1 where
		automated_task_id=${automated_task_id}

	</update>

</mapper>