<?xml version="1.0" encoding="UTF-8" ?>
<!DOCTYPE mapper PUBLIC "-//mybatis.org//DTD Mapper 3.0//EN" "http://mybatis.org/dtd/mybatis-3-mapper.dtd" >
<mapper namespace="cn.cecook.dao.business.service.SerQuartzTaskMapper">
	<resultMap id="BaseResultMap" type="cn.cecook.model.business.service.SerQuartzTask">
		<id column="id" property="id" jdbcType="INTEGER" />
		<result column="uuid" property="uuid" jdbcType="VARCHAR" />
		<result column="tenant_id" property="tenantId" jdbcType="VARCHAR" />
		<result column="is_deleted" property="isDeleted" jdbcType="INTEGER" />
		<result column="create_id" property="createId" jdbcType="BIGINT" />
		<result column="create_time" property="createTime" jdbcType="TIMESTAMP" />
		<result column="order_code" property="orderCode" jdbcType="VARCHAR" />
		<result column="delete_time" property="deleteTime" jdbcType="TIMESTAMP" />
		<result column="remarks" property="remarks" jdbcType="VARCHAR" />
		<result column="attachment" property="attachment" jdbcType="VARCHAR" />
		<result column="bak1" property="bak1" jdbcType="VARCHAR" />
		<result column="bak2" property="bak2" jdbcType="VARCHAR" />
		<result column="bak3" property="bak3" jdbcType="VARCHAR" />
		<result column="bak4" property="bak4" jdbcType="VARCHAR" />
		<result column="bak5" property="bak5" jdbcType="VARCHAR" />
		<result column="execution_time" property="executionTime"
			jdbcType="TIMESTAMP" />
		<result column="status" property="status" jdbcType="INTEGER" />
		<result column="type" property="type" jdbcType="VARCHAR" />
		<result column="medicine_id" property="medicineId" jdbcType="INTEGER" />
		<result column="activity_id" property="activityId" jdbcType="INTEGER" />
		<result column="customer_id" property="customerId" jdbcType="INTEGER" />
		<result column="sms_model_id" property="smsModelId" jdbcType="INTEGER" />
		<result column="coupon_id" property="coupon_id" jdbcType="INTEGER" />
		<result column="order_id" property="order_id" jdbcType="INTEGER" />
		<result column="ser_rule_id" property="ser_rule_id" jdbcType="INTEGER" />
		<result column="medicine_name" property="medicine_name" jdbcType="VARCHAR" />
	</resultMap>
	<sql id="Base_Column_List">
		id, uuid, tenant_id, is_deleted, create_id, create_time,
		order_code,
		delete_time,
		remarks, attachment, bak1, bak2, bak3, bak4,
		bak5, execution_time, status,
		type,
		medicine_id, activity_id,
		customer_id, sms_model_id,coupon_id,ser_rule_id,medicine_name
	</sql>
	<select id="selectByPrimaryKey" resultMap="BaseResultMap"
		parameterType="java.lang.Integer">
		select
		<include refid="Base_Column_List" />
		from ser_quartz_task
		where id = #{id,jdbcType=INTEGER}
	</select>
	<delete id="deleteByPrimaryKey" parameterType="java.lang.Integer">
		delete from
		ser_quartz_task
		where id = #{id,jdbcType=INTEGER}
	</delete>
	<insert id="insertSelective" parameterType="cn.cecook.model.business.service.SerQuartzTask">
		insert into ser_quartz_task
		<trim prefix="(" suffix=")" suffixOverrides=",">
			<if test="id != null">
				id,
			</if>
			<if test="uuid != null">
				uuid,
			</if>
			<if test="tenantId != null">
				tenant_id,
			</if>
			<if test="isDeleted != null">
				is_deleted,
			</if>
			<if test="createId != null">
				create_id,
			</if>
			<if test="createTime != null">
				create_time,
			</if>
			<if test="orderCode != null">
				order_code,
			</if>
			<if test="deleteTime != null">
				delete_time,
			</if>
			<if test="remarks != null">
				remarks,
			</if>
			<if test="attachment != null">
				attachment,
			</if>
			<if test="bak1 != null">
				bak1,
			</if>
			<if test="bak2 != null">
				bak2,
			</if>
			<if test="bak3 != null">
				bak3,
			</if>
			<if test="bak4 != null">
				bak4,
			</if>
			<if test="bak5 != null">
				bak5,
			</if>
			<if test="executionTime != null">
				execution_time,
			</if>
			<if test="status != null">
				status,
			</if>
			<if test="type != null">
				type,
			</if>
			<if test="medicineId != null">
				medicine_id,
			</if>
			<if test="activityId != null">
				activity_id,
			</if>
			<if test="customerId != null">
				customer_id,
			</if>
			<if test="smsModelId != null">
				sms_model_id,
			</if>
			<if test="automated_task_id != null">
				automated_task_id,
			</if>
			<if test="coupon_id != null">
				coupon_id,
			</if>
			<if test="order_id != null">
				order_id,
			</if>
			<if test="ser_rule_id != null">
				ser_rule_id,
			</if>
			<if test="medicine_name != null">
				medicine_name,
			</if>
		</trim>
		<trim prefix="values (" suffix=")" suffixOverrides=",">
			<if test="id != null">
				#{id,jdbcType=INTEGER},
			</if>
			<if test="uuid != null">
				#{uuid,jdbcType=VARCHAR},
			</if>
			<if test="tenantId != null">
				#{tenantId,jdbcType=VARCHAR},
			</if>
			<if test="isDeleted != null">
				#{isDeleted,jdbcType=INTEGER},
			</if>
			<if test="createId != null">
				#{createId,jdbcType=BIGINT},
			</if>
			<if test="createTime != null">
				#{createTime,jdbcType=TIMESTAMP},
			</if>
			<if test="orderCode != null">
				#{orderCode,jdbcType=VARCHAR},
			</if>
			<if test="deleteTime != null">
				#{deleteTime,jdbcType=TIMESTAMP},
			</if>
			<if test="remarks != null">
				#{remarks,jdbcType=VARCHAR},
			</if>
			<if test="attachment != null">
				#{attachment,jdbcType=VARCHAR},
			</if>
			<if test="bak1 != null">
				#{bak1,jdbcType=VARCHAR},
			</if>
			<if test="bak2 != null">
				#{bak2,jdbcType=VARCHAR},
			</if>
			<if test="bak3 != null">
				#{bak3,jdbcType=VARCHAR},
			</if>
			<if test="bak4 != null">
				#{bak4,jdbcType=VARCHAR},
			</if>
			<if test="bak5 != null">
				#{bak5,jdbcType=VARCHAR},
			</if>
			<if test="executionTime != null">
				#{executionTime,jdbcType=TIMESTAMP},
			</if>
			<if test="status != null">
				#{status,jdbcType=INTEGER},
			</if>
			<if test="type != null">
				#{type,jdbcType=VARCHAR},
			</if>
			<if test="medicineId != null">
				#{medicineId,jdbcType=INTEGER},
			</if>
			<if test="activityId != null">
				#{activityId,jdbcType=INTEGER},
			</if>
			<if test="customerId != null">
				#{customerId,jdbcType=INTEGER},
			</if>
			<if test="smsModelId != null">
				#{smsModelId,jdbcType=INTEGER},
			</if>
			<if test="automated_task_id != null">
				#{automated_task_id,jdbcType=INTEGER},
			</if>
			<if test="coupon_id != null">
				#{coupon_id,jdbcType=INTEGER},
			</if>
			<if test="order_id != null">
				#{order_id,jdbcType=INTEGER},
			</if>
			<if test="ser_rule_id != null">
				#{ser_rule_id,jdbcType=INTEGER},
			</if>
			<if test="medicine_name != null">
				#{medicine_name,jdbcType=VARCHAR},
			</if>
		</trim>
		<if test="tenantId!=null and tenantId!=''">
		cecook2017${tenantId}
		</if>
		
		
	</insert>
	<update id="updateByPrimaryKeySelective" parameterType="cn.cecook.model.business.service.SerQuartzTask">
		update ser_quartz_task
		<set>
			<if test="uuid != null">
				uuid = #{uuid,jdbcType=VARCHAR},
			</if>
			<if test="tenantId != null">
				tenant_id = #{tenantId,jdbcType=VARCHAR},
			</if>
			<if test="isDeleted != null">
				is_deleted = #{isDeleted,jdbcType=INTEGER},
			</if>
			<if test="createId != null">
				create_id = #{createId,jdbcType=BIGINT},
			</if>
			<if test="createTime != null">
				create_time = #{createTime,jdbcType=TIMESTAMP},
			</if>
			<if test="orderCode != null">
				order_code = #{orderCode,jdbcType=VARCHAR},
			</if>
			<if test="deleteTime != null">
				delete_time = #{deleteTime,jdbcType=TIMESTAMP},
			</if>
			<if test="remarks != null">
				remarks = #{remarks,jdbcType=VARCHAR},
			</if>
			<if test="attachment != null">
				attachment = #{attachment,jdbcType=VARCHAR},
			</if>
			<if test="bak1 != null">
				bak1 = #{bak1,jdbcType=VARCHAR},
			</if>
			<if test="bak2 != null">
				bak2 = #{bak2,jdbcType=VARCHAR},
			</if>
			<if test="bak3 != null">
				bak3 = #{bak3,jdbcType=VARCHAR},
			</if>
			<if test="bak4 != null">
				bak4 = #{bak4,jdbcType=VARCHAR},
			</if>
			<if test="bak5 != null">
				bak5 = #{bak5,jdbcType=VARCHAR},
			</if>
			<if test="executionTime != null">
				execution_time = #{executionTime,jdbcType=TIMESTAMP},
			</if>
			<if test="status != null">
				status = #{status,jdbcType=INTEGER},
			</if>
			<if test="type != null">
				type = #{type,jdbcType=VARCHAR},
			</if>
			<if test="medicineId != null">
				medicine_id = #{medicineId,jdbcType=INTEGER},
			</if>
			<if test="activityId != null">
				activity_id = #{activityId,jdbcType=INTEGER},
			</if>
			<if test="customerId != null">
				customer_id = #{customerId,jdbcType=INTEGER},
			</if>
			<if test="smsModelId != null">
				sms_model_id = #{smsModelId,jdbcType=INTEGER},
			</if>
			<if test="automated_task_id != null">
				automated_task_id =
				#{automated_task_id,jdbcType=INTEGER},
			</if>
			<if test="coupon_id != null">
				coupon_id =
				#{coupon_id,jdbcType=INTEGER},
			</if>
			<if test="ser_rule_id != null">
				ser_rule_id =
				#{ser_rule_id,jdbcType=INTEGER},
			</if>
			
		</set>
		where id = #{id,jdbcType=INTEGER}
	</update>
	<select id="taskList" parameterType="map" resultMap="BaseResultMap">
		SELECT * FROM ser_quartz_task t1 WHERE is_deleted=0 and `status`=0

		<if test="execution_time!=null and execution_time!=''">
			and execution_time LIKE CONCAT('%',#{execution_time,jdbcType=VARCHAR},'%')
		</if>
		<if test="medicine_id==1">
			and medicine_id!=0
		</if>
		<if test="activity_id==1">
			and activity_id!=0
		</if>

		<if test="tenantId!=null and tenantId!=''">
			cecook2017${tenantId}
		</if>

	</select>

	<update id="updateStatus">
		update ser_quartz_task set status=#{status} where is_deleted=0 and id=#{id}
		<if test="tenantId!=null and tenantId!=''">
			cecook2017${tenantId}
		</if>
	</update>

	<select id="quartzTaskNumByAutomateTaskId" parameterType="java.lang.Integer"
		resultType="java.lang.Integer">
		select count(1) from ser_quartz_task where
		automated_task_id=#{automateTaskId} and is_deleted=0 and status=0;
	</select>

	<update id="deleteTaskBatch" parameterType="java.lang.Integer">
		update ser_quartz_task set is_deleted=1 where
		automated_task_id=#{automateTaskId};

	</update>

</mapper>