<?xml version="1.0" encoding="UTF-8" ?>
<!DOCTYPE mapper PUBLIC "-//mybatis.org//DTD Mapper 3.0//EN" "http://mybatis.org/dtd/mybatis-3-mapper.dtd" >
<mapper namespace="cn.cecook.dao.business.service.SerTaskMapper">
	<resultMap id="BaseResultMap" type="cn.cecook.model.business.service.SerTask">
		<id column="id" property="id" jdbcType="BIGINT" />
		<result column="uuid" property="uuid" jdbcType="VARCHAR" />
		<result column="tenant_id" property="tenantId" jdbcType="VARCHAR" />
		<result column="is_deleted" property="isDeleted" jdbcType="INTEGER" />
		<result column="create_id" property="createId" jdbcType="BIGINT" />
		<result column="create_time" property="createTime" jdbcType="TIMESTAMP" />
		<result column="order_code" property="orderCode" jdbcType="VARCHAR" />
		<result column="delete_time" property="deleteTime" jdbcType="TIMESTAMP" />
		<result column="remarks" property="remarks" jdbcType="VARCHAR" />
		<result column="attachment" property="attachment" jdbcType="VARCHAR" />
		<result column="medicine_id" property="medicineId" jdbcType="INTEGER" />
		<result column="sms_model_id" property="smsModelId" jdbcType="INTEGER" />
		<result column="medicine_name" property="medicineName"
			jdbcType="VARCHAR" />
	</resultMap>
	<sql id="Base_Column_List">
		id, uuid, tenant_id, is_deleted, create_id, create_time,
		order_code,
		delete_time,
		remarks, attachment, medicine_id, sms_model_id,
		medicine_name
	</sql>
	<select id="selectByPrimaryKey" resultMap="BaseResultMap"
		parameterType="java.lang.Long">
		select
		<include refid="Base_Column_List" />
		from ser_task
		where id = #{id,jdbcType=BIGINT}
	</select>
	<delete id="deleteByPrimaryKey" parameterType="java.lang.Long">
		delete from
		ser_task
		where id = #{id,jdbcType=BIGINT}
	</delete>
	<insert id="insertSelective" useGeneratedKeys="true"
		keyProperty="id" parameterType="cn.cecook.model.business.service.SerTask">
		insert into ser_task
		<trim prefix="(" suffix=")" suffixOverrides=",">
			<if test="id != null">
				id,
			</if>
			<if test="uuid != null">
				uuid,
			</if>
			<if test="tenantId != null">
				tenant_id,
			</if>
			<if test="isDeleted != null">
				is_deleted,
			</if>
			<if test="createId != null">
				create_id,
			</if>
			<if test="createTime != null">
				create_time,
			</if>
			<if test="orderCode != null">
				order_code,
			</if>
			<if test="deleteTime != null">
				delete_time,
			</if>
			<if test="remarks != null">
				remarks,
			</if>
			<if test="attachment != null">
				attachment,
			</if>
			<if test="medicineId != null">
				medicine_id,
			</if>
			<if test="smsModelId != null">
				sms_model_id,
			</if>
			<if test="medicineName != null">
				medicine_name,
			</if>
		</trim>
		<trim prefix="values (" suffix=")" suffixOverrides=",">
			<if test="id != null">
				#{id,jdbcType=BIGINT},
			</if>
			<if test="uuid != null">
				#{uuid,jdbcType=VARCHAR},
			</if>
			<if test="tenantId != null">
				#{tenantId,jdbcType=VARCHAR},
			</if>
			<if test="isDeleted != null">
				#{isDeleted,jdbcType=INTEGER},
			</if>
			<if test="createId != null">
				#{createId,jdbcType=BIGINT},
			</if>
			<if test="createTime != null">
				#{createTime,jdbcType=TIMESTAMP},
			</if>
			<if test="orderCode != null">
				#{orderCode,jdbcType=VARCHAR},
			</if>
			<if test="deleteTime != null">
				#{deleteTime,jdbcType=TIMESTAMP},
			</if>
			<if test="remarks != null">
				#{remarks,jdbcType=VARCHAR},
			</if>
			<if test="attachment != null">
				#{attachment,jdbcType=VARCHAR},
			</if>
			<if test="medicineId != null">
				#{medicineId,jdbcType=INTEGER},
			</if>
			<if test="smsModelId != null">
				#{smsModelId,jdbcType=INTEGER},
			</if>
			<if test="medicineName != null">
				#{medicineName,jdbcType=VARCHAR},
			</if>
		</trim>
	</insert>
	<update id="updateByPrimaryKeySelective" parameterType="cn.cecook.model.business.service.SerTask">
		update ser_task
		<set>
			<if test="uuid != null">
				uuid = #{uuid,jdbcType=VARCHAR},
			</if>
			<if test="tenantId != null">
				tenant_id = #{tenantId,jdbcType=VARCHAR},
			</if>
			<if test="isDeleted != null">
				is_deleted = #{isDeleted,jdbcType=INTEGER},
			</if>
			<if test="createId != null">
				create_id = #{createId,jdbcType=BIGINT},
			</if>
			<if test="createTime != null">
				create_time = #{createTime,jdbcType=TIMESTAMP},
			</if>
			<if test="orderCode != null">
				order_code = #{orderCode,jdbcType=VARCHAR},
			</if>
			<if test="deleteTime != null">
				delete_time = #{deleteTime,jdbcType=TIMESTAMP},
			</if>
			<if test="remarks != null">
				remarks = #{remarks,jdbcType=VARCHAR},
			</if>
			<if test="attachment != null">
				attachment = #{attachment,jdbcType=VARCHAR},
			</if>
			<if test="medicineId != null">
				medicine_id = #{medicineId,jdbcType=INTEGER},
			</if>
			<if test="smsModelId != null">
				sms_model_id = #{smsModelId,jdbcType=INTEGER},
			</if>
			<if test="medicineName != null">
				medicine_name = #{medicineName,jdbcType=VARCHAR},
			</if>
		</set>
		where id = #{id,jdbcType=BIGINT}
	</update>
	<select id="getMedicineRuleList" parameterType="java.lang.Integer"
		resultType="map">
		SELECT
		t1.id AS rule_id,
		t1.after_days,
		t2.content_type AS type,
		t2.content,
		t2.id AS sms_model_id
		FROM
		ser_medicine_rule t1
		LEFT JOIN bm_sms_model t2
		ON t2.id =
		t1.sms_model_id
		WHERE
		automated_task_id =#{id};
	</select>

	<!-- 获取自动化运营列表 -->
	<select id="getAutomatedList" parameterType="map" resultType="java.lang.Integer">
		SELECT
		id
		from ser_task
		WHERE
		is_deleted = 0
		ORDER BY id DESC
		limit
		#{startIndex},#{pageSize}
	</select>

	<select id="countTotal" resultType="java.lang.Integer">
		SELECT count(1) from ser_task
		where is_deleted=0

	</select>


	<!-- 获取每个售后自动化运营任务的统计数据 -->
	<select id="getAutomatedStatistics" parameterType="java.lang.Integer"
		resultType="map">
		SELECT
		t1.id,
		IFNULL(t1.after_days, 0) AS afterDay,
		IFNULL(t3.smsCount, 0) AS smsCount,
		IFNULL(t4.`name`, "") AS modelName,
		IFNULL(t6.clickNum, 0) AS clickNum,
		t7.content,
		t7.type
		FROM
		ser_medicine_rule t1
		LEFT JOIN ser_task t2 ON t1.automated_task_id =
		t2.id
		LEFT JOIN bm_sms_model t4 ON t4.id = t1.sms_model_id

		LEFT JOIN (
		SELECT
		COUNT(1) AS smsCount,
		ser_rule_id
		FROM
		bm_sms_send
		GROUP BY
		ser_rule_id
		) t3 ON t3.ser_rule_id = t1.id
		LEFT JOIN (
		SELECT
		COUNT(1) AS
		clickNum,
		ser_rule_id AS id
		FROM
		bm_activity_browse
		GROUP BY
		ser_rule_id
		)
		t6 ON t6.id = t1.id

		LEFT JOIN (SELECT id,content,content_type as type
		FROM bm_sms_model
		)t7 ON
		t7.id=t1.sms_model_id

		WHERE
		t1.is_deleted=0

		and
		t1.automated_task_id=#{id}

		ORDER BY
		id ASC

	</select>
	<!-- 获取评价数据统计 -->
	<select id="getAppraiseCount" parameterType="java.lang.Integer"
		resultType="map">
		SELECT
		IFNULL(COUNT(1),0) AS appraiseNum,
		IFNULL(SUM(score =
		5),0) AS
		highPraiseNum
		FROM
		ser_evaluation_info
		WHERE
		order_id IN (
		SELECT
		DISTINCT
		(order_id)
		FROM
		ser_order_detail
		WHERE
		goods_id IN (
		SELECT
		t2.id
		FROM
		ser_task t1,
		medicine t2
		WHERE
		t1.id = t2.automated_task_id AND
		t2.automated_task_id=#{id}
		)
		);
	</select>

	<update id="deleteTask" parameterType="java.lang.Integer">
		update ser_task set
		is_deleted=1 where id=#{id}
	</update>


	<update id="updateMedicineTaskIdByBatch" parameterType="map">
		update medicine set automated_task_id=#{taskId} where id in
		<foreach item="item" index="index" collection="ids" open="("
			separator="," close=")">
			${item}
		</foreach>
	</update>


	<select id="getTaskMedicines" parameterType="java.lang.Integer"
		resultType="map">
		select GROUP_CONCAT(id separator ',') AS medicineIds
		,GROUP_CONCAT(medicine_name separator ',') AS medicineNames from
		medicine WHERE automated_task_id=#{taskId} ;

	</select>
	<select id="getTaskMedicineRuleList" parameterType="java.lang.Integer"
		resultType="map">
		SELECT t1.after_days,t2.content,t2.id AS modelId,t1.id AS
		ruleId FROM ser_medicine_rule t1,bm_sms_model t2 WHERE
		t1.sms_model_id=t2.id AND t1.automated_task_id=#{taskId} and
		t1.is_deleted=0 and t2.is_deleted=0 ORDER BY t1.id ASC;
	</select>

</mapper>