<?xml version="1.0" encoding="UTF-8" ?>
<!DOCTYPE mapper PUBLIC "-//mybatis.org//DTD Mapper 3.0//EN" "http://mybatis.org/dtd/mybatis-3-mapper.dtd" >
<mapper namespace="cn.cecook.dao.business.markting.BaseCouponCodeMapper" >
  <resultMap id="BaseResultMap" type="cn.cecook.model.business.markting.BaseCouponCode" >
    <id column="id" property="id" jdbcType="INTEGER" />
    <result column="is_deleted" property="isDeleted" jdbcType="INTEGER" />
    <result column="code" property="code" jdbcType="VARCHAR" />
    <result column="type" property="type" jdbcType="INTEGER" />
  </resultMap>
  <sql id="Base_Column_List" >
    id, is_deleted, code, type
  </sql>
  <select id="selectByPrimaryKey" resultMap="BaseResultMap" parameterType="java.lang.Integer" >
    select 
    <include refid="Base_Column_List" />
    from base_coupon_code
    where id = #{id,jdbcType=INTEGER}
  </select>
  <delete id="deleteByPrimaryKey" parameterType="java.lang.Integer" >
    delete from base_coupon_code
    where id = #{id,jdbcType=INTEGER}
  </delete>
  <insert id="insert" parameterType="cn.cecook.model.business.markting.BaseCouponCode" >
    insert into base_coupon_code (id, is_deleted, code, 
      type)
    values (#{id,jdbcType=INTEGER}, #{isDeleted,jdbcType=INTEGER}, #{code,jdbcType=VARCHAR}, 
      #{type,jdbcType=INTEGER})
  </insert>
  <insert id="insertSelective" parameterType="cn.cecook.model.business.markting.BaseCouponCode" >
    insert into base_coupon_code
    <trim prefix="(" suffix=")" suffixOverrides="," >
      <if test="id != null" >
        id,
      </if>
      <if test="isDeleted != null" >
        is_deleted,
      </if>
      <if test="code != null" >
        code,
      </if>
      <if test="type != null" >
        type,
      </if>
    </trim>
    <trim prefix="values (" suffix=")" suffixOverrides="," >
      <if test="id != null" >
        #{id,jdbcType=INTEGER},
      </if>
      <if test="isDeleted != null" >
        #{isDeleted,jdbcType=INTEGER},
      </if>
      <if test="code != null" >
        #{code,jdbcType=VARCHAR},
      </if>
      <if test="type != null" >
        #{type,jdbcType=INTEGER},
      </if>
    </trim>
  </insert>
  <update id="updateByPrimaryKeySelective" parameterType="cn.cecook.model.business.markting.BaseCouponCode" >
    update base_coupon_code
    <set >
      <if test="isDeleted != null" >
        is_deleted = #{isDeleted,jdbcType=INTEGER},
      </if>
      <if test="code != null" >
        code = #{code,jdbcType=VARCHAR},
      </if>
      <if test="type != null" >
        type = #{type,jdbcType=INTEGER},
      </if>
    </set>
    where id = #{id,jdbcType=INTEGER}
  </update>
  <update id="updateByPrimaryKey" parameterType="cn.cecook.model.business.markting.BaseCouponCode" >
    update base_coupon_code
    set is_deleted = #{isDeleted,jdbcType=INTEGER},
      code = #{code,jdbcType=VARCHAR},
      type = #{type,jdbcType=INTEGER}
    where id = #{id,jdbcType=INTEGER}
  </update>
  
  
  <select id="getCodeList" resultType="java.lang.String">
    select code from base_coupon_code where is_deleted=0 limit #{startIndex},#{pageSize}
  </select>
  
  
  <insert id="insertByBatch">
		insert into base_coupon_code
		(code)
		values
		<foreach collection="list" item="item" index="index"
			separator=",">
			(
			#{item}
			)
		</foreach>
	</insert>
</mapper>