<?xml version="1.0" encoding="UTF-8" ?>
<!DOCTYPE mapper PUBLIC "-//mybatis.org//DTD Mapper 3.0//EN" "http://mybatis.org/dtd/mybatis-3-mapper.dtd" >
<mapper namespace="cn.cecook.dao.business.markting.BmActivityExtendMapper">
	<resultMap id="BaseResultMap" type="cn.cecook.model.business.markting.BmActivityExtend">
		<id column="id" property="id" jdbcType="BIGINT" />
		<result column="uuid" property="uuid" jdbcType="VARCHAR" />
		<result column="tenant_id" property="tenantId" jdbcType="VARCHAR" />
		<result column="create_time" property="createTime" jdbcType="TIMESTAMP" />
		<result column="is_deleted" property="isDeleted" jdbcType="INTEGER" />
		<result column="activity_id" property="activityId" jdbcType="BIGINT" />
		<result column="extend_key" property="key" jdbcType="VARCHAR" />
		<result column="extend_value" property="value" jdbcType="VARCHAR" />
		<result column="bak1" property="bak1" jdbcType="VARCHAR" />
		<result column="bak2" property="bak2" jdbcType="VARCHAR" />
		<result column="bak3" property="bak3" jdbcType="VARCHAR" />
		<result column="bak4" property="bak4" jdbcType="VARCHAR" />
		<result column="bak5" property="bak5" jdbcType="VARCHAR" />
	</resultMap>

	<sql id="Base_Column_List">
		id, uuid, tenant_id, create_time, is_deleted, activity_id,
		key, value,
		bak1, bak2,
		bak3, bak4, bak5
	</sql>

	<select id="selectByPrimaryKey" resultMap="BaseResultMap"
		parameterType="java.lang.Long">
		select
		<include refid="Base_Column_List" />
		from bm_activity_extend
		where id = #{id,jdbcType=BIGINT}
	</select>
	<delete id="deleteByPrimaryKey" parameterType="java.lang.Long">
		delete from
		bm_activity_extend
		where id = #{id,jdbcType=BIGINT}
	</delete>


	<insert id="insertSelective" parameterType="cn.cecook.model.business.markting.BmActivityExtend">
		insert into bm_activity_extend
		<trim prefix="(" suffix=")" suffixOverrides=",">
			<if test="id != null">
				id,
			</if>
			<if test="uuid != null">
				uuid,
			</if>
			<if test="tenantId != null">
				tenant_id,
			</if>
			<if test="createTime != null">
				create_time,
			</if>
			<if test="isDeleted != null">
				is_deleted,
			</if>
			<if test="activityId != null">
				activity_id,
			</if>
			<if test="key != null">
				extend_key,
			</if>
			<if test="value != null">
				extend_value,
			</if>
			<if test="bak1 != null">
				bak1,
			</if>
			<if test="bak2 != null">
				bak2,
			</if>
			<if test="bak3 != null">
				bak3,
			</if>
			<if test="bak4 != null">
				bak4,
			</if>
			<if test="bak5 != null">
				bak5,
			</if>
		</trim>
		<trim prefix="values (" suffix=")" suffixOverrides=",">
			<if test="id != null">
				#{id,jdbcType=BIGINT},
			</if>
			<if test="uuid != null">
				#{uuid,jdbcType=VARCHAR},
			</if>
			<if test="tenantId != null">
				#{tenantId,jdbcType=VARCHAR},
			</if>
			<if test="createTime != null">
				#{createTime,jdbcType=TIMESTAMP},
			</if>
			<if test="isDeleted != null">
				#{isDeleted,jdbcType=INTEGER},
			</if>
			<if test="activityId != null">
				#{activityId,jdbcType=BIGINT},
			</if>
			<if test="key != null">
				#{key,jdbcType=VARCHAR},
			</if>
			<if test="value != null">
				#{value,jdbcType=VARCHAR},
			</if>
			<if test="bak1 != null">
				#{bak1,jdbcType=VARCHAR},
			</if>
			<if test="bak2 != null">
				#{bak2,jdbcType=VARCHAR},
			</if>
			<if test="bak3 != null">
				#{bak3,jdbcType=VARCHAR},
			</if>
			<if test="bak4 != null">
				#{bak4,jdbcType=VARCHAR},
			</if>
			<if test="bak5 != null">
				#{bak5,jdbcType=VARCHAR},
			</if>
		</trim>
	</insert>


	<update id="updateByPrimaryKeySelective" parameterType="cn.cecook.model.business.markting.BmActivityExtend">
		update bm_activity_extend
		<set>
			<if test="uuid != null">
				uuid = #{uuid,jdbcType=VARCHAR},
			</if>
			<if test="tenantId != null">
				tenant_id = #{tenantId,jdbcType=VARCHAR},
			</if>
			<if test="createTime != null">
				create_time = #{createTime,jdbcType=TIMESTAMP},
			</if>
			<if test="isDeleted != null">
				is_deleted = #{isDeleted,jdbcType=INTEGER},
			</if>
			<if test="activityId != null">
				activity_id = #{activityId,jdbcType=BIGINT},
			</if>
			<if test="key != null">
				extend_key = #{key,jdbcType=VARCHAR},
			</if>
			<if test="value != null">
				extend_value = #{value,jdbcType=VARCHAR},
			</if>
			<if test="bak1 != null">
				bak1 = #{bak1,jdbcType=VARCHAR},
			</if>
			<if test="bak2 != null">
				bak2 = #{bak2,jdbcType=VARCHAR},
			</if>
			<if test="bak3 != null">
				bak3 = #{bak3,jdbcType=VARCHAR},
			</if>
			<if test="bak4 != null">
				bak4 = #{bak4,jdbcType=VARCHAR},
			</if>
			<if test="bak5 != null">
				bak5 = #{bak5,jdbcType=VARCHAR},
			</if>
		</set>
		where id = #{id,jdbcType=BIGINT}
	</update>
	<insert id="insertByBatch" parameterType="java.util.List">
		insert into bm_activity_extend (activity_id,
		extend_key,extend_value,tenant_id,uuid)
		values
		<foreach collection="list" item="item" index="index"
			separator=",">
			(#{item.activityId,jdbcType=BIGINT},
			#{item.key,jdbcType=VARCHAR},#{item.value,jdbcType=VARCHAR},#{item.bak1,jdbcType=VARCHAR},#{item.bak2,jdbcType=VARCHAR})
		</foreach>
	</insert>

	<update id="updateByBatch" parameterType="java.util.List">
		<foreach collection="list" item="item" index="index" open=""
			close="" separator=";">
			update bm_activity_extend
			<set>
				
				extend_value=#{item.value}
			</set>
			where activity_id = #{item.activityId}  and extend_key=#{item.key}
		</foreach>
	</update>


	<select id="queryList" parameterType="java.lang.Long"
		resultType="map">
		select
		extend_key,extend_value
		from bm_activity_extend
		where
		activity_id = #{activity_id,jdbcType=BIGINT} and is_deleted=0
	</select>

</mapper>