<?xml version="1.0" encoding="UTF-8" ?>
<!DOCTYPE mapper PUBLIC "-//mybatis.org//DTD Mapper 3.0//EN" "http://mybatis.org/dtd/mybatis-3-mapper.dtd" >
<mapper namespace="cn.cecook.dao.business.markting.BmActivityBrowseMapper">
	<resultMap id="BaseResultMap"
		type="cn.cecook.model.business.markting.BmActivityBrowse">
		<id column="id" property="id" jdbcType="BIGINT" />
		<result column="uuid" property="uuid" jdbcType="VARCHAR" />
		<result column="tenant_id" property="tenantId" jdbcType="VARCHAR" />
		<result column="is_deleted" property="isDeleted" jdbcType="INTEGER" />
		<result column="create_id" property="createId" jdbcType="BIGINT" />
		<result column="create_time" property="createTime" jdbcType="TIMESTAMP" />
		<result column="order_code" property="orderCode" jdbcType="VARCHAR" />
		<result column="delete_time" property="deleteTime" jdbcType="TIMESTAMP" />
		<result column="remarks" property="remarks" jdbcType="VARCHAR" />
		<result column="attachment" property="attachment" jdbcType="VARCHAR" />
		<result column="bak1" property="bak1" jdbcType="VARCHAR" />
		<result column="bak2" property="bak2" jdbcType="VARCHAR" />
		<result column="bak3" property="bak3" jdbcType="VARCHAR" />
		<result column="bak4" property="bak4" jdbcType="VARCHAR" />
		<result column="bak5" property="bak5" jdbcType="VARCHAR" />
		<result column="activity_id" property="activityId" jdbcType="BIGINT" />
		<result column="activity_name" property="activityName"
			jdbcType="VARCHAR" />
		<result column="browse_ip" property="browseIp" jdbcType="VARCHAR" />
		<result column="open_way" property="openWay" jdbcType="VARCHAR" />
		<result column="customer_id" property="customer_id" jdbcType="BIGINT" />
		<result column="activity_type" property="activity_type"
			jdbcType="INTEGER" />
		<result column="ser_rule_id" property="ser_rule_id" jdbcType="INTEGER" />
		<result column="order_id" property="order_id" jdbcType="INTEGER" />
		<result column="card_id" property="card_id" jdbcType="INTEGER" />
		<result column="open_id" property="open_id" jdbcType="VARCHAR" />
		<result column="channel_type" property="channel_type" jdbcType="INTEGER" />
		<result column="longitude" property="longitude" jdbcType="VARCHAR" />
		<result column="latitude" property="latitude" jdbcType="VARCHAR" />
		<result column="province" property="province" jdbcType="VARCHAR" />
		<result column="city" property="city" jdbcType="VARCHAR" />
		<result column="district" property="district" jdbcType="VARCHAR" />
		<result column="task_id" property="taskId" jdbcType="INTEGER" />
	</resultMap>




	<sql id="Base_Column_List">
		id, uuid, tenant_id, is_deleted, create_id, create_time,
		order_code,
		delete_time,
		remarks, attachment, bak1, bak2, bak3, bak4,
		bak5, activity_id, activity_name,
		browse_ip,open_way,customer_id,ser_rule_id,card_id,longitude,latitude,province,city,district,task_id
	</sql>

	<sql id="browse_Column_List">
		create_time
		activity_id, activity_name,
		browse_ip,open_way,customer_id
	</sql>


	<select id="selectByPrimaryKey" resultMap="BaseResultMap"
		parameterType="java.lang.Integer">
		select
		<include refid="Base_Column_List" />
		from bm_activity_browse
		where id = #{id,jdbcType=INTEGER}
	</select>
	<delete id="deleteByPrimaryKey" parameterType="java.lang.Integer">
		delete from
		bm_activity_browse
		where id = #{id,jdbcType=INTEGER}
	</delete>


	<insert id="insertSelective" parameterType="cn.cecook.model.business.markting.BmActivityBrowse">
		insert into bm_activity_browse
		<trim prefix="(" suffix=")" suffixOverrides=",">
			<if test="id != null">
				id,
			</if>
			<if test="uuid != null">
				uuid,
			</if>
			<if test="tenantId != null">
				tenant_id,
			</if>
			<if test="isDeleted != null">
				is_deleted,
			</if>
			<if test="createId != null">
				create_id,
			</if>
			<if test="createTime != null">
				create_time,
			</if>
			<if test="orderCode != null">
				order_code,
			</if>
			<if test="deleteTime != null">
				delete_time,
			</if>
			<if test="remarks != null">
				remarks,
			</if>
			<if test="attachment != null">
				attachment,
			</if>
			<if test="activityId != null">
				activity_id,
			</if>
			<if test="activityName != null">
				activity_name,
			</if>
			<if test="browseIp != null">
				browse_ip,
			</if>
			<if test="openWay !=null">
				open_way,
			</if>
			<if test="customer_id !=null">
				customer_id,
			</if>
			<if test="activity_type !=null">
				activity_type,
			</if>
			<if test="bak1 != null">
				bak1,
			</if>
			<if test="bak2 != null">
				bak2,
			</if>
			<if test="bak3 != null">
				bak3,
			</if>
			<if test="bak4 != null">
				bak4,
			</if>
			<if test="bak5 != null">
				bak5,
			</if>
			<if test="sms_batch != null">
				sms_batch,
			</if>
			<if test="ser_rule_id != null">
				ser_rule_id,
			</if>
			<if test="order_id != null">
				order_id,
			</if>
			<if test="card_id != null">
				card_id,
			</if>
            <if test="open_id != null">
				open_id,
			</if>
			 <if test="channel_type != null and channel_type!=0">
				channel_type,
			</if>
			
			<if test="longitude != null">
				longitude,
			</if>
			<if test="latitude != null">
				latitude,
			</if>
			<if test="province != null">
				province,
			</if>
			<if test="city != null">
				city,
			</if>
			<if test="district != null">
				district,
			</if>
			<if test="couponBatch != null">
				coupon_batch,
			</if>
			<if test="taskId != null">
				task_id,
			</if>
		</trim>
		<trim prefix="values (" suffix=")" suffixOverrides=",">
			<if test="id != null">
				#{id,jdbcType=BIGINT},
			</if>
			<if test="uuid != null">
				#{uuid,jdbcType=VARCHAR},
			</if>
			<if test="tenantId != null">
				#{tenantId,jdbcType=VARCHAR},
			</if>
			<if test="isDeleted != null">
				#{isDeleted,jdbcType=INTEGER},
			</if>
			<if test="createId != null">
				#{createId,jdbcType=BIGINT},
			</if>
			<if test="createTime != null">
				#{createTime,jdbcType=TIMESTAMP},
			</if>
			<if test="orderCode != null">
				#{orderCode,jdbcType=VARCHAR},
			</if>
			<if test="deleteTime != null">
				#{deleteTime,jdbcType=TIMESTAMP},
			</if>
			<if test="remarks != null">
				#{remarks,jdbcType=VARCHAR},
			</if>
			<if test="attachment != null">
				#{attachment,jdbcType=VARCHAR},
			</if>
			<if test="activityId != null">
				#{activityId,jdbcType=BIGINT},
			</if>
			<if test="activityName != null">
				#{activityName,jdbcType=VARCHAR},
			</if>
			<if test="browseIp != null">
				#{browseIp,jdbcType=VARCHAR},
			</if>
			<if test="openWay != null">
				#{openWay,jdbcType=VARCHAR},
			</if>
			<if test="customer_id != null">
				#{customer_id,jdbcType=BIGINT},
			</if>
			<if test="activity_type != null">
				#{activity_type,jdbcType=INTEGER},
			</if>
			<if test="bak1 != null">
				#{bak1,jdbcType=VARCHAR},
			</if>
			<if test="bak2 != null">
				#{bak2,jdbcType=VARCHAR},
			</if>
			<if test="bak3 != null">
				#{bak3,jdbcType=VARCHAR},
			</if>
			<if test="bak4 != null">
				#{bak4,jdbcType=VARCHAR},
			</if>
			<if test="bak5 != null">
				#{bak5,jdbcType=VARCHAR},
			</if>
			<if test="sms_batch != null">
				#{sms_batch,jdbcType=VARCHAR},
			</if>
			<if test="ser_rule_id != null">
				#{ser_rule_id,jdbcType=INTEGER},
			</if>
			<if test="order_id != null">
				#{order_id,jdbcType=INTEGER},
			</if>
			<if test="card_id != null">
				#{card_id,jdbcType=INTEGER},
			</if>
			<if test="open_id != null">
				#{open_id,jdbcType=VARCHAR},
			</if>
			<if test="channel_type != null and channel_type!=0">
				#{channel_type,jdbcType=INTEGER},
			</if>
			<if test="longitude != null">
				#{longitude,jdbcType=VARCHAR},
			</if>
			<if test="latitude != null">
				#{latitude,jdbcType=VARCHAR},
			</if>			
			<if test="province != null">
				#{province,jdbcType=VARCHAR},
			</if>
			<if test="city != null">
				#{city,jdbcType=VARCHAR},
			</if>
			<if test="district != null">
				#{district,jdbcType=VARCHAR},
			</if>
			<if test="couponBatch != null">
				#{couponBatch,jdbcType=INTEGER},
			</if>
			<if test="taskId != null">
				#{taskId,jdbcType=INTEGER},
			</if>
		</trim>
	</insert>


	<update id="updateByPrimaryKeySelective" parameterType="cn.cecook.model.business.markting.BmActivityBrowse">
		update bm_activity_browse
		<set>
			<if test="uuid != null">
				uuid = #{uuid,jdbcType=VARCHAR},
			</if>
			<if test="tenantId != null">
				tenant_id = #{tenantId,jdbcType=VARCHAR},
			</if>
			<if test="isDeleted != null">
				is_deleted = #{isDeleted,jdbcType=INTEGER},
			</if>
			<if test="createId != null">
				create_id = #{createId,jdbcType=BIGINT},
			</if>
			<if test="createTime != null">
				create_time = #{createTime,jdbcType=TIMESTAMP},
			</if>
			<if test="orderCode != null">
				order_code = #{orderCode,jdbcType=VARCHAR},
			</if>
			<if test="deleteTime != null">
				delete_time = #{deleteTime,jdbcType=TIMESTAMP},
			</if>
			<if test="remarks != null">
				remarks = #{remarks,jdbcType=VARCHAR},
			</if>
			<if test="attachment != null">
				attachment = #{attachment,jdbcType=VARCHAR},
			</if>
			<if test="bak1 != null">
				bak1 = #{bak1,jdbcType=VARCHAR},
			</if>
			<if test="bak2 != null">
				bak2 = #{bak2,jdbcType=VARCHAR},
			</if>
			<if test="bak3 != null">
				bak3 = #{bak3,jdbcType=VARCHAR},
			</if>
			<if test="bak4 != null">
				bak4 = #{bak4,jdbcType=VARCHAR},
			</if>
			<if test="bak5 != null">
				bak5 = #{bak5,jdbcType=VARCHAR},
			</if>
			<if test="activityId != null">
				activity_id = #{activityId,jdbcType=BIGINT},
			</if>
			<if test="activityName != null">
				activity_name = #{activityName,jdbcType=VARCHAR},
			</if>
			<if test="browseIp != null">
				browse_ip = #{browseIp,jdbcType=VARCHAR},
			</if>
		</set>
		where id = #{id,jdbcType=INTEGER}
	</update>


	<select id="browseList" parameterType="map" resultType="map">
		SELECT t1.id,DATE_FORMAT(t1.create_time,'%Y-%m-%d %H:%i:%s') as
		create_time,t1.activity_id,t1.activity_name,t1.browse_ip,t1.open_way,t1.customer_id,t2.`name`,t2.phone,t2.email,t2.weibo,t2.wechat,t2.address,t2.gender,t2.is_deleted
		FROM bm_activity_browse t1
		LEFT JOIN bc_customer t2 ON t1.customer_id=t2.id
		<where>
			<if test="activity_id!=null and activity_id!='' ">
				activity_id=${activity_id}
			</if>
			<if test="activity_type!=null and activity_type!='' ">
				and activity_type=#{activity_type}
			</if>
			<if test="keyWord!=null and keyWord!='' ">
				and (t1.activity_name LIKE CONCAT('%',#{keyWord},'%') or
				t2.customer_name LIKE
				CONCAT('%',#{keyWord},'%') or t1.browse_ip LIKE
				CONCAT('%',#{keyWord},'%'))
			</if>
		</where>
		order by ${orderBy}

		limit ${startIndex},${pageSize}
	</select>

	<select id="totalCount" parameterType="map" resultType="java.lang.Integer">
		SELECT count(1) FROM bm_activity_browse t1
		LEFT JOIN bc_customer t2 ON t1.customer_id=t2.id
		<where>
			<if test="activity_id!=null and activity_id!='' ">
				activity_id=${activity_id}
			</if>
			<if test="activity_type!=null and activity_type!='' ">
				and activity_type=#{activity_type}
			</if>
			<if test="keyWord!=null and keyWord!='' ">
				and (t1.activity_name LIKE CONCAT('%',#{keyWord},'%') or
				t2.customer_name LIKE
				CONCAT('%',#{keyWord},'%') or t1.browse_ip LIKE
				CONCAT('%',#{keyWord},'%'))
			</if>
		</where>

	</select>



	<select id="countOpen" parameterType="java.lang.Long"
		resultType="map">
		select IFNULL(sum(open_way='weibo'),0) as
		weibo_num,IFNULL(sum(open_way='weixin'),0) as
		weixin_num,IFNULL(sum(open_way='qq'),0) as qq_num ,count(1) as total
		from
		bm_activity_browse
		where
		activity_id=#{activity_id,jdbcType=BIGINT}
		and activity_type=0
	</select>
	<select id="countOpen2" parameterType="java.lang.Long"
		resultType="map">
		select IFNULL(sum(open_way='weibo'),0) as
		weibo_num,IFNULL(sum(open_way='weixin'),0) as
		weixin_num,IFNULL(sum(open_way='qq'),0) as qq_num ,count(1) as total
		from
		bm_activity_browse
		where
		activity_id=#{activity_id,jdbcType=BIGINT}
		and activity_type=1;
	</select>

	<select id="countTransmit" resultType="java.lang.Integer"
		parameterType="java.lang.Long">
		select IFNULL(count(DISTINCT browse_ip),0) FROM
		bm_activity_browse where customer_id=#{customer_id,jdbcType=BIGINT}
	</select>

    <select id="getListByCouponBatchId" parameterType="map"
		resultType="cn.cecook.bean.business.markting.CouponBatchClickStatistics">
		SELECT
			IFNULL(t3.`name`, "——") AS `name`,
			IFNULL(t3.phone, "——") AS phone,
			IFNULL(t3.email, "——") AS email,
			IFNULL(t3.gender, "") AS gender,
			IFNULL(t1.browse_ip, "") AS city,
			IFNULL(
				DATE_FORMAT(
					t1.create_time,
					'%Y-%m-%d %T'
				),
				""
			) AS create_time,
			t4.web_url AS activityUrl,
			t4.NAME AS activityName,
			t4.id As activityId
		FROM
			bm_activity_browse t1
		LEFT JOIN bc_customer t3 ON t1.customer_id = t3.id
		LEFT JOIN bm_activity t4 ON t4.id = t1.activity_id
		where
		t1.is_deleted=0 and t1.coupon_batch =#{batchId}
		order by t1.id desc
		<if test="startIndex!=null and startIndex!='' and pageSize!=null and pageSize!=''">
			limit #{startIndex},#{pageSize}
		</if>
	</select>

	<select id="countByCouponBatchId" parameterType="java.lang.Integer"
		resultType="java.lang.Integer">
		select count(1) from bm_activity_browse where is_deleted=0 and
		coupon_batch=#{batchId}

	</select>
</mapper>