<?xml version="1.0" encoding="UTF-8" ?>
<!DOCTYPE mapper PUBLIC "-//mybatis.org//DTD Mapper 3.0//EN" "http://mybatis.org/dtd/mybatis-3-mapper.dtd" >
<mapper namespace="cn.cecook.dao.business.markting.BmActivityModelDefinedMapper">
	<resultMap id="BaseResultMap" type="cn.cecook.model.business.markting.BmActivityModelDefined">
		<id column="id" property="id" jdbcType="INTEGER" />
		<result column="uuid" property="uuid" jdbcType="VARCHAR" />
		<result column="tenant_id" property="tenantId" jdbcType="VARCHAR" />
		<result column="is_deleted" property="isDeleted" jdbcType="INTEGER" />
		<result column="create_id" property="createId" jdbcType="BIGINT" />
		<result column="create_time" property="createTime" jdbcType="TIMESTAMP" />
		<result column="order_code" property="orderCode" jdbcType="VARCHAR" />
		<result column="delete_time" property="deleteTime" jdbcType="TIMESTAMP" />
		<result column="remarks" property="remarks" jdbcType="VARCHAR" />
		<result column="attachment" property="attachment" jdbcType="VARCHAR" />
		<result column="description" property="description" jdbcType="VARCHAR" />
		<result column="type" property="type" jdbcType="VARCHAR" />
		<result column="pic_url" property="picUrl" jdbcType="VARCHAR" />
		<result column="text_info" property="textInfo" jdbcType="VARCHAR" />
		<result column="address_info" property="addressInfo" jdbcType="VARCHAR" />
		<result column="collect_info" property="collectInfo" jdbcType="VARCHAR" />
		<result column="button_css" property="buttonCss" jdbcType="VARCHAR" />
		<result column="button_text" property="buttonText" jdbcType="VARCHAR" />
		<result column="footer_info" property="footerInfo" jdbcType="VARCHAR" />
		<result column="background_music" property="backgroundMusic"
			jdbcType="VARCHAR" />
		<result column="content" property="content" jdbcType="VARCHAR" />
		<result column="web_url" property="webUrl" jdbcType="VARCHAR" />
		<result column="bak1" property="bak1" jdbcType="VARCHAR" />
		<result column="bak2" property="bak2" jdbcType="VARCHAR" />
		<result column="bak3" property="bak3" jdbcType="VARCHAR" />
		<result column="bak4" property="bak4" jdbcType="VARCHAR" />
		<result column="bak5" property="bak5" jdbcType="VARCHAR" />
		<result column="name" property="name" jdbcType="VARCHAR" />
		<result column="tag" property="tag" jdbcType="VARCHAR" />
		<result column="update_time" property="update_time" jdbcType="TIMESTAMP" />
		<result column="update_name" property="update_name" jdbcType="VARCHAR" />
		<result column="use_time" property="use_time" jdbcType="TIMESTAMP" />
		<result column="background_pic" property="background_pic"
			jdbcType="VARCHAR" />
		<result column="weixin_qrcode" property="weixin_qrcode"
			jdbcType="VARCHAR" />
		<result column="weibo_qrcode" property="weibo_qrcode" jdbcType="VARCHAR" />

		<result column="thumbnail_pic" property="thumbnail_pic"
			jdbcType="VARCHAR" />
		<result column="model_pic" property="model_pic" jdbcType="VARCHAR" />
		<result column="status" property="status" jdbcType="INTEGER" />

		<result column="theme_info" property="theme_info" jdbcType="VARCHAR" />
		<result column="theme_info_color" property="theme_info_color"
			jdbcType="VARCHAR" />
		<result column="text_info_color" property="text_info_color"
			jdbcType="VARCHAR" />

	</resultMap>


	<sql id="Base_Column_List">
		id, uuid, tenant_id, is_deleted, create_id, create_time,
		order_code,
		delete_time,
		remarks, attachment, description, type,
		pic_url, text_info, address_info,
		collect_info,
		button_css, button_text,
		footer_info, background_music, content, web_url, bak1,
		bak2,
		bak3, bak4,
		bak5, name,
		tag,background_pic,weixin_qrcode,weibo_qrcode,thumbnail_pic,model_pic,status,
		theme_info,theme_info_color,text_info_color
	</sql>

	<sql id="Column_List">
		id, create_id, create_time, is_deleted,
		remarks, attachment,
		description, type, pic_url, text_info, address_info,
		collect_info,
		button_css, button_text, footer_info, background_music, content,
		web_url, name,
		tag,background_pic,weixin_qrcode,weibo_qrcode,thumbnail_pic,model_pic,status,
		theme_info,theme_info_color,text_info_color,bak1,
		bak2,
		bak3, bak4,
		bak5
	</sql>




	<insert id="insertSelective" useGeneratedKeys="true"
		keyProperty="id" parameterType="cn.cecook.model.business.markting.BmActivityModelDefined">
		insert into bm_activity_defined_model
		<trim prefix="(" suffix=")" suffixOverrides=",">
			<if test="id != null">
				id,
			</if>
			<if test="uuid != null">
				uuid,
			</if>
			<if test="tenantId != null">
				tenant_id,
			</if>
			<if test="isDeleted != null">
				is_deleted,
			</if>
			<if test="createId != null">
				create_id,
			</if>
			<if test="createTime != null">
				create_time,
			</if>
			<if test="orderCode != null">
				order_code,
			</if>
			<if test="deleteTime != null">
				delete_time,
			</if>
			<if test="remarks != null">
				remarks,
			</if>
			<if test="attachment != null">
				attachment,
			</if>
			<if test="description != null">
				description,
			</if>
			<if test="type != null">
				type,
			</if>
			<if test="picUrl != null">
				pic_url,
			</if>
			<if test="textInfo != null">
				text_info,
			</if>
			<if test="addressInfo != null">
				address_info,
			</if>
			<if test="collectInfo != null">
				collect_info,
			</if>
			<if test="buttonCss != null">
				button_css,
			</if>
			<if test="buttonText != null">
				button_text,
			</if>
			<if test="footerInfo != null">
				footer_info,
			</if>
			<if test="backgroundMusic != null">
				background_music,
			</if>
			<if test="content != null">
				content,
			</if>
			<if test="webUrl != null">
				web_url,
			</if>
			<if test="bak1 != null">
				bak1,
			</if>
			<if test="bak2 != null">
				bak2,
			</if>
			<if test="bak3 != null">
				bak3,
			</if>
			<if test="bak4 != null">
				bak4,
			</if>
			<if test="bak5 != null">
				bak5,
			</if>
			<if test="name != null">
				name,
			</if>
			<if test="tag != null">
				tag,
			</if>
			<if test="background_pic != null">
				background_pic,
			</if>
			<if test="weixin_qrcode != null">
				weixin_qrcode,
			</if>
			<if test="weibo_qrcode != null">
				weibo_qrcode,
			</if>
			<if test="thumbnail_pic != null">
				thumbnail_pic,
			</if>
			<if test="model_pic != null">
				model_pic,
			</if>
			<if test="status != null">
				status,
			</if>
			<if test="create_username != null">
				create_username,
			</if>

			<if test="theme_info != null">
				theme_info,
			</if>
			<if test="theme_info_color != null">
				theme_info_color,
			</if>
			<if test="text_info_color != null">
				text_info_color,
			</if>
		</trim>
		<trim prefix="values (" suffix=")" suffixOverrides=",">
			<if test="id != null">
				#{id,jdbcType=INTEGER},
			</if>
			<if test="uuid != null">
				#{uuid,jdbcType=VARCHAR},
			</if>
			<if test="tenantId != null">
				#{tenantId,jdbcType=VARCHAR},
			</if>
			<if test="isDeleted != null">
				#{isDeleted,jdbcType=INTEGER},
			</if>
			<if test="createId != null">
				#{createId,jdbcType=BIGINT},
			</if>
			<if test="createTime != null">
				#{createTime,jdbcType=TIMESTAMP},
			</if>
			<if test="orderCode != null">
				#{orderCode,jdbcType=VARCHAR},
			</if>
			<if test="deleteTime != null">
				#{deleteTime,jdbcType=TIMESTAMP},
			</if>
			<if test="remarks != null">
				#{remarks,jdbcType=VARCHAR},
			</if>
			<if test="attachment != null">
				#{attachment,jdbcType=VARCHAR},
			</if>
			<if test="description != null">
				#{description,jdbcType=VARCHAR},
			</if>
			<if test="type != null">
				#{type,jdbcType=VARCHAR},
			</if>
			<if test="picUrl != null">
				#{picUrl,jdbcType=VARCHAR},
			</if>
			<if test="textInfo != null">
				#{textInfo,jdbcType=VARCHAR},
			</if>
			<if test="addressInfo != null">
				#{addressInfo,jdbcType=VARCHAR},
			</if>
			<if test="collectInfo != null">
				#{collectInfo,jdbcType=VARCHAR},
			</if>
			<if test="buttonCss != null">
				#{buttonCss,jdbcType=VARCHAR},
			</if>
			<if test="buttonText != null">
				#{buttonText,jdbcType=VARCHAR},
			</if>
			<if test="footerInfo != null">
				#{footerInfo,jdbcType=VARCHAR},
			</if>
			<if test="backgroundMusic != null">
				#{backgroundMusic,jdbcType=VARCHAR},
			</if>
			<if test="content != null">
				#{content,jdbcType=VARCHAR},
			</if>
			<if test="webUrl != null">
				#{webUrl,jdbcType=VARCHAR},
			</if>
			<if test="bak1 != null">
				#{bak1,jdbcType=VARCHAR},
			</if>
			<if test="bak2 != null">
				#{bak2,jdbcType=VARCHAR},
			</if>
			<if test="bak3 != null">
				#{bak3,jdbcType=VARCHAR},
			</if>
			<if test="bak4 != null">
				#{bak4,jdbcType=VARCHAR},
			</if>
			<if test="bak5 != null">
				#{bak5,jdbcType=VARCHAR},
			</if>
			<if test="name != null">
				#{name,jdbcType=VARCHAR},
			</if>
			<if test="tag != null">
				#{tag,jdbcType=VARCHAR},
			</if>
			<if test="background_pic != null">
				#{background_pic,jdbcType=VARCHAR},
			</if>
			<if test="weixin_qrcode != null">
				#{weixin_qrcode,jdbcType=VARCHAR},
			</if>
			<if test="weibo_qrcode != null">
				#{weibo_qrcode,jdbcType=VARCHAR},
			</if>
			<if test="thumbnail_pic != null">
				#{thumbnail_pic,jdbcType=VARCHAR},
			</if>
			<if test="model_pic != null">
				#{model_pic,jdbcType=VARCHAR},
			</if>
			<if test="status != null">
				#{status,jdbcType=INTEGER},
			</if>
			<if test="create_username != null">
				#{create_username,jdbcType=INTEGER},
			</if>

			<if test="theme_info != null">
				#{theme_info,jdbcType=VARCHAR},
			</if>
			<if test="theme_info_color != null">
				#{theme_info_color,jdbcType=VARCHAR},
			</if>
			<if test="text_info_color != null">
				#{text_info_color,jdbcType=VARCHAR},
			</if>

		</trim>
	</insert>



	<update id="updateByPrimaryKeySelective" parameterType="cn.cecook.model.business.markting.BmActivityModelDefined">
		update bm_activity_defined_model
		<set>
			<if test="uuid != null">
				uuid = #{uuid,jdbcType=VARCHAR},
			</if>
			<if test="tenantId != null">
				tenant_id = #{tenantId,jdbcType=VARCHAR},
			</if>
			<if test="isDeleted != null">
				is_deleted = #{isDeleted,jdbcType=INTEGER},
			</if>
			<if test="createId != null">
				create_id = #{createId,jdbcType=BIGINT},
			</if>
			<if test="createTime != null">
				create_time = #{createTime,jdbcType=TIMESTAMP},
			</if>
			<if test="orderCode != null">
				order_code = #{orderCode,jdbcType=VARCHAR},
			</if>
			<if test="deleteTime != null">
				delete_time = #{deleteTime,jdbcType=TIMESTAMP},
			</if>
			<if test="remarks != null">
				remarks = #{remarks,jdbcType=VARCHAR},
			</if>
			<if test="attachment != null">
				attachment = #{attachment,jdbcType=VARCHAR},
			</if>
			<if test="description != null">
				description = #{description,jdbcType=VARCHAR},
			</if>
			<if test="type != null">
				type = #{type,jdbcType=VARCHAR},
			</if>
			<if test="picUrl != null">
				pic_url = #{picUrl,jdbcType=VARCHAR},
			</if>
			<if test="textInfo != null">
				text_info = #{textInfo,jdbcType=VARCHAR},
			</if>
			<if test="addressInfo != null">
				address_info = #{addressInfo,jdbcType=VARCHAR},
			</if>
			<if test="collectInfo != null">
				collect_info = #{collectInfo,jdbcType=VARCHAR},
			</if>
			<if test="buttonCss != null">
				button_css = #{buttonCss,jdbcType=VARCHAR},
			</if>
			<if test="buttonText != null">
				button_text = #{buttonText,jdbcType=VARCHAR},
			</if>
			<if test="footerInfo != null">
				footer_info = #{footerInfo,jdbcType=VARCHAR},
			</if>
			<if test="backgroundMusic != null">
				background_music = #{backgroundMusic,jdbcType=VARCHAR},
			</if>
			<if test="content != null">
				content = #{content,jdbcType=VARCHAR},
			</if>
			<if test="webUrl != null">
				web_url = #{webUrl,jdbcType=VARCHAR},
			</if>
			<if test="bak1 != null">
				bak1 = #{bak1,jdbcType=VARCHAR},
			</if>
			<if test="bak2 != null">
				bak2 = #{bak2,jdbcType=VARCHAR},
			</if>
			<if test="bak3 != null">
				bak3 = #{bak3,jdbcType=VARCHAR},
			</if>
			<if test="bak4 != null">
				bak4 = #{bak4,jdbcType=VARCHAR},
			</if>
			<if test="bak5 != null">
				bak5 = #{bak5,jdbcType=VARCHAR},
			</if>
			<if test="name != null">
				name = #{name,jdbcType=VARCHAR},
			</if>
			<if test="tag != null">
				tag = #{tag,jdbcType=VARCHAR},
			</if>
			<if test="update_name != null">
				update_name = #{update_name,jdbcType=VARCHAR},
			</if>
			<if test="background_pic != null">
				background_pic = #{background_pic,jdbcType=VARCHAR},
			</if>
			<if test="weixin_qrcode != null">
				weixin_qrcode = #{weixin_qrcode,jdbcType=VARCHAR},
			</if>
			<if test="weibo_qrcode != null">
				weibo_qrcode = #{weibo_qrcode,jdbcType=VARCHAR},
			</if>
			<if test="thumbnail_pic != null">
				thumbnail_pic = #{thumbnail_pic,jdbcType=VARCHAR},
			</if>
			<if test="model_pic != null">
				model_pic = #{model_pic,jdbcType=VARCHAR},
			</if>
			<if test="theme_info != null">
				theme_info = #{theme_info,jdbcType=VARCHAR},
			</if>
			<if test="theme_info_color != null">
				theme_info_color = #{theme_info_color,jdbcType=VARCHAR},
			</if>
			<if test="text_info_color != null">
				text_info_color = #{text_info_color,jdbcType=VARCHAR},
			</if>


			status=0,
			update_time = now()
		</set>
		where id = #{id,jdbcType=INTEGER}
	</update>
	<update id="updateByPrimaryKey" parameterType="cn.cecook.model.business.markting.BmActivityModelDefined">
		update
		bm_activity_defined_model
		set uuid = #{uuid,jdbcType=VARCHAR},
		tenant_id = #{tenantId,jdbcType=VARCHAR},
		is_deleted =
		#{isDeleted,jdbcType=INTEGER},
		create_id = #{createId,jdbcType=BIGINT},
		create_time = #{createTime,jdbcType=TIMESTAMP},
		order_code =
		#{orderCode,jdbcType=VARCHAR},
		delete_time =
		#{deleteTime,jdbcType=TIMESTAMP},
		remarks =
		#{remarks,jdbcType=VARCHAR},
		attachment =
		#{attachment,jdbcType=VARCHAR},
		description =
		#{description,jdbcType=VARCHAR},
		type = #{type,jdbcType=VARCHAR},
		pic_url = #{picUrl,jdbcType=VARCHAR},
		text_info =
		#{textInfo,jdbcType=VARCHAR},
		address_info =
		#{addressInfo,jdbcType=VARCHAR},
		collect_info =
		#{collectInfo,jdbcType=VARCHAR},
		button_css =
		#{buttonCss,jdbcType=VARCHAR},
		button_text =
		#{buttonText,jdbcType=VARCHAR},
		footer_info =
		#{footerInfo,jdbcType=VARCHAR},
		background_music =
		#{backgroundMusic,jdbcType=VARCHAR},
		content =
		#{content,jdbcType=VARCHAR},
		web_url = #{webUrl,jdbcType=VARCHAR},
		bak1
		= #{bak1,jdbcType=VARCHAR},
		bak2 = #{bak2,jdbcType=VARCHAR},
		bak3 =
		#{bak3,jdbcType=VARCHAR},
		bak4 = #{bak4,jdbcType=VARCHAR},
		bak5 =
		#{bak5,jdbcType=VARCHAR},
		name = #{name,jdbcType=VARCHAR},
		tag =
		#{tag,jdbcType=VARCHAR}
		where id = #{id,jdbcType=INTEGER}
	</update>

	<select id="selectByPrimaryKey" resultType="cn.cecook.bean.business.markting.ActivityModelDefinedBean"
		parameterType="java.lang.Integer">
		select
		<include refid="Column_List" />
		from bm_activity_defined_model
		where id = #{id,jdbcType=INTEGER}
	</select>

	<update id="deleteByPrimaryKey" parameterType="java.lang.Integer">
		update
		bm_activity_defined_model set is_deleted=1,delete_time=NOW()
		where id =
		#{id,jdbcType=INTEGER} and status=0
	</update>


	<select id="queryActivityModelDefinedList" parameterType="map"
		resultType="cn.cecook.bean.business.markting.ActivityModelDefinedBean">
		select count(ac.model_id) as
		count,mo.thumbnail_pic,mo.id,mo.model_pic,mo.name,mo.create_username,mo.update_name,mo.create_time,mo.use_time,mo.update_time,mo.pic_url,mo.type
		from bm_activity_defined_model mo
		LEFT JOIN bm_activity ac on
		mo.id=ac.model_id
		where mo.is_deleted=0
		<if test="key_word!=null and key_word!=''">
			and mo.name LIKE CONCAT('%',#{key_word},'%')
		</if>
		group by mo.id
		order by create_time desc
		limit #{start},#{end}


	</select>

	<select id="modelListCount" parameterType="map" resultType="java.lang.Integer">
		SELECT IFNULL(count(DISTINCT mo.id),0) from bm_activity_defined_model
		mo
		<where>
			mo.is_deleted=0
			<if test="key_word!=null and key_word!=''">
				and mo.name LIKE CONCAT('%',#{key_word},'%')
			</if>

			<if test="status!=null">
				and mo.status=#{status}
			</if>
			<if test="type!=null">
				and mo.type=#{type}
			</if>

		</where>
	</select>
	<select id="queryName" parameterType="java.lang.String"
		resultType="java.lang.String">
		select name from bm_activity_defined_model where
		name=#{name} and is_deleted=0
	</select>

	<!-- 更新活动时查询是否有相同名字 -->
	<select id="queryUpdateName" parameterType="map" resultType="java.lang.String">
		select name from bm_activity_defined_model where name=#{name} and
		is_deleted=0 and id!=#{id}
	</select>


	<update id="updateUseTime" parameterType="java.lang.Integer">
		update
		bm_activity_defined_model set use_time=now() where id=#{id}
	</update>

	<update id="lockStatus" parameterType="java.lang.Long">
		update
		bm_activity_defined_model set status=1 where id=#{id}
	</update>
	<update id="unlockStatus" parameterType="java.lang.Long">
		update
		bm_activity_defined_model set status=0 where id=#{id}
	</update>

	<select id="queryModelByType" parameterType="map" resultType="map">
		SELECT f.*,count(distinct id) FROM (SELECT
		b.id,b.type,b.web_url,b.is_deleted
		,b.thumbnail_pic as pic_url,b.`name`
		,IFNULL(COUNT(a.model_id),0)as
		use_num,IFNULL(TRUNCATE(avg(a.ratio),2),0) as
		average_ratio,IFNULL(MAX(a.ratio),0) as
		max_ratio,IFNULL(MAX(a.write_off_num),0) as
		max_write_off,IFNULL(MIN(a.write_off_num),0) as min_write_off
		,b.description from
		bm_activity_defined_model b
		LEFT JOIN bm_activity a on a.model_id=b.id
		where
		b.type='defined_text' AND b.is_deleted=0

		GROUP BY
		a.model_id
		UNION ALL (SELECT c.id,c.type,c.web_url,c.is_deleted
		,c.thumbnail_pic as
		pic_url,c.`name` ,0,0,0,0,0 ,c.description from
		bm_activity_defined_model c) ) f WHERE
		f.is_deleted=0
		GROUP BY
		id ORDER
		BY
		id DESC limit #{startIndex},#{pageSize}
	</select>


    <update id="insertWebUrl" parameterType="map">
    update bm_activity_defined_model set web_url=#{web_url} where id=#{model_id}
    
    </update>


</mapper>