<?xml version="1.0" encoding="UTF-8" ?>
<!DOCTYPE mapper PUBLIC "-//mybatis.org//DTD Mapper 3.0//EN" "http://mybatis.org/dtd/mybatis-3-mapper.dtd" >
<mapper namespace="cn.cecook.dao.business.markting.BmActivityMapper">
	<resultMap id="BaseResultMap" type="cn.cecook.model.business.markting.BmActivity">
		<id column="id" property="id" jdbcType="INTEGER" />
		<result column="uuid" property="uuid" jdbcType="VARCHAR" />
		<result column="tenant_id" property="tenantId" jdbcType="VARCHAR" />
		<result column="is_deleted" property="isDeleted" jdbcType="INTEGER" />
		<result column="create_id" property="createId" jdbcType="BIGINT" />
		<result column="create_time" property="createTime" jdbcType="TIMESTAMP" />
		<result column="order_code" property="orderCode" jdbcType="VARCHAR" />
		<result column="delete_time" property="deleteTime" jdbcType="TIMESTAMP" />
		<result column="remarks" property="remarks" jdbcType="VARCHAR" />
		<result column="attachment" property="attachment" jdbcType="VARCHAR" />
		<result column="name" property="name" jdbcType="VARCHAR" />
		<result column="model_id" property="model_id" jdbcType="INTEGER" />
		<result column="description" property="description" jdbcType="VARCHAR" />
		<result column="web_url" property="webUrl" jdbcType="VARCHAR" />
		<result column="pic_url" property="picUrl" jdbcType="VARCHAR" />
		<result column="coupon_send_type" property="couponSendType"
			jdbcType="VARCHAR" />
		<result column="start_date" property="startDate" jdbcType="VARCHAR" />
		<result column="effective_day" property="effectiveDay"
			jdbcType="INTEGER" />
		<result column="effective_status" property="effectiveStatus"
			jdbcType="INTEGER" />
		<result column="coupon_number" property="couponNumber"
			jdbcType="INTEGER" />
		<result column="tag" property="tag" jdbcType="VARCHAR" />
		<result column="tag_defined" property="tagDefined" jdbcType="VARCHAR" />
		<result column="title" property="title" jdbcType="VARCHAR" />
		<result column="content" property="content" jdbcType="VARCHAR" />
		<result column="pic" property="pic" jdbcType="VARCHAR" />
		<result column="status" property="status" jdbcType="INTEGER" />
		<result column="check_status" property="checkStatus" jdbcType="INTEGER" />
		<result column="check_descrption" property="checkDescrption"
			jdbcType="VARCHAR" />
		<result column="overview" property="overview" jdbcType="VARCHAR" />
		<result column="statistic" property="statistic" jdbcType="VARCHAR" />
		<result column="share_channel" property="shareChannel"
			jdbcType="VARCHAR" />
		<result column="browse_number" property="browseNumber"
			jdbcType="VARCHAR" />
		<result column="submit_numer" property="submitNumer" jdbcType="VARCHAR" />
		<result column="ratio" property="ratio" jdbcType="VARCHAR" />
		<result column="head_pic" property="head_pic" jdbcType="VARCHAR" />
		<result column="transmit_rule" property="transmit_rule"
			jdbcType="INTEGER" />
		<result column="start_time" property="start_time" jdbcType="TIMESTAMP" />
		<result column="end_time" property="end_time" jdbcType="TIMESTAMP" />
		<result column="coupon_expire_day" property="coupon_expire_day"
			jdbcType="INTEGER" />
		<result column="equipment_facilities" property="equipment_facilities"
			jdbcType="VARCHAR" />
		<result column="activity_restrict" property="activity_restrict"
			jdbcType="VARCHAR" />
		<result column="commit_info" property="commit_info" jdbcType="VARCHAR" />
		<result column="weibo_qrcode" property="weibo_qrcode" jdbcType="VARCHAR" />
		<result column="weixin_qrcode" property="weixin_qrcode"
			jdbcType="VARCHAR" />
		<result column="detail_rule" property="detail_rule" jdbcType="VARCHAR" />
		<result column="discount_price" property="discount_price"
			jdbcType="VARCHAR" />
		<result column="original_price" property="original_price"
			jdbcType="VARCHAR" />
		<result column="background_pic" property="background_pic"
			jdbcType="VARCHAR" />
		<result column="background_music" property="background_music"
			jdbcType="VARCHAR" />
		<result column="protrait_tag" property="protrait_tag" jdbcType="VARCHAR" />
		<result column="button_text" property="button_text" jdbcType="VARCHAR" />
		<result column="button_css" property="button_css" jdbcType="VARCHAR" />

		<result column="theme_info" property="theme_info" jdbcType="VARCHAR" />
		<result column="theme_info_color" property="theme_info_color"
			jdbcType="VARCHAR" />
		<result column="text_info_color" property="text_info_color"
			jdbcType="VARCHAR" />
		<result column="coupon_flag" property="couponFlag"
			jdbcType="INTEGER" />
		<result column="third_id" property="thirdId"
			jdbcType="INTEGER" />
		<result column="distinction" property="distinction"
			jdbcType="INTEGER" />

	</resultMap>

	<sql id="Base_Column_List">
		id, uuid, tenant_id, is_deleted, create_id, create_time,
		order_code, delete_time,
		remarks, attachment, name, description,
		web_url, pic_url, coupon_send_type,
		start_date,
		effective_day,
		effective_status, coupon_number, tag, tag_defined, title, content,
		pic, status, check_status, check_descrption, overview, statistic,
		share_channel,
		browse_number, submit_numer, ratio, bak1, bak2, bak3,
		bak4, bak5, model_id,
		head_pic,
		market_rule_id, hot_tag, type,
		transmit_rule, start_time, end_time,
		coupon_expire_day,
		equipment_facilities, original_price, discount_price,
		activity_restrict, commit_info,
		weibo_qrcode, weixin_qrcode,
		detail_rule, browse_num,
		receive_coupon_num, write_off_num,
		background_pic, background_music, protrait_tag,button_text,button_css,
		theme_info,theme_info_color,text_info_color,distinction,third_id,coupon_flag

	</sql>

	<sql id="activity_Column_List">
		id, is_deleted, uuid, tenant_id, create_id, create_time,
		delete_time,
		remarks, attachment, name, description,
		web_url, pic_url,
		coupon_send_type,
		start_date,
		effective_day,
		effective_status,
		coupon_number, tag, tag_defined, title, content,
		pic, status,model_id,
		check_status, check_descrption, overview, statistic,
		share_channel,
		browse_number, submit_numer, ratio,
		head_pic,hot_tag,transmit_rule,IFNULL(DATE_FORMAT(start_time,'%Y-%m-%d'),"")
		as start_time,IFNULL(DATE_FORMAT(end_time,'%Y-%m-%d'),"") as
		end_time,coupon_expire_day,
		equipment_facilities,original_price,discount_price,
		activity_restrict,commit_info,weibo_qrcode,weixin_qrcode,detail_rule,
		browse_num,receive_coupon_num,write_off_num,background_pic,background_music,protrait_tag,button_text,button_css,
		theme_info,theme_info_color,text_info_color,bak1, bak2, bak3,
		bak4,
		bak5,coupon_id,sms_batch_id,coupon_name,activity_tag,coupon_flag as couponFlag
	</sql>



	<insert id="insertSelective" useGeneratedKeys="true"
		keyProperty="id" parameterType="cn.cecook.model.business.markting.BmActivity">
		insert into bm_activity
		<trim prefix="(" suffix=")" suffixOverrides=",">
			<if test="id != null">
				id,
			</if>
			<if test="uuid != null">
				uuid,
			</if>
			<if test="tenantId != null">
				tenant_id,
			</if>
			<if test="isDeleted != null">
				is_deleted,
			</if>
			<if test="createId != null">
				create_id,
			</if>
			<if test="createTime != null">
				create_time,
			</if>
			<if test="orderCode != null">
				order_code,
			</if>
			<if test="deleteTime != null">
				delete_time,
			</if>
			<if test="remarks != null">
				remarks,
			</if>
			<if test="attachment != null">
				attachment,
			</if>
			<if test="name != null">
				name,
			</if>
			<if test="description != null">
				description,
			</if>
			<if test="webUrl != null">
				web_url,
			</if>
			<if test="picUrl != null">
				pic_url,
			</if>
			<if test="couponSendType != null">
				coupon_send_type,
			</if>
			<if test="startDate != null">
				start_date,
			</if>
			<if test="effectiveDay != null">
				effective_day,
			</if>
			<if test="effectiveStatus != null">
				effective_status,
			</if>
			<if test="couponNumber != null">
				coupon_number,
			</if>
			<if test="tag != null">
				tag,
			</if>
			<if test="tagDefined != null">
				tag_defined,
			</if>
			<if test="title != null">
				title,
			</if>
			<if test="content != null">
				content,
			</if>
			<if test="pic != null">
				pic,
			</if>
			<if test="status != null">
				status,
			</if>
			<if test="checkStatus != null">
				check_status,
			</if>
			<if test="checkDescrption != null">
				check_descrption,
			</if>
			<if test="overview != null">
				overview,
			</if>
			<if test="statistic != null">
				statistic,
			</if>
			<if test="shareChannel != null">
				share_channel,
			</if>
			<if test="browseNumber != null">
				browse_number,
			</if>
			<if test="submitNumer != null">
				submit_numer,
			</if>
			<if test="ratio != null">
				ratio,
			</if>
			<if test="model_id != null">
				model_id,
			</if>
			<if test="head_pic != null">
				head_pic,
			</if>
			<if test="bak1 != null">
				bak1,
			</if>
			<if test="bak2 != null">
				bak2,
			</if>
			<if test="bak3 != null">
				bak3,
			</if>
			<if test="bak4 != null">
				bak4,
			</if>
			<if test="bak5 != null">
				bak5,
			</if>
			<if test="transmit_rule != null">
				transmit_rule,
			</if>
			<if test="start_time != null">
				start_time,
			</if>
			<if test="end_time != null">
				end_time,
			</if>
			<if test="coupon_expire_day != null">
				coupon_expire_day,
			</if>

			<if test="equipment_facilities != null">
				equipment_facilities,
			</if>
			<if test="original_price != null">
				original_price,
			</if>
			<if test="discount_price != null">
				discount_price,
			</if>
			<if test="activity_restrict != null">
				activity_restrict,
			</if>
			<if test="commit_info != null">
				commit_info,
			</if>
			<if test="weibo_qrcode != null">
				weibo_qrcode,
			</if>
			<if test="weixin_qrcode != null">
				weixin_qrcode,
			</if>
			<if test="detail_rule != null">
				detail_rule,
			</if>
			<if test="background_pic != null">
				background_pic,
			</if>
			<if test="background_music != null">
				background_music,
			</if>
			<if test="protrait_tag != null">
				protrait_tag,
			</if>
			<if test="button_text != null">
				button_text,
			</if>
			<if test="button_css != null">
				button_css,
			</if>
			<if test="theme_info != null">
				theme_info,
			</if>
			<if test="theme_info_color != null">
				theme_info_color,
			</if>
			<if test="text_info_color != null">
				text_info_color,
			</if>

			<if test="coupon_id != null">
				coupon_id,
			</if>
			<if test="sms_batch_id != null">
				sms_batch_id,
			</if>
			<if test="coupon_name != null">
				coupon_name,
			</if>
			<if test="activity_tag != null">
				activity_tag,
			</if>
			<if test="couponFlag != null">
				coupon_flag,
			</if>
		</trim>
		<trim prefix="values (" suffix=")" suffixOverrides=",">
			<if test="id != null">
				#{id,jdbcType=INTEGER},
			</if>
			<if test="uuid != null">
				#{uuid,jdbcType=VARCHAR},
			</if>
			<if test="tenantId != null">
				#{tenantId,jdbcType=VARCHAR},
			</if>
			<if test="isDeleted != null">
				#{isDeleted,jdbcType=INTEGER},
			</if>
			<if test="createId != null">
				#{createId,jdbcType=BIGINT},
			</if>
			<if test="createTime != null">
				#{createTime,jdbcType=TIMESTAMP},
			</if>
			<if test="orderCode != null">
				#{orderCode,jdbcType=VARCHAR},
			</if>
			<if test="deleteTime != null">
				#{deleteTime,jdbcType=TIMESTAMP},
			</if>
			<if test="remarks != null">
				#{remarks,jdbcType=VARCHAR},
			</if>
			<if test="attachment != null">
				#{attachment,jdbcType=VARCHAR},
			</if>
			<if test="name != null">
				#{name,jdbcType=VARCHAR},
			</if>
			<if test="description != null">
				#{description,jdbcType=VARCHAR},
			</if>
			<if test="webUrl != null">
				#{webUrl,jdbcType=VARCHAR},
			</if>
			<if test="picUrl != null">
				#{picUrl,jdbcType=VARCHAR},
			</if>
			<if test="couponSendType != null">
				#{couponSendType,jdbcType=VARCHAR},
			</if>
			<if test="startDate != null">
				#{startDate,jdbcType=VARCHAR},
			</if>
			<if test="effectiveDay != null">
				#{effectiveDay,jdbcType=INTEGER},
			</if>
			<if test="effectiveStatus != null">
				#{effectiveStatus,jdbcType=INTEGER},
			</if>
			<if test="couponNumber != null">
				#{couponNumber,jdbcType=INTEGER},
			</if>
			<if test="tag != null">
				#{tag,jdbcType=VARCHAR},
			</if>
			<if test="tagDefined != null">
				#{tagDefined,jdbcType=VARCHAR},
			</if>
			<if test="title != null">
				#{title,jdbcType=VARCHAR},
			</if>
			<if test="content != null">
				#{content,jdbcType=VARCHAR},
			</if>
			<if test="pic != null">
				#{pic,jdbcType=VARCHAR},
			</if>
			<if test="status != null">
				#{status,jdbcType=INTEGER},
			</if>
			<if test="checkStatus != null">
				#{checkStatus,jdbcType=INTEGER},
			</if>
			<if test="checkDescrption != null">
				#{checkDescrption,jdbcType=VARCHAR},
			</if>
			<if test="overview != null">
				#{overview,jdbcType=VARCHAR},
			</if>
			<if test="statistic != null">
				#{statistic,jdbcType=VARCHAR},
			</if>
			<if test="shareChannel != null">
				#{shareChannel,jdbcType=VARCHAR},
			</if>
			<if test="browseNumber != null">
				#{browseNumber,jdbcType=VARCHAR},
			</if>
			<if test="submitNumer != null">
				#{submitNumer,jdbcType=VARCHAR},
			</if>
			<if test="ratio != null">
				#{ratio,jdbcType=VARCHAR},
			</if>
			<if test="model_id != null">
				#{model_id,jdbcType=INTEGER},
			</if>
			<if test="head_pic != null">
				#{head_pic,jdbcType=VARCHAR},
			</if>
			<if test="bak1 != null">
				#{bak1,jdbcType=VARCHAR},
			</if>
			<if test="bak2 != null">
				#{bak2,jdbcType=VARCHAR},
			</if>
			<if test="bak3 != null">
				#{bak3,jdbcType=VARCHAR},
			</if>
			<if test="bak4 != null">
				#{bak4,jdbcType=VARCHAR},
			</if>
			<if test="bak5 != null">
				#{bak5,jdbcType=VARCHAR},
			</if>
			<if test="transmit_rule != null">
				#{transmit_rule,jdbcType=INTEGER},
			</if>
			<if test="start_time != null">
				#{start_time,jdbcType=TIMESTAMP},
			</if>
			<if test="end_time != null">
				#{end_time,jdbcType=TIMESTAMP},
			</if>
			<if test="coupon_expire_day != null">
				#{coupon_expire_day,jdbcType=INTEGER},
			</if>
			<if test="equipment_facilities != null">
				#{equipment_facilities,jdbcType=VARCHAR},
			</if>
			<if test="original_price != null">
				#{original_price,jdbcType=VARCHAR},
			</if>
			<if test="discount_price != null">
				#{discount_price,jdbcType=VARCHAR},
			</if>
			<if test="activity_restrict != null">
				#{activity_restrict,jdbcType=VARCHAR},
			</if>
			<if test="commit_info != null">
				#{commit_info,jdbcType=VARCHAR},
			</if>
			<if test="weibo_qrcode != null">
				#{weibo_qrcode,jdbcType=VARCHAR},
			</if>
			<if test="weixin_qrcode != null">
				#{weixin_qrcode,jdbcType=VARCHAR},
			</if>
			<if test="detail_rule != null">
				#{detail_rule,jdbcType=VARCHAR},
			</if>
			<if test="background_pic != null">
				#{background_pic,jdbcType=VARCHAR},
			</if>
			<if test="background_music != null">
				#{background_music,jdbcType=VARCHAR},
			</if>
			<if test="protrait_tag != null">
				#{protrait_tag,jdbcType=VARCHAR},
			</if>

			<if test="button_text != null">
				#{button_text,jdbcType=VARCHAR},
			</if>

			<if test="button_css != null">
				#{button_css,jdbcType=VARCHAR},
			</if>

			<if test="theme_info != null">
				#{theme_info,jdbcType=VARCHAR},
			</if>
			<if test="theme_info_color != null">
				#{theme_info_color,jdbcType=VARCHAR},
			</if>
			<if test="text_info_color != null">
				#{text_info_color,jdbcType=VARCHAR},
			</if>
			<if test="coupon_id != null">
				#{coupon_id,jdbcType=INTEGER},
			</if>
			<if test="sms_batch_id != null">
				#{sms_batch_id,jdbcType=INTEGER},
			</if>
			<if test="coupon_name != null">
				#{coupon_name,jdbcType=VARCHAR},
			</if>
			<if test="activity_tag != null">
				#{activity_tag,jdbcType=VARCHAR},
			</if>
			<if test="couponFlag != null">
				#{couponFlag,jdbcType=VARCHAR},
			</if>
		</trim>
	</insert>



	<update id="updateByPrimaryKeySelective" parameterType="cn.cecook.model.business.markting.BmActivity">
		update bm_activity
		<set>
			<if test="uuid != null">
				uuid = #{uuid,jdbcType=VARCHAR},
			</if>
			<if test="tenantId != null">
				tenant_id = #{tenantId,jdbcType=VARCHAR},
			</if>
			<if test="isDeleted != null">
				is_deleted = #{isDeleted,jdbcType=INTEGER},
			</if>
			<if test="createId != null">
				create_id = #{createId,jdbcType=BIGINT},
			</if>
			<if test="createTime != null">
				create_time = #{createTime,jdbcType=TIMESTAMP},
			</if>
			<if test="orderCode != null">
				order_code = #{orderCode,jdbcType=VARCHAR},
			</if>
			<if test="deleteTime != null">
				delete_time = #{deleteTime,jdbcType=TIMESTAMP},
			</if>
			<if test="remarks != null">
				remarks = #{remarks,jdbcType=VARCHAR},
			</if>
			<if test="attachment != null">
				attachment = #{attachment,jdbcType=VARCHAR},
			</if>
			<if test="name != null">
				name = #{name,jdbcType=VARCHAR},
			</if>
			<if test="description != null">
				description = #{description,jdbcType=VARCHAR},
			</if>
			<if test="webUrl != null">
				web_url = #{webUrl,jdbcType=VARCHAR},
			</if>
			<if test="picUrl != null">
				pic_url = #{picUrl,jdbcType=VARCHAR},
			</if>
			<if test="couponSendType != null">
				coupon_send_type = #{couponSendType,jdbcType=VARCHAR},
			</if>
			<if test="startDate != null">
				start_date = #{startDate,jdbcType=VARCHAR},
			</if>
			<if test="effectiveDay != null and effectiveDay!=0 ">
				effective_day = ${effectiveDay},
			</if>

			<if test="effectiveDay==0">
				effective_day = 0,
			</if>

			<if test="effectiveStatus != null">
				effective_status = #{effectiveStatus,jdbcType=INTEGER},
			</if>
			<if test="couponNumber != null">
				coupon_number = #{couponNumber,jdbcType=INTEGER},
			</if>
			<if test="tag != null">
				tag = #{tag,jdbcType=VARCHAR},
			</if>
			<if test="tagDefined != null">
				tag_defined = #{tagDefined,jdbcType=VARCHAR},
			</if>
			<if test="title != null">
				title = #{title,jdbcType=VARCHAR},
			</if>
			<if test="content != null">
				content = #{content,jdbcType=VARCHAR},
			</if>
			<if test="pic != null">
				pic = #{pic,jdbcType=VARCHAR},
			</if>
			<if test="status != null">
				status = #{status,jdbcType=INTEGER},
			</if>
			<if test="checkStatus != null">
				check_status = #{checkStatus,jdbcType=INTEGER},
			</if>
			<if test="checkDescrption != null">
				check_descrption = #{checkDescrption,jdbcType=VARCHAR},
			</if>
			<if test="overview != null">
				overview = #{overview,jdbcType=VARCHAR},
			</if>
			<if test="statistic != null">
				statistic = #{statistic,jdbcType=VARCHAR},
			</if>
			<if test="shareChannel != null">
				share_channel = #{shareChannel,jdbcType=VARCHAR},
			</if>
			<if test="browseNumber != null">
				browse_number = #{browseNumber,jdbcType=VARCHAR},
			</if>
			<if test="submitNumer != null">
				submit_numer = #{submitNumer,jdbcType=VARCHAR},
			</if>
			<if test="ratio != null">
				ratio = #{ratio,jdbcType=VARCHAR},
			</if>
			<if test="model_id != null">
				model_id = #{model_id,jdbcType=INTEGER},
			</if>
			<if test="head_pic != null">
				head_pic = #{head_pic,jdbcType=VARCHAR},
			</if>
			<if test="bak1 != null">
				bak1 = #{bak1,jdbcType=VARCHAR},
			</if>
			<if test="bak2 != null">
				bak2 = #{bak2,jdbcType=VARCHAR},
			</if>
			<if test="bak3 != null">
				bak3 = #{bak3,jdbcType=VARCHAR},
			</if>
			<if test="bak4 != null">
				bak4 = #{bak4,jdbcType=VARCHAR},
			</if>
			<if test="bak5 != null">
				bak5 = #{bak5,jdbcType=VARCHAR},
			</if>
			<if test="transmit_rule != null">
				transmit_rule= #{transmit_rule,jdbcType=INTEGER},
			</if>
			<if test="start_time != null">
				start_time= #{start_time,jdbcType=TIMESTAMP},
			</if>
			<if test="end_time != null">
				end_time= #{end_time,jdbcType=TIMESTAMP},
			</if>

			<!-- <if test="start_time_tag == null">
				start_time= null,
			</if>
			<if test="end_time_tag == null">
				end_time= null,
			</if> -->
			<!-- <if test="coupon_expire_day == null">
				coupon_expire_day=0
				,
			</if> -->

			<if test="equipment_facilities != null">
				equipment_facilities=
				#{equipment_facilities,jdbcType=VARCHAR},
			</if>
			<if test="original_price != null">
				original_price= #{original_price,jdbcType=VARCHAR},
			</if>
			<if test="discount_price != null">
				discount_price= #{discount_price,jdbcType=VARCHAR},
			</if>
			<if test="activity_restrict != null">
				activity_restrict=
				#{activity_restrict,jdbcType=VARCHAR},
			</if>
			<if test="commit_info != null">
				commit_info= #{commit_info,jdbcType=VARCHAR},
			</if>
			<if test="weibo_qrcode != null">
				weibo_qrcode= #{weibo_qrcode,jdbcType=VARCHAR},
			</if>
			<if test="weixin_qrcode != null">
				weixin_qrcode= #{weixin_qrcode,jdbcType=VARCHAR},
			</if>
			<if test="detail_rule != null">
				detail_rule= #{detail_rule,jdbcType=VARCHAR},
			</if>

			<if test="browse_num != null">
				browse_num= #{browse_num,jdbcType=INTEGER},
			</if>
			<if test="receive_coupon_num != null">
				receive_coupon_num=
				#{receive_coupon_num,jdbcType=INTEGER},
			</if>
			<if test="write_off_num != null">
				write_off_num= #{write_off_num,jdbcType=INTEGER},
			</if>
			<if test="background_pic != null">
				background_pic= #{background_pic,jdbcType=VARCHAR},
			</if>
			<if test="background_music != null">
				background_music= #{background_music,jdbcType=VARCHAR},
			</if>
			<if test="protrait_tag != null">
				protrait_tag= #{protrait_tag,jdbcType=VARCHAR},
			</if>

			<if test="button_text != null">
				button_text= #{button_text,jdbcType=VARCHAR},
			</if>

			<if test="button_css != null">
				button_css= #{button_css,jdbcType=VARCHAR},
			</if>
			<if test="theme_info != null">
				theme_info=#{theme_info,jdbcType=VARCHAR},
			</if>
			<if test="theme_info_color != null">
				theme_info_color=#{theme_info_color,jdbcType=VARCHAR},
			</if>
			<if test="text_info_color != null">
				text_info_color=#{text_info_color,jdbcType=VARCHAR},
			</if>

			<if test="coupon_id != null and coupon_id!=0">
				coupon_id=#{coupon_id,jdbcType=INTEGER},
			</if>
			<if test="sms_batch_id != null">
				sms_batch_id=#{sms_batch_id,jdbcType=INTEGER},
			</if>
			<if test="coupon_name != null">
				coupon_name=#{coupon_name,jdbcType=VARCHAR},
			</if>
			<if test="activity_tag != null">
				activity_tag=#{activity_tag,jdbcType=VARCHAR},
			</if>
			<if test="couponFlag != null">
				coupon_flag=#{couponFlag,jdbcType=VARCHAR},
			</if>
		</set>
		where id = #{id,jdbcType=INTEGER}
	</update>


	<update id="activateActivity" parameterType="java.lang.Long">
		update bm_activity
		set status=1 where id=#{id,jdbcType=BIGINT}

	</update>
	<update id="suspendActivity" parameterType="java.lang.Long">
		update bm_activity
		set status=0 where id=#{id,jdbcType=BIGINT}

	</update>

	<update id="checkActivity" parameterType="map">
		update bm_activity

		<set>
			<if test="status !=null">
				status=#{status,jdbcType=INTEGER}
			</if>
			<if test="check_description !=null">
				status=#{check_description,jdbcType=VARCHAR}
			</if>
		</set>
		where id = #{id,jdbcType=BIGINT}
	</update>

	<select id="queryBmActivityList" parameterType="map"
		resultType="cn.cecook.bean.business.markting.ActivityBean">
		select
		<include refid="activity_Column_List" />
		from bm_activity
		<where>
			<if test="keyWord !=null and keyWord!=''">
				<!-- (name like '%#{keyWord}%' or tag like '%#{keyWord}%') -->
				(name LIKE CONCAT('%',#{keyWord},'%') or tag LIKE
				CONCAT('%',#{keyWord},'%'))
			</if>
			<if test="status !=null">
				and status=#{status}
			</if>
			<if
				test="key_ratio_where!=null and key_ratio_where=='more' and ratio_vaule!=null">
				and ratio>${ratio_vaule}
			</if>
			<if
				test="key_ratio_where!=null and key_ratio_where=='less' and ratio_vaule!=null">
				and ${ratio_vaule}>ratio
			</if>
			and is_deleted=0 and distinction=0
		</where>
		order by create_time desc
		limit ${start},${end}

	</select>
	<!--w1-->
	<select id="getBusinessLikelist" parameterType="map"
			resultType="map">
		select bm.id,bm.web_url,bm.pic as share_pic,
		bm.name,bm.title,bm.head_pic,bm.tag_defined,bm.ratio,bm.status,IFNULL(DATE_FORMAT(bm.end_time,'%Y-%m-%d'),"")
		as end_time,bm.content, IFNULL(DATE_FORMAT(bm.create_time,'%Y-%m-%d'),"") as create_time
		from bm_activity bm
		<where>
			<if test="keyWord !=null and keyWord!=''">
				<!-- (name like '%#{keyWord}%' or tag like '%#{keyWord}%') -->
				(name LIKE CONCAT('%',#{keyWord},'%') or tag LIKE
				CONCAT('%',#{keyWord},'%'))
			</if>
			<if test="status !=null">
				and status=#{status}
			</if>
			<if
					test="key_ratio_where!=null and key_ratio_where=='more' and ratio_vaule!=null">
				and ratio>${ratio_vaule}
			</if>
			<if
					test="key_ratio_where!=null and key_ratio_where=='less' and ratio_vaule!=null">
				and ${ratio_vaule}>ratio
			</if>
			and is_deleted=0 AND distinction=1 AND type = 0
		</where>
		order by create_time desc
		limit ${start},${end}

	</select>
	<select id="getActivityLikelist" parameterType="map"
			resultType="map">
		select
		name, pic as share_pic, IFNULL(DATE_FORMAT(end_time,'%Y-%m-%d'),"")
		as
		end_time, head_pic
		from bm_activity
		<where>
			<if test="keyWord !=null and keyWord!=''">
				<!-- (name like '%#{keyWord}%' or tag like '%#{keyWord}%') -->
				(name LIKE CONCAT('%',#{keyWord},'%') or tag LIKE
				CONCAT('%',#{keyWord},'%'))
			</if>
			<if test="status !=null">
				and status=#{status}
			</if>
			<if
					test="key_ratio_where!=null and key_ratio_where=='more' and ratio_vaule!=null">
				and ratio>${ratio_vaule}
			</if>
			<if
					test="key_ratio_where!=null and key_ratio_where=='less' and ratio_vaule!=null">
				and ${ratio_vaule}>ratio
			</if>
			and is_deleted=0 AND (distinction=0 or distinction=2)
		</where>
		order by create_time desc
		limit ${start},${end}

	</select>


	<update id="createShare" parameterType="cn.cecook.model.business.markting.BmActivity">
		update bm_activity
		<set>
			<if test="effectiveDay !=null">
				effective_day = #{effectiveDay,jdbcType=VARCHAR},
			</if>

			<if test="couponNumber !=null">
				coupon_number = #{couponNumber,jdbcType=INTEGER},
			</if>
            <if test="content != null">
				content = #{content,jdbcType=VARCHAR},
			</if>
			<if test="pic !=null">
				pic = #{pic,jdbcType=VARCHAR},
			</if>

			<if test="title !=null">
				title = #{title,jdbcType=VARCHAR},
			</if>
			<if test="couponNumber !=null">
				coupon_number = #{couponNumber,jdbcType=INTEGER},
			</if>

			<if test="tagDefined !=null">
				tag_defined = #{tagDefined,jdbcType=VARCHAR},
			</if>
			<if test="start_time != null">
				start_time= #{start_time,jdbcType=TIMESTAMP},
			</if>
			<if test="end_time != null">
				end_time= #{end_time,jdbcType=TIMESTAMP},
			</if>
			<if test="end_time == null">
				end_time=null,
			</if>
			<if test="status != null">
				status = #{status,jdbcType=INTEGER},
			</if>
			<if test="effectiveDay != null and effectiveDay!=0 ">
				effective_day = ${effectiveDay},
			</if>

			<if test="effectiveDay==0">
				effective_day = 0,
			</if>
			
			<if test="name != null">
				name = #{name,jdbcType=VARCHAR},
			</if>
			<if test="head_pic != null">
				head_pic = #{head_pic,jdbcType=VARCHAR},
			</if>
		</set>
		where id = #{id,jdbcType=BIGINT}

	</update>
	<select id="queryDetail" resultType="cn.cecook.bean.business.markting.ActivityBean"
		parameterType="java.lang.Long">
		select
		<include refid="activity_Column_List" />
		from bm_activity
		where id = #{id,jdbcType=BIGINT}
	</select>

	<select id="selectByPrimaryKey" resultMap="BaseResultMap"
		parameterType="java.lang.Long">
		select t1.*,t1.coupon_flag as couponFlag,IFNULL(t2.face_value,0) AS face_value FROM
		bm_activity t1
		LEFT JOIN social_coupon t2 ON t1.coupon_id=t2.id
		where
		t1.id =
		#{id,jdbcType=BIGINT} and t1.is_deleted=0
	</select>


	<update id="deleteByPrimaryKey" parameterType="java.lang.Long">
		update bm_activity
		set is_deleted=1,delete_time=NOW()
		where id = #{id,jdbcType=BIGINT}
	</update>

	<select id="countHotActivity" resultType="cn.cecook.bean.business.markting.ActivityBean">
		select
		<include refid="activity_Column_List" />
		from bm_activity where hot_tag=1;
	</select>

	<select id="totalCount" parameterType="map" resultType="java.lang.Integer">
		select IFNULL(count(id),0) from bm_activity
		<where>
			<if test="keyWord !=null and keyWord!=''">
				(name LIKE CONCAT('%',#{keyWord},'%') or tag LIKE
				CONCAT('%',#{keyWord},'%'))
			</if>
			<if test="status !=null ">
				and status=#{status}
			</if>
			<if
				test="key_ratio_where!=null and key_ratio_where=='more' and ratio_vaule!=null">
				and ratio>#{ratio_vaule}
			</if>
			<if
				test="key_ratio_where!=null and key_ratio_where=='less' and ratio_vaule!=null">
				and #{ratio_vaule}>ratio
			</if>
			and is_deleted=0 and distinction=0
		</where>
	</select>
	<!--w2-->
	<select id="getBusinessLikelistCount" parameterType="map" resultType="java.lang.Integer">
		select IFNULL(count(id),0) from bm_activity
		<where>
			<if test="keyWord !=null and keyWord!=''">
				(name LIKE CONCAT('%',#{keyWord},'%') or tag LIKE
				CONCAT('%',#{keyWord},'%'))
			</if>
			<if test="status !=null ">
				and status=#{status}
			</if>
			<if
					test="key_ratio_where!=null and key_ratio_where=='more' and ratio_vaule!=null">
				and ratio>#{ratio_vaule}
			</if>
			<if
					test="key_ratio_where!=null and key_ratio_where=='less' and ratio_vaule!=null">
				and #{ratio_vaule}>ratio
			</if>
			and is_deleted=0 AND distinction=1 AND type = 0
		</where>
	</select>
	<select id="getActivityLikelistCount" parameterType="map" resultType="java.lang.Integer">
		select IFNULL(count(id),0) from bm_activity
		<where>
			<if test="keyWord !=null and keyWord!=''">
				(name LIKE CONCAT('%',#{keyWord},'%') or tag LIKE
				CONCAT('%',#{keyWord},'%'))
			</if>
			<if test="status !=null ">
				and status=#{status}
			</if>
			<if
					test="key_ratio_where!=null and key_ratio_where=='more' and ratio_vaule!=null">
				and ratio>#{ratio_vaule}
			</if>
			<if
					test="key_ratio_where!=null and key_ratio_where=='less' and ratio_vaule!=null">
				and #{ratio_vaule}>ratio
			</if>
			and is_deleted=0 AND (distinction=0 or distinction=2)
		</where>
	</select>


	<select id="getTransmitRule" resultType="java.lang.Integer"
		parameterType="java.lang.Long">
		select transmit_rule from bm_activity where id=#{id} and
		is_deleted=0
	</select>



	<!-- 查询所有 -->
	<select id="activityCount" parameterType="map" resultType="map">

		SELECT h.*,IFNULL(DATE_FORMAT(h.end_time,'%Y-%m-%d
		%h:%i'),"") as
		end_time2,count(distinct id) from (SELECT
		a.*,IFNULL(d.total,0) AS
		total,IFNULL(g.browseNum,0) AS browseNum
		FROM
		bm_activity a
		LEFT JOIN
		(SELECT b.id,count(b.id) as total FROM
		bm_activity b,bm_coupon c where
		b.id=c.activity_id GROUP BY
		c.activity_id) d on d.id=a.id
		LEFT JOIN
		(SELECT e.id,count(f.id) as
		browseNum FROM bm_activity
		e,bm_activity_browse f where
		e.id=f.activity_id GROUP BY
		f.activity_id)
		g on g.id=a.id
		where
		status =
		#{status,jdbcType=INTEGER} AND
		a.is_deleted=0
		<if test="list!=null">
			and a.id in(select DISTINCT activity_id from
			bm_activity_store where
			is_deleted=0 and store_id in
			<foreach item="item" index="index" collection="list" open="("
				separator="," close=")">
				#{item}
			</foreach>
			)
		</if>
		group by d.id

		Union all SELECT
		a.*,0 as total,0 as
		browse_num33
		FROM
		bm_activity a
		where status =
		#{status,jdbcType=INTEGER}
		and

		is_deleted=0
		<if test="list!=null">
			and a.id in(select DISTINCT activity_id from
			bm_activity_store where
			is_deleted=0 and store_id in
			<foreach item="item" index="index" collection="list" open="("
				separator="," close=")">
				#{item}
			</foreach>
			)
		</if>
		) h
		GROUP BY id
		limit #{startIndex},#{endIndex}
	</select>

	<select id="countMicroPortalActivity" parameterType="map"
		resultType="java.lang.Integer">
		SELECT count(DISTINCT t1.id) FROM bm_activity t1,bm_activity_store t2
		where t2.activity_id=t1.id
		AND
		t1.`status`=#{status} AND t1.is_deleted=0
		AND
		t2.is_deleted=0 AND
		t2.store_id in
		<foreach item="item" index="index" collection="list" open="("
			separator="," close=")">
			#{item}
		</foreach>
	</select>


	<update id="updateStatistical" parameterType="cn.cecook.model.business.markting.BmActivity">
		update bm_activity
		<set>
			<if test="browse_num != null">
				browse_num= #{browse_num,jdbcType=INTEGER},
			</if>
			<if test="ratio != null">
				ratio = #{ratio,jdbcType=VARCHAR},
			</if>
			<if test="receive_coupon_num != null">
				receive_coupon_num=
				#{receive_coupon_num,jdbcType=INTEGER},
			</if>
			<if test="write_off_num != null">
				write_off_num= #{write_off_num,jdbcType=INTEGER},
			</if>
		</set>
		where id = #{id,jdbcType=BIGINT}
	</update>



		<!--q1--><!--asdfgds-->
	<select id="getActivityListByDefined" resultType="map"
		parameterType="map">
		select bm.id,bm.web_url,bm.pic as share_pic,
		bm.name,bm.title,bm.head_pic,bm.tag_defined,bm.ratio,bm.status,IFNULL(DATE_FORMAT(bm.end_time,'%Y-%m-%d'),"")
		as end_time,IFNULL(c.receive_coupon_num,0) as
		receive_coupon_num
		,bm.content, IFNULL(DATE_FORMAT(bm.create_time,'%Y-%m-%d'),"") as create_time
		from bm_activity bm
		LEFT JOIN (SELECT a.id
		,count(b.activity_id) as
		receive_coupon_num from
		bm_activity a,bm_coupon
		b where
		a.id=b.activity_id) c on c.id=bm.id
		where is_deleted=0
		AND
		distinction=1
		AND type = 0 AND status = 1
		ORDER BY create_time DESC
		limit #{startIndex},#{pageSize}
	</select>

	<select id="getActivityListBySys" resultType="map"
		parameterType="map">
		select bm.id,bm.web_url,bm.pic as share_pic,
		bm.name,bm.head_pic,bm.tag_defined,bm.ratio,bm.status,IFNULL(d.browse_num,0)
		AS browse_num,IFNULL(DATE_FORMAT(bm.end_time,'%Y-%m-%d'),"")
		as
		end_time,IFNULL(c.receive_coupon_num,0) as
		receive_coupon_num,bm.coupon_number,content
		from
		bm_activity bm
		LEFT JOIN (SELECT
		a.id ,count(b.activity_id) as
		receive_coupon_num from
		bm_activity
		a,bm_coupon b where
		a.id=b.activity_id) c on c.id=bm.id

		LEFT JOIN
		(select bo.activity_id as id ,count(bo.activity_id) AS
		browse_num FROM
		bm_activity_browse bo GROUP BY bo.activity_id) d on
		d.id=bm.id

		where
		is_deleted=0
		AND (bm.distinction=0 or bm.distinction=2)

		<if test="status!=null">
			and status=#{status}
		</if>
		ORDER BY create_time DESC
		limit #{startIndex},#{pageSize}
	</select>

	<select id="countSysActivity" resultType="java.lang.Integer"
		parameterType="map">
		select count(id)
		from bm_activity
		where
		is_deleted=0
		AND (distinction=0 or distinction=2)
		<if test="status!=null">
			and status=#{status}
		</if>
	</select>

	<select id="countDefinedActivity" resultType="java.lang.Integer"
		parameterType="map">
		select count(id)
		from bm_activity
		where
		is_deleted=0 and distinction = 1
		<if test="status!=null">
			and status=#{status}
		</if>
	</select>
	<!-- 创建活动时查询是否有相同名字 -->
	<select id="queryName" parameterType="java.lang.String"
		resultType="java.lang.String">
		select name from bm_activity where name=#{name} and
		is_deleted=0
	</select>
	<!-- 更新活动时查询是否有相同名字 -->
	<select id="queryUpdateName" parameterType="map" resultType="java.lang.String">
		select name from bm_activity where name=#{name} and
		is_deleted=0 and
		id!=#{id}
	</select>

	<!-- 查询其他渠道的点击数，领取优惠券数，转化比例 -->

	<select id="statisticsOtherChannel" resultType="map">
		SELECT
		count(t1.id) AS
		otherClick ,IFNULL(t3.otherSubmit,0)
		as otherSubmit,
		ROUND(IFNULL((otherSubmit/count(t1.id))*100,0),2) AS
		otherRatio from
		bm_activity_browse t1
		LEFT JOIN (SELECT
		t2.activity_id,IFNULL(count(t2.id),0) as otherSubmit
		from bm_coupon t2
		where t2.receive_way not in('weixin','qq','weibo')
		AND
		activity_type=#{activity_type}
		AND t2.activity_id=#{id})t3 ON
		t1.activity_id=t3.activity_id

		WHERE
		t1.open_way not
		in('weixin','qq','weibo') AND t1.activity_id=#{id} and
		t1.activity_type=#{activity_type};

	</select>

	<!-- 查询脉统计数据 浏览，领券人数，核销人数，转发次数 -->
	<select id="queryContacts" parameterType="map" resultType="map">
		SELECT
		IFNULL(COUNT(t1.activity_id),0) AS
		browseNum,IFNULL(t3.receiveNum,0)
		AS
		receiveNum,IFNULL(t5.verificatNum,0) AS
		verificatNum,IFNULL(t7.transmitNum,0) AS transmitNum from
		bm_activity_browse t1

		LEFT JOIN (SELECT
		t2.activity_id,COUNT(t2.activity_id) AS receiveNum from
		bm_coupon t2
		where t2.bak1=${transmitTag} AND t2.activity_type=${activity_type} and
		t2.activity_id=${id}) t3 ON
		t1.activity_id=t3.activity_id

		LEFT JOIN
		(SELECT t4.activity_id ,COUNT(t4.activity_id) as verificatNum
		from
		bm_write_off t4 where t4.bak1=${transmitTag} and
		t4.activity_type=${activity_type} AND `status`=0 and
		t4.activity_id=${id}) t5 ON
		t1.activity_id=t5.activity_id

		LEFT JOIN
		(SELECT t6.activity_id, COUNT(t6.activity_id) as transmitNum
		from
		bm_transmit t6 where t6.transmit_tag=${transmitTag} AND
		t6.activity_type=${activity_type} and t6.activity_id=${id}) t7
		ON
		t1.activity_id=t7.activity_id

		WHERE t1.activity_id=${id} AND
		t1.bak1=${transmitTag} AND t1.activity_type=${activity_type}


	</select>

	<!-- 根据活动截止时间更新活动状态 -->
	<update id="updateStatusByEndTime" parameterType="java.lang.Long">

		update
		bm_activity SET `status`=2 where id=#{id} AND (SELECT t.timeCha FROM
		(SELECT TIMESTAMPDIFF(SECOND,end_time,NOW()) AS timeCha FROM
		bm_activity WHERE id=#{id})t )>0 ;

	</update>

	<!-- 判断活动时间是否到期 -->
	<select id="checkEndTime" parameterType="java.lang.Long"
		resultType="java.lang.Long">
		SELECT IFNULL(TIMESTAMPDIFF(SECOND,NOW(),end_time),0) AS
		timeCha FROM
		bm_activity WHERE id=#{id};
	</select>
	<!-- 获取活动状态 -->
	<select id="getActivityState" parameterType="java.lang.Long"
		resultType="java.lang.Integer">
		select status from bm_activity where id=#{id} and
		is_deleted=0

	</select>

	<!-- 锁定编辑状态 -->
	<update id="lock" parameterType="java.lang.Long">
		update bm_activity set bak3=1
		where id=#{id}
	</update>

	<!-- 锁定编辑状态 -->
	<update id="unlock" parameterType="java.lang.Long">
		update bm_activity set bak3=0
		where id=#{id}
	</update>
	<!-- 查询编辑状态 -->
	<select id="queryLockStatus" parameterType="java.lang.Long"
		resultType="java.lang.String">
		select IFNULL(bak3,"0") from bm_activity
		where id=#{id}
	</select>


	<select id="getSmsActivity" parameterType="java.lang.String"
		resultType="map">
		select id,name,web_url from bm_activity where is_deleted=0 and
		`status`=1 and distinction=0

		<if test="keyWord!=null and keyWord!='' ">
			and name LIKE CONCAT('%',#{keyWord},'%')
		</if>

		order by create_time desc ;

	</select>

	<select id="getActivityUrl" parameterType="java.lang.Integer"
		resultType="java.lang.String">
		select web_url from bm_activity where id=#{id} and
		is_deleted=0
	</select>

	<!-- 获取所有活动转化数量 -->

	<select id="getActivityConverNum" parameterType="map" resultType="java.lang.Integer">
		select
		ifnull(count(1),0)
		from bm_coupon where is_deleted = 0  
		<if
			test="startTime!=null and startTime!='' and endTime!=null and endTime!=''">
			and date_format(create_time,'%Y-%m-%d') BETWEEN #{startTime} and #{endTime}
		</if>
	</select>

	<!-- 社交活动人数转化占比 -->

    <select id="ActivityConverRatio" parameterType="map" resultType="map">
        <!--  原版
        select t1.`name`,t1.id,IFNULL(t2.converNum,0) AS converNum,t1.type
        FROM bm_activity
        t1
        LEFT JOIN (select count(1) AS converNum,activity_id
        from
        bm_write_off
        where is_deleted=0 GROUP BY activity_id) t2 ON
        t2.activity_id=t1.id
        where t1.is_deleted=0
        <if
                test="startTime!=null and startTime!='' and endTime!=null and endTime!=''">
            and date_format(t1.create_time,'%Y-%m-%d') BETWEEN #{startTime}
            and #{endTime}
        </if>
        GROUP BY t1.id
        ORDER BY t1.create_time desc
        LIMIT #{startIndex},#{pageSize};
         -->
        SELECT a.name,a.id,IFNULL(b.converNum,0) converNum ,IFNULL(b.type,0) type from 
		(SELECT id,name from bm_activity where status = 1 and is_deleted = 0 ORDER BY create_time DESC  LIMIT #{startIndex},#{pageSize}) a
		LEFT JOIN 
		(select t1.`name`,t1.id,IFNULL(t2.converNum,0) AS converNum,t1.type
        FROM bm_activity
        t1
        LEFT JOIN (select count(1) AS converNum,activity_id
        from
        bm_coupon
        where is_deleted=0 GROUP BY activity_id) t2 ON
        t2.activity_id=t1.id
        where t1.is_deleted=0
        <if test="startTime!=null and startTime!='' and endTime!=null and endTime!=''">
            and date_format(t1.create_time,'%Y-%m-%d') BETWEEN #{startTime}
            and #{endTime} 
        </if>
        GROUP BY t1.id
        ORDER BY t1.create_time desc) b
		ON a.id = b.id
		
    </select>
	<!-- // 社交活动打开渠道 -->
	<select id="OpenChannelRatio" resultType="map">
		select
		IFNULL(sum(open_way='weibo'),0) as
		weibo_num,IFNULL(sum(open_way='weixin'),0) as
		weixin_num,IFNULL(sum(open_way='qq'),0) as qq_num
		,SUM(open_way!='weibo' and open_way!='weixin' and open_way!='qq') as
		other_num,sum(1) AS total
		from
		bm_activity_browse;
	</select>

	<!-- // 社交活动打开渠道 原sql，是以活动创建时间为准，不正确
	<select id="ActivityConverNumByDay" parameterType="map"
		resultType="map">
		SELECT t1.id,t1.`name`,IFNULL(t2.converNum,0) AS converNum,t2.days
		FROM bm_activity t1
		LEFT JOIN (select count(1) AS converNum,activity_id
		,DATE_FORMAT(create_time,'%Y-%m-%d') AS days,create_time from
		bm_write_off
		where is_deleted=0 GROUP BY days) t2 on
		t2.activity_id=t1.id

		where t1.is_deleted=0
		<if
			test="startTime!=null and startTime!='' and endTime!=null and endTime!=''">
            and date_format(t2.create_time,'%Y-%m-%d') BETWEEN #{startTime}
            and #{endTime}
		</if>
		GROUP BY t2.days
		ORDER BY days
		LIMIT #{startIndex},#{pageSize};
	</select>
	-->
	<!-- 社交活动打开渠道 -->
	<select id="ActivityConverNumByDay" parameterType="map"
		resultType="map">
        SELECT a.id,a.name,IFNULL(b.converNum,0) converNum,IFNULL(b.days,'') days from 
		(SELECT id,name from bm_activity where status = 1 and is_deleted = 0 ORDER BY create_time DESC limit #{startIndex},#{pageSize}) a
		LEFT JOIN
		(select count(1) AS converNum,activity_id
		,DATE_FORMAT(create_time,'%Y-%m-%d') AS days,create_time from
		bm_coupon
		where is_deleted=0 
		<if
			test="startTime!=null and startTime!='' and endTime!=null and endTime!=''">
            and date_format(create_time,'%Y-%m-%d') BETWEEN #{startTime}
            and #{endTime} 
		</if>
	 	GROUP BY days ) b 
	 	ON a.id = b.activity_id 
	</select>
	

	<!-- 拿到所有活动的时间 -->
	<select id="getActivityDate" parameterType="map" resultType="map">
	    <!-- 原需求
		SELECT date_format(t1.create_time, '%Y-%m-%d') createTime FROM
		bm_activity t1
		WHERE t1.is_deleted = 0 GROUP BY createTime
		 -->
		<!-- 根据活动转化时间 
		select activity_id,DATE_FORMAT(create_time,'%Y-%m-%d') createTime 
        from
        bm_write_off 
        where is_deleted=0 GROUP BY DATE_FORMAT(create_time,'%Y-%m-%d') 
         -->
        SELECT id,name,DATE_FORMAT(MAX(end_time),'%Y-%m-%d') maxTime,
        			   DATE_FORMAT(MIN(start_time),'%Y-%m-%d') minTime 
        			   from bm_activity where status = 1 and is_deleted = 0 
	</select>
	
	<!-- 获取最热活动列表 -->
	<!-- 根据开始时间、结束时间获取活动次数  -->
	<select id="getActivityNums" parameterType="map" resultType="java.lang.Integer">
		select IFNULL(count(id),0) from bm_activity 
		<where>
			<if
			test="startTime!=null and startTime!='' and endTime!=null and endTime!=''">
			and date_format(create_time,'%Y-%m-%d') BETWEEN #{startTime} and #{endTime}
			</if>
			and is_deleted=0
		</where>
	</select>
	
	<!-- 根据开始时间、结束时间获取活动分享次数  -->
	<select id="getActivityShareNums" parameterType="map" resultType="java.lang.Integer">
		SELECT IFNULL(COUNT(id),0) FROM bm_activity_browse
		<where>
			<if
			test="startTime!=null and startTime!='' and endTime!=null and endTime!=''">
			and date_format(create_time,'%Y-%m-%d') BETWEEN #{startTime} and #{endTime}
			</if>
			and is_deleted=0
		</where>
	</select>
	
	<!-- 根据开始时间、结束时间获取活动分享次数  -->
	<select id="getActivityShareGroupNums" parameterType="map" resultType="map">			
		SELECT transmit_way,IFNULL(COUNT(id),0) qd_num FROM bm_transmit
		<where>
			<if
			test="startTime!=null and startTime!='' and endTime!=null and endTime!=''">
			and date_format(create_time,'%Y-%m-%d') BETWEEN #{startTime} and #{endTime}
			</if>
			and is_deleted=0
		</where>
		GROUP BY transmit_way  
	</select>
	
	<!-- 获取报告大厅最热活动 -->
	<select id="activityStatistics" parameterType="map" resultType="map">
	    SELECT
	    a.id,
	    a.name,
		(select count(b.id) from bm_activity_browse b WHERE b.activity_id  = a.id and b.is_deleted = 0 ) openNum,
		(select count(c.id) from bm_coupon c WHERE c.activity_id  = a.id and c.is_deleted = 0 ) converNum 
		FROM bm_activity a
		WHERE a.is_deleted = 0 
		<if	
			test="startTime!=null and startTime!='' and endTime!=null and endTime!=''">
			and DATE_FORMAT(a.create_time,'%Y-%m-%d') BETWEEN #{startTime} and #{endTime}
		</if>
		GROUP BY a.id
		<if test="orderBy!=null and orderBy!=''">
			order by ${orderBy}
		</if>
		limit 
		#{startIndex},#{pageSize} 
	</select>
	
	<select id="getInitPeoDiv" resultType="java.lang.Integer" parameterType="map">
		select IFNULL(sum(a.total),0) total from scan_keyword_statistics a 	LEFT JOIN scan_rule b ON a.rule_id = b.id 
		where 1=1 AND a.is_deleted = 0 AND b.is_deleted = 0
	</select>
	
	<!-- 首页表格活动展示内容 -->
	<select id="activityConverForDay" parameterType="map" resultType="map">
		SELECT t1.name,t1.id,IFNULL(t2.converNum,0) AS converNum,t1.type,
		DATE_FORMAT(t1.create_time,'%Y-%m-%d') create_time  
		from bm_activity t1  
		LEFT JOIN (select count(1) AS converNum,activity_id 
		from
		bm_write_off
		where is_deleted=0 GROUP BY activity_id) t2 ON t2.activity_id=t1.id
		WHERE t1.is_deleted = 0 AND t1.status = 1 
		<if test="startTime!=null and startTime!=''">
		AND  DATE_FORMAT(t1.start_time,'%Y-%m-%d') &lt;= #{startTime} 
		AND  DATE_FORMAT(t1.end_time,'%Y-%m-%d')  &gt;= #{startTime}  GROUP BY t1.id 
		</if>
    </select>
    
    <!-- ===========================业务========================== -->
    <select id="getDistinctionList" parameterType="cn.cecook.uitls.Pages" resultType="map">
    	select
    		id,
    		title,
    		content,
    		pic,
    		create_time
		from bm_activity
		<where>
		    distinction=1 and is_deleted=0 ORDER BY id desc
		</where>
		limit #{startIndex}, #{pageSize}
    </select>
	<!--q2-->
    <select id="getData" resultType="cn.cecook.model.business.markting.BmActivity">
    	select
    		id,
    		title,
    		content,
    		pic,
    		description,
    		weibo_qrcode,
    		weixin_qrcode
		from bm_activity
		where
		    distinction=1 and id=#{id} and is_deleted=0
    </select>
    
    <select id="getCountDistinction" resultType="java.lang.Integer">
    	select
    		count(id)
		from bm_activity 
		where
		distinction=1 and is_deleted=0
    </select>
    <select id="getPreview" resultType="cn.cecook.model.business.markting.BmActivity">
    	select
    		id,
    		title,
    		content,
    		pic,
    		description,
    		weibo_qrcode,
    		weixin_qrcode
		from bm_activity 
		where
		distinction=1
		<if test="uuid_tenant_id!=null">
			and  order_code=#{uuid_tenant_id} and is_deleted=0
		</if>
		<if test="id!=null">
			and id=#{id}
		</if>
    </select>
    <select id="getId" resultType="cn.cecook.model.business.markting.BmActivity">
		SELECT id,tenant_id tenantId FROM `bm_activity` where order_code=#{uuid} and is_deleted=0 and distinction=1
	</select>
	<update id="addWebUrl">
		UPDATE bm_activity set web_url=#{webUrl} where is_deleted=0 and distinction=1 and order_code=#{uuid} and id=#{id}
	</update>
	<insert id="createDisinction" useGeneratedKeys="true"
		keyProperty="id" parameterType="cn.cecook.model.business.markting.BmActivity">
		insert into bm_activity
		<trim prefix="(" suffix=")" suffixOverrides=",">
			<if test="id != null">
				id,
			</if>
			<if test="isDeleted != null">
				is_deleted,
			</if>
			<if test="createId != null">
				create_id,
			</if>
			<if test="createTime != null">
				create_time,
			</if>
			<if test="orderCode != null">
				order_code,
			</if>
			<if test="deleteTime != null">
				delete_time,
			</if>
			<if test="remarks != null">
				remarks,
			</if>
			<if test="attachment != null">
				attachment,
			</if>
			<if test="name != null">
				name,
			</if>
			<if test="description != null">
				description,
			</if>
			
			
			<if test="title != null">
				title,
			</if>
			<if test="content != null">
				content,
			</if>
			<if test="pic != null">
				pic,
			</if>
			<if test="status != null">
				status,
			</if>
			
			<if test="weibo_qrcode != null">
				weibo_qrcode,
			</if>
			<if test="weixin_qrcode != null">
				weixin_qrcode,
			</if>
			<if test="detail_rule != null">
				detail_rule,
			</if>
			<if test="background_pic != null">
				background_pic,
			</if>
			<if test="background_music != null">
				background_music,
			</if>
			<if test="protrait_tag != null">
				protrait_tag,
			</if>
			<if test="button_text != null">
				button_text,
			</if>
			<if test="button_css != null">
				button_css,
			</if>
			<if test="theme_info != null">
				theme_info,
			</if>
			<if test="theme_info_color != null">
				theme_info_color,
			</if>
			<if test="text_info_color != null">
				text_info_color,
			</if>

			<if test="coupon_id != null">
				coupon_id,
			</if>
			<if test="sms_batch_id != null">
				sms_batch_id,
			</if>
			<if test="coupon_name != null">
				coupon_name,
			</if>
			<if test="activity_tag != null">
				activity_tag,
			</if>
			<if test="tag != null">
				tag,
			</if>
			distinction
		</trim>
		<trim prefix="values (" suffix=")" suffixOverrides=",">
			<if test="id != null">
				#{id,jdbcType=INTEGER},
			</if>
			<if test="isDeleted != null">
				#{isDeleted,jdbcType=INTEGER},
			</if>
			<if test="createId != null">
				#{createId,jdbcType=BIGINT},
			</if>
			<if test="createTime != null">
				#{createTime,jdbcType=TIMESTAMP},
			</if>
			<if test="orderCode != null">
				#{orderCode,jdbcType=VARCHAR},
			</if>
			<if test="deleteTime != null">
				#{deleteTime,jdbcType=TIMESTAMP},
			</if>
			<if test="remarks != null">
				#{remarks,jdbcType=VARCHAR},
			</if>
			<if test="attachment != null">
				#{attachment,jdbcType=VARCHAR},
			</if>
			<if test="name != null">
				#{name,jdbcType=VARCHAR},
			</if>
			<if test="description != null">
				#{description,jdbcType=VARCHAR},
			</if>
			
			
			<if test="title != null">
				#{title,jdbcType=VARCHAR},
			</if>
			<if test="content != null">
				#{content,jdbcType=VARCHAR},
			</if>
			<if test="pic != null">
				#{pic,jdbcType=VARCHAR},
			</if>
			<if test="status != null">
				#{status,jdbcType=INTEGER},
			</if>
			
			<if test="weibo_qrcode != null">
				#{weibo_qrcode,jdbcType=VARCHAR},
			</if>
			<if test="weixin_qrcode != null">
				#{weixin_qrcode,jdbcType=VARCHAR},
			</if>
			<if test="detail_rule != null">
				#{detail_rule,jdbcType=VARCHAR},
			</if>
			<if test="background_pic != null">
				#{background_pic,jdbcType=VARCHAR},
			</if>
			<if test="background_music != null">
				#{background_music,jdbcType=VARCHAR},
			</if>
			<if test="protrait_tag != null">
				#{protrait_tag,jdbcType=VARCHAR},
			</if>

			<if test="button_text != null">
				#{button_text,jdbcType=VARCHAR},
			</if>

			<if test="button_css != null">
				#{button_css,jdbcType=VARCHAR},
			</if>

			<if test="theme_info != null">
				#{theme_info,jdbcType=VARCHAR},
			</if>
			<if test="theme_info_color != null">
				#{theme_info_color,jdbcType=VARCHAR},
			</if>
			<if test="text_info_color != null">
				#{text_info_color,jdbcType=VARCHAR},
			</if>


			<if test="coupon_id != null">
				#{coupon_id,jdbcType=INTEGER},
			</if>
			<if test="sms_batch_id != null">
				#{sms_batch_id,jdbcType=INTEGER},
			</if>
			<if test="coupon_name != null">
				#{coupon_name,jdbcType=VARCHAR},
			</if>
			<if test="activity_tag != null">
				#{activity_tag,jdbcType=VARCHAR},
			</if>
			<if test="tag != null">
				#{tag,jdbcType=VARCHAR},
			</if>
			1
		</trim>
	</insert>
	<update id="del_distinction">
		update bm_activity set is_deleted = 1,delete_time = #{date} where id=#{id} and distinction=1 and is_deleted=0
	</update>
	<update id="updateDisinction">
		update bm_activity
		<set>
			name = #{name,jdbcType=VARCHAR},
			description = #{description,jdbcType=VARCHAR},
			title = #{title,jdbcType=VARCHAR},
			pic = #{pic,jdbcType=VARCHAR},
			weibo_qrcode= #{weibo_qrcode,jdbcType=VARCHAR},
			weixin_qrcode= #{weixin_qrcode,jdbcType=VARCHAR},
			content = #{content,jdbcType=VARCHAR}
			<if test="orderCode!=null">
				,order_code=#{orderCode,jdbcType=VARCHAR}
			</if>
		</set>
		where id = #{id} and distinction=1 and is_deleted=0
	</update>
	<insert id="insertCustomActivity" useGeneratedKeys="true"
			keyProperty="id" parameterType="cn.cecook.model.business.markting.BmActivity">
		insert into bm_activity
		<trim prefix="(" suffix=")" suffixOverrides=",">
			<if test="name != null">
				name,
			</if>
			<if test="uuid != null">
				uuid,
			</if>
			<if test="tenantId != null">
				tenant_id,
			</if>
			<if test="webUrl != null">
				web_url,
			</if>
			<if test="title != null">
				title,
			</if>
			<if test="content != null">
				content,
			</if>
			<if test="head_pic != null">
				head_pic,
			</if>
			<if test="distinction != null">
				distinction,
			</if>
			<if test="type != null">
				type,
			</if>
		</trim>
		<trim prefix="values (" suffix=")" suffixOverrides=",">
			<if test="name != null">
				#{name,jdbcType=VARCHAR},
			</if>
			<if test="uuid != null">
				#{uuid,jdbcType=VARCHAR},
			</if>
			<if test="tenantId != null">
				#{tenant_id,jdbcType=VARCHAR},
			</if>
			<if test="webUrl != null">
				#{webUrl,jdbcType=VARCHAR},
			</if>
			<if test="title != null">
				#{title,jdbcType=VARCHAR},
			</if>
			<if test="content != null">
				#{content,jdbcType=VARCHAR},
			</if>
			<if test="head_pic != null">
				#{head_pic,jdbcType=VARCHAR},
			</if>
			<if test="distinction != null">
				#{distinction,jdbcType=INTEGER},
			</if>
			<if test="type != null">
				#{type,jdbcType=INTEGER},
			</if>
		</trim>
	</insert>
	
	<!---->
	 <select id="selectCountSysActivity" resultType="java.lang.Integer">
		select count(id)
		from bm_activity
		<where>
		 POSITION('#{name}' IN `name`)	and
		 is_deleted=0	    
		</where>)
	</select>
	    
    <!-- ===========================业务  模糊查询========================== -->
    <select id="getByName"  resultType="cn.cecook.bean.business.markting.ActivityBean">
    	select
    		id,
    		title,
    		content,
    		pic,
    		create_time,
    		end_time
		    from bm_activity
		<where>
		 POSITION('#{name}' IN `name`)	and
		 is_deleted=0	    
		</where>
		limit #{startIndex}, #{pageSize}	
    </select>
    
    <select id="activityNameListByThirdCouponModelId" resultType="java.lang.String">
        select CONCAT('活动：',`name`) from bm_activity where coupon_flag=1 and coupon_id=#{modelId} and is_deleted=0
    </select>
    
</mapper>