<?xml version="1.0" encoding="UTF-8" ?>
<!DOCTYPE mapper PUBLIC "-//mybatis.org//DTD Mapper 3.0//EN" "http://mybatis.org/dtd/mybatis-3-mapper.dtd" >
<mapper namespace="cn.cecook.dao.business.markting.BmActivityModelMapper">
	<resultMap id="BaseResultMap" type="cn.cecook.model.business.markting.BmActivityModel">
		<id column="id" property="id" jdbcType="INTEGER" />
		<result column="uuid" property="uuid" jdbcType="VARCHAR" />
		<result column="tenant_id" property="tenantId" jdbcType="VARCHAR" />
		<result column="is_deleted" property="isDeleted" jdbcType="INTEGER" />
		<result column="create_id" property="createId" jdbcType="BIGINT" />
		<result column="create_time" property="createTime" jdbcType="TIMESTAMP" />
		<result column="order_code" property="orderCode" jdbcType="VARCHAR" />
		<result column="delete_time" property="deleteTime" jdbcType="TIMESTAMP" />
		<result column="remarks" property="remarks" jdbcType="VARCHAR" />
		<result column="attachment" property="attachment" jdbcType="VARCHAR" />
		<result column="name" property="name" jdbcType="VARCHAR" />
		<result column="description" property="description" jdbcType="VARCHAR" />
		<result column="tag" property="tag" jdbcType="VARCHAR" />
		<result column="web_url" property="webUrl" jdbcType="VARCHAR" />
		<result column="bak1" property="bak1" jdbcType="VARCHAR" />
		<result column="bak2" property="bak2" jdbcType="VARCHAR" />
		<result column="bak3" property="bak3" jdbcType="VARCHAR" />
		<result column="bak4" property="bak4" jdbcType="VARCHAR" />
		<result column="bak5" property="bak5" jdbcType="VARCHAR" />
	</resultMap>


	<resultMap id="ResultMap" type="cn.cecook.bean.business.markting.ActivityModelBean">
		<id column="id" property="id" jdbcType="INTEGER" />
		<result column="remarks" property="remarks" jdbcType="VARCHAR" />
		<result column="attachment" property="attachment" jdbcType="VARCHAR" />
		<result column="name" property="name" jdbcType="VARCHAR" />
		<result column="description" property="description" jdbcType="VARCHAR" />
		<result column="tag" property="tag" jdbcType="VARCHAR" />
		<result column="web_url" property="web_url" jdbcType="VARCHAR" />
		<result column="model_pic" property="model_pic" jdbcType="VARCHAR" />
		<result column="type" property="type" jdbcType="VARCHAR" />
		<result column="protrait_tag" property="protrait_tag" jdbcType="VARCHAR" />
		<result column="thumbnail_pic" property="thumbnail_pic" jdbcType="VARCHAR" />
	</resultMap>


	<sql id="Base_Column_List">
		id, uuid, tenant_id, is_deleted, create_id, create_time,
		order_code,
		delete_time,
		remarks, attachment, name, description, tag,type,protrait_tag,
		web_url, bak1, bak2, bak3, bak4,thumbnail_pic
		bak5
	</sql>

	<sql id="Column_List">
		id,remarks, attachment, name, description, tag, web_url,model_pic,type,protrait_tag,thumbnail_pic
	</sql>

	

	<delete id="deleteByPrimaryKey" parameterType="java.lang.Integer">
		delete from
		bm_activity_model
		where id = #{id,jdbcType=INTEGER}
	</delete>
	
	
	<insert id="insertSelective" parameterType="cn.cecook.model.business.markting.BmActivityModel">
		insert into bm_activity_model
		<trim prefix="(" suffix=")" suffixOverrides=",">
			<if test="id != null">
				id,
			</if>
			<if test="uuid != null">
				uuid,
			</if>
			<if test="tenantId != null">
				tenant_id,
			</if>
			<if test="isDeleted != null">
				is_deleted,
			</if>
			<if test="createId != null">
				create_id,
			</if>
			<if test="createTime != null">
				create_time,
			</if>
			<if test="orderCode != null">
				order_code,
			</if>
			<if test="deleteTime != null">
				delete_time,
			</if>
			<if test="remarks != null">
				remarks,
			</if>
			<if test="attachment != null">
				attachment,
			</if>
			<if test="name != null">
				name,
			</if>
			<if test="description != null">
				description,
			</if>
			<if test="tag != null">
				tag,
			</if>
			<if test="webUrl != null">
				web_url,
			</if>
			<if test="bak1 != null">
				bak1,
			</if>
			<if test="bak2 != null">
				bak2,
			</if>
			<if test="bak3 != null">
				bak3,
			</if>
			<if test="bak4 != null">
				bak4,
			</if>
			<if test="bak5 != null">
				bak5,
			</if>
		</trim>
		<trim prefix="values (" suffix=")" suffixOverrides=",">
			<if test="id != null">
				#{id,jdbcType=INTEGER},
			</if>
			<if test="uuid != null">
				#{uuid,jdbcType=VARCHAR},
			</if>
			<if test="tenantId != null">
				#{tenantId,jdbcType=VARCHAR},
			</if>
			<if test="isDeleted != null">
				#{isDeleted,jdbcType=INTEGER},
			</if>
			<if test="createId != null">
				#{createId,jdbcType=BIGINT},
			</if>
			<if test="createTime != null">
				#{createTime,jdbcType=TIMESTAMP},
			</if>
			<if test="orderCode != null">
				#{orderCode,jdbcType=VARCHAR},
			</if>
			<if test="deleteTime != null">
				#{deleteTime,jdbcType=TIMESTAMP},
			</if>
			<if test="remarks != null">
				#{remarks,jdbcType=VARCHAR},
			</if>
			<if test="attachment != null">
				#{attachment,jdbcType=VARCHAR},
			</if>
			<if test="name != null">
				#{name,jdbcType=VARCHAR},
			</if>
			<if test="description != null">
				#{description,jdbcType=VARCHAR},
			</if>
			<if test="tag != null">
				#{tag,jdbcType=VARCHAR},
			</if>
			<if test="webUrl != null">
				#{webUrl,jdbcType=VARCHAR},
			</if>
			<if test="bak1 != null">
				#{bak1,jdbcType=VARCHAR},
			</if>
			<if test="bak2 != null">
				#{bak2,jdbcType=VARCHAR},
			</if>
			<if test="bak3 != null">
				#{bak3,jdbcType=VARCHAR},
			</if>
			<if test="bak4 != null">
				#{bak4,jdbcType=VARCHAR},
			</if>
			<if test="bak5 != null">
				#{bak5,jdbcType=VARCHAR},
			</if>
		</trim>
	</insert>

	
	<update id="updateByPrimaryKeySelective" parameterType="cn.cecook.model.business.markting.BmActivityModel">
		update bm_activity_model
		<set>
			<if test="uuid != null">
				uuid = #{uuid,jdbcType=VARCHAR},
			</if>
			<if test="tenantId != null">
				tenant_id = #{tenantId,jdbcType=VARCHAR},
			</if>
			<if test="isDeleted != null">
				is_deleted = #{isDeleted,jdbcType=INTEGER},
			</if>
			<if test="createId != null">
				create_id = #{createId,jdbcType=BIGINT},
			</if>
			<if test="createTime != null">
				create_time = #{createTime,jdbcType=TIMESTAMP},
			</if>
			<if test="orderCode != null">
				order_code = #{orderCode,jdbcType=VARCHAR},
			</if>
			<if test="deleteTime != null">
				delete_time = #{deleteTime,jdbcType=TIMESTAMP},
			</if>
			<if test="remarks != null">
				remarks = #{remarks,jdbcType=VARCHAR},
			</if>
			<if test="attachment != null">
				attachment = #{attachment,jdbcType=VARCHAR},
			</if>
			<if test="name != null">
				name = #{name,jdbcType=VARCHAR},
			</if>
			<if test="description != null">
				description = #{description,jdbcType=VARCHAR},
			</if>
			<if test="tag != null">
				tag = #{tag,jdbcType=VARCHAR},
			</if>
			<if test="webUrl != null">
				web_url = #{webUrl,jdbcType=VARCHAR},
			</if>
			<if test="bak1 != null">
				bak1 = #{bak1,jdbcType=VARCHAR},
			</if>
			<if test="bak2 != null">
				bak2 = #{bak2,jdbcType=VARCHAR},
			</if>
			<if test="bak3 != null">
				bak3 = #{bak3,jdbcType=VARCHAR},
			</if>
			<if test="bak4 != null">
				bak4 = #{bak4,jdbcType=VARCHAR},
			</if>
			<if test="bak5 != null">
				bak5 = #{bak5,jdbcType=VARCHAR},
			</if>
		</set>
		where id = #{id,jdbcType=INTEGER}
	</update>
	

	<select id="queryBmActivityModelList" parameterType="cn.cecook.uitls.Pages"
		resultMap="ResultMap">
		select
		<include refid="Column_List" />
		from bm_activity_model
		where is_deleted=0
		
		<if test="where.type != null and where.type !=''">and tag=#{where.type} </if>
		<if test="orderby != null ">order by ${orderby} </if>
		limit #{startIndex}, #{pageSize}

	</select>

	<select id="selectByPrimaryKey" resultType="map"
		parameterType="java.lang.Integer">
		select
		*
		from bm_activity_model
		where id = #{id,jdbcType=INTEGER}
	</select>


	<select id="getCount" parameterType="map"
		resultType="java.lang.Integer">
		select IFNULL(count(id),0) from bm_activity_model
		where is_deleted=0
		<if test="type !=null and type!= ''">
			and tag LIKE CONCAT('%',#{type},'%')
		</if>
	</select>

</mapper>