<?xml version="1.0" encoding="UTF-8" ?>
<!DOCTYPE mapper PUBLIC "-//mybatis.org//DTD Mapper 3.0//EN" "http://mybatis.org/dtd/mybatis-3-mapper.dtd" >
<mapper namespace="cn.cecook.dao.business.markting.BmActivityStoreMapper">
	<resultMap id="BaseResultMap" type="cn.cecook.model.business.markting.BmActivityStore">
		<id column="id" property="id" jdbcType="BIGINT" />
		<result column="tenant_id" property="tenantId" jdbcType="VARCHAR" />
		<result column="uuid" property="uuid" jdbcType="VARCHAR" />
		<result column="create_time" property="createTime" jdbcType="TIMESTAMP" />
		<result column="is_deleted" property="isDeleted" jdbcType="INTEGER" />
		<result column="activity_id" property="activityId" jdbcType="BIGINT" />
		<result column="store_id" property="storeId" jdbcType="BIGINT" />
		<result column="bak1" property="bak1" jdbcType="VARCHAR" />
		<result column="bak2" property="bak2" jdbcType="VARCHAR" />
		<result column="bak3" property="bak3" jdbcType="VARCHAR" />
		<result column="bak4" property="bak4" jdbcType="VARCHAR" />
		<result column="bak5" property="bak5" jdbcType="INTEGER" />
	</resultMap>

	<sql id="Base_Column_List">
		id, tenant_id, uuid, create_time, is_deleted, activity_id, store_id,
		bak1, bak2,
		bak3, bak4, bak5
	</sql>

	<select id="selectByPrimaryKey" resultType="map" parameterType="java.lang.Long">
		select DISTINCT
		b.id,b.address,b.name,b.phone
		from bm_activity_store a,bm_store b
		where a.store_id=b.id
		and a.activity_id = #{id,jdbcType=BIGINT}
		and is_deleted=0
		order by a.create_time desc
	</select>
	<delete id="deleteByPrimaryKey" parameterType="java.lang.Long">
		delete from bm_activity_store
		where id = #{id,jdbcType=BIGINT}
	</delete>


	<insert id="insertSelective" parameterType="cn.cecook.model.business.markting.BmActivityStore">
		insert into bm_activity_store
		<trim prefix="(" suffix=")" suffixOverrides=",">
			<if test="id != null">
				id,
			</if>
			<if test="tenantId != null">
				tenant_id,
			</if>
			<if test="uuid != null">
				uuid,
			</if>
			<if test="createTime != null">
				create_time,
			</if>
			<if test="isDeleted != null">
				is_deleted,
			</if>
			<if test="activityId != null">
				activity_id,
			</if>
			<if test="storeId != null">
				store_id,
			</if>
			<if test="bak1 != null">
				bak1,
			</if>
			<if test="bak2 != null">
				bak2,
			</if>
			<if test="bak3 != null">
				bak3,
			</if>
			<if test="bak4 != null">
				bak4,
			</if>
			<if test="bak5 != null">
				bak5,
			</if>
		</trim>
		<trim prefix="values (" suffix=")" suffixOverrides=",">
			<if test="id != null">
				#{id,jdbcType=BIGINT},
			</if>
			<if test="tenantId != null">
				#{tenantId,jdbcType=VARCHAR},
			</if>
			<if test="uuid != null">
				#{uuid,jdbcType=VARCHAR},
			</if>
			<if test="createTime != null">
				#{createTime,jdbcType=TIMESTAMP},
			</if>
			<if test="isDeleted != null">
				#{isDeleted,jdbcType=INTEGER},
			</if>
			<if test="activityId != null">
				#{activityId,jdbcType=BIGINT},
			</if>
			<if test="storeId != null">
				#{storeId,jdbcType=BIGINT},
			</if>
			<if test="bak1 != null">
				#{bak1,jdbcType=VARCHAR},
			</if>
			<if test="bak2 != null">
				#{bak2,jdbcType=VARCHAR},
			</if>
			<if test="bak3 != null">
				#{bak3,jdbcType=VARCHAR},
			</if>
			<if test="bak4 != null">
				#{bak4,jdbcType=VARCHAR},
			</if>
			<if test="bak5 != null">
				#{bak5,jdbcType=INTEGER},
			</if>
		</trim>
	</insert>



	<update id="updateByPrimaryKeySelective" parameterType="cn.cecook.model.business.markting.BmActivityStore">
		update bm_activity_store
		<set>
			<if test="tenantId != null">
				tenant_id = #{tenantId,jdbcType=VARCHAR},
			</if>
			<if test="uuid != null">
				uuid = #{uuid,jdbcType=VARCHAR},
			</if>
			<if test="createTime != null">
				create_time = #{createTime,jdbcType=TIMESTAMP},
			</if>
			<if test="isDeleted != null">
				is_deleted = #{isDeleted,jdbcType=INTEGER},
			</if>
			<if test="activityId != null">
				activity_id = #{activityId,jdbcType=BIGINT},
			</if>
			<if test="storeId != null">
				store_id = #{storeId,jdbcType=BIGINT},
			</if>
			<if test="bak1 != null">
				bak1 = #{bak1,jdbcType=VARCHAR},
			</if>
			<if test="bak2 != null">
				bak2 = #{bak2,jdbcType=VARCHAR},
			</if>
			<if test="bak3 != null">
				bak3 = #{bak3,jdbcType=VARCHAR},
			</if>
			<if test="bak4 != null">
				bak4 = #{bak4,jdbcType=VARCHAR},
			</if>
			<if test="bak5 != null">
				bak5 = #{bak5,jdbcType=INTEGER},
			</if>
		</set>
		where id = #{id,jdbcType=BIGINT} and is_deleted=0
	</update>

	<update id="updateDeleted" parameterType="java.lang.Long">
		update bm_activity_store set is_deleted=1 where activity_id=#{id}
	</update>

</mapper>