<?xml version="1.0" encoding="UTF-8" ?>
<!DOCTYPE mapper PUBLIC "-//mybatis.org//DTD Mapper 3.0//EN" "http://mybatis.org/dtd/mybatis-3-mapper.dtd" >
<mapper namespace="cn.cecook.dao.business.markting.BmCardTransmitMapper" >
  <resultMap id="BaseResultMap" type="cn.cecook.model.business.markting.BmCardTransmit" >
    <id column="id" property="id" jdbcType="BIGINT" />
    <result column="tenant_id" property="tenantId" jdbcType="VARCHAR" />
    <result column="uuid" property="uuid" jdbcType="VARCHAR" />
    <result column="create_time" property="createTime" jdbcType="TIMESTAMP" />
    <result column="is_deleted" property="isDeleted" jdbcType="INTEGER" />
    <result column="transmit_way" property="transmitWay" jdbcType="VARCHAR" />
    <result column="card_id" property="cardId" jdbcType="BIGINT" />
    <result column="ip" property="ip" jdbcType="VARCHAR" />
    <result column="transmit_tag" property="transmitTag" jdbcType="INTEGER" />
    <result column="open_id" property="open_id" jdbcType="VARCHAR" />
    <result column="bak1" property="bak1" jdbcType="VARCHAR" />
    <result column="bak2" property="bak2" jdbcType="VARCHAR" />
    <result column="bak3" property="bak3" jdbcType="VARCHAR" />
    <result column="bak4" property="bak4" jdbcType="VARCHAR" />
    <result column="bak5" property="bak5" jdbcType="VARCHAR" />
   	<result column="longitude" property="longitude" jdbcType="VARCHAR" />
	<result column="latitude" property="latitude" jdbcType="VARCHAR" />
	<result column="province" property="province" jdbcType="VARCHAR" />
	<result column="city" property="city" jdbcType="VARCHAR" />
	<result column="district" property="district" jdbcType="VARCHAR" />
  </resultMap>
  <sql id="Base_Column_List" >
    id, tenant_id, uuid, create_time, is_deleted, transmit_way, card_id, ip, transmit_tag, 
    bak1, bak2, bak3, bak4, bak5,longitude,latitude,province,city,district
  </sql>
  <select id="selectByPrimaryKey" resultMap="BaseResultMap" parameterType="java.lang.Long" >
    select 
    <include refid="Base_Column_List" />
    from bm_card_transmit
    where id = #{id,jdbcType=BIGINT}
  </select>
  <delete id="deleteByPrimaryKey" parameterType="java.lang.Long" >
    delete from bm_card_transmit
    where id = #{id,jdbcType=BIGINT}
  </delete>
  <insert id="insert" parameterType="cn.cecook.model.business.markting.BmCardTransmit" >
    insert into bm_card_transmit (id, tenant_id, uuid, 
      create_time, is_deleted, transmit_way, 
      card_id, ip, transmit_tag, 
      bak1, bak2, bak3, bak4, 
      bak5)
    values (#{id,jdbcType=BIGINT}, #{tenantId,jdbcType=VARCHAR}, #{uuid,jdbcType=VARCHAR}, 
      #{createTime,jdbcType=TIMESTAMP}, #{isDeleted,jdbcType=INTEGER}, #{transmitWay,jdbcType=VARCHAR}, 
      #{cardId,jdbcType=BIGINT}, #{ip,jdbcType=VARCHAR}, #{transmitTag,jdbcType=INTEGER}, 
      #{bak1,jdbcType=VARCHAR}, #{bak2,jdbcType=VARCHAR}, #{bak3,jdbcType=VARCHAR}, #{bak4,jdbcType=VARCHAR}, 
      #{bak5,jdbcType=VARCHAR})
  </insert>
  <insert id="insertSelective" parameterType="cn.cecook.model.business.markting.BmCardTransmit" >
    insert into bm_card_transmit
    <trim prefix="(" suffix=")" suffixOverrides="," >
      <if test="id != null" >
        id,
      </if>
      <if test="tenantId != null" >
        tenant_id,
      </if>
      <if test="uuid != null" >
        uuid,
      </if>
      <if test="createTime != null" >
        create_time,
      </if>
      <if test="isDeleted != null" >
        is_deleted,
      </if>
      <if test="transmitWay != null" >
        transmit_way,
      </if>
      <if test="cardId != null" >
        card_id,
      </if>
      <if test="ip != null" >
        ip,
      </if>
      <if test="transmitTag != null" >
        transmit_tag,
      </if>
       <if test="open_id != null" >
        open_id,
      </if>
      <if test="bak1 != null" >
        bak1,
      </if>
      <if test="bak2 != null" >
        bak2,
      </if>
      <if test="bak3 != null" >
        bak3,
      </if>
      <if test="bak4 != null" >
        bak4,
      </if>
      <if test="bak5 != null" >
        bak5,
      </if>
      	<if test="longitude != null">
			longitude,
		</if>
		<if test="latitude != null">
			latitude,
		</if>
		<if test="province != null">
			province,
		</if>
		<if test="city != null">
			city,
		</if>
		<if test="district != null">
			district,
		</if>
    </trim>
    <trim prefix="values (" suffix=")" suffixOverrides="," >
      <if test="id != null" >
        #{id,jdbcType=BIGINT},
      </if>
      <if test="tenantId != null" >
        #{tenantId,jdbcType=VARCHAR},
      </if>
      <if test="uuid != null" >
        #{uuid,jdbcType=VARCHAR},
      </if>
      <if test="createTime != null" >
        #{createTime,jdbcType=TIMESTAMP},
      </if>
      <if test="isDeleted != null" >
        #{isDeleted,jdbcType=INTEGER},
      </if>
      <if test="transmitWay != null" >
        #{transmitWay,jdbcType=VARCHAR},
      </if>
      <if test="cardId != null" >
        #{cardId,jdbcType=BIGINT},
      </if>
      <if test="ip != null" >
        #{ip,jdbcType=VARCHAR},
      </if>
      <if test="transmitTag != null" >
        #{transmitTag,jdbcType=INTEGER},
      </if>
       <if test="open_id != null" >
        #{open_id,jdbcType=VARCHAR},
      </if>
      <if test="bak1 != null" >
        #{bak1,jdbcType=VARCHAR},
      </if>
      <if test="bak2 != null" >
        #{bak2,jdbcType=VARCHAR},
      </if>
      <if test="bak3 != null" >
        #{bak3,jdbcType=VARCHAR},
      </if>
      <if test="bak4 != null" >
        #{bak4,jdbcType=VARCHAR},
      </if>
      <if test="bak5 != null" >
        #{bak5,jdbcType=VARCHAR},
      </if>
     	<if test="longitude != null">
			#{longitude,jdbcType=VARCHAR},
		</if>
		<if test="latitude != null">
			#{latitude,jdbcType=VARCHAR},
		</if>			
		<if test="province != null">
			#{province,jdbcType=VARCHAR},
		</if>
		<if test="city != null">
			#{city,jdbcType=VARCHAR},
		</if>
		<if test="district != null">
			#{district,jdbcType=VARCHAR},
		</if>
    </trim>
  </insert>
  <update id="updateByPrimaryKeySelective" parameterType="cn.cecook.model.business.markting.BmCardTransmit" >
    update bm_card_transmit
    <set >
      <if test="tenantId != null" >
        tenant_id = #{tenantId,jdbcType=VARCHAR},
      </if>
      <if test="uuid != null" >
        uuid = #{uuid,jdbcType=VARCHAR},
      </if>
      <if test="createTime != null" >
        create_time = #{createTime,jdbcType=TIMESTAMP},
      </if>
      <if test="isDeleted != null" >
        is_deleted = #{isDeleted,jdbcType=INTEGER},
      </if>
      <if test="transmitWay != null" >
        transmit_way = #{transmitWay,jdbcType=VARCHAR},
      </if>
      <if test="cardId != null" >
        card_id = #{cardId,jdbcType=BIGINT},
      </if>
      <if test="ip != null" >
        ip = #{ip,jdbcType=VARCHAR},
      </if>
      <if test="transmitTag != null" >
        transmit_tag = #{transmitTag,jdbcType=INTEGER},
      </if>
      <if test="bak1 != null" >
        bak1 = #{bak1,jdbcType=VARCHAR},
      </if>
      <if test="bak2 != null" >
        bak2 = #{bak2,jdbcType=VARCHAR},
      </if>
      <if test="bak3 != null" >
        bak3 = #{bak3,jdbcType=VARCHAR},
      </if>
      <if test="bak4 != null" >
        bak4 = #{bak4,jdbcType=VARCHAR},
      </if>
      <if test="bak5 != null" >
        bak5 = #{bak5,jdbcType=VARCHAR},
      </if>
    </set>
    where id = #{id,jdbcType=BIGINT}
  </update>
  <update id="updateByPrimaryKey" parameterType="cn.cecook.model.business.markting.BmCardTransmit" >
    update bm_card_transmit
    set tenant_id = #{tenantId,jdbcType=VARCHAR},
      uuid = #{uuid,jdbcType=VARCHAR},
      create_time = #{createTime,jdbcType=TIMESTAMP},
      is_deleted = #{isDeleted,jdbcType=INTEGER},
      transmit_way = #{transmitWay,jdbcType=VARCHAR},
      card_id = #{cardId,jdbcType=BIGINT},
      ip = #{ip,jdbcType=VARCHAR},
      transmit_tag = #{transmitTag,jdbcType=INTEGER},
      bak1 = #{bak1,jdbcType=VARCHAR},
      bak2 = #{bak2,jdbcType=VARCHAR},
      bak3 = #{bak3,jdbcType=VARCHAR},
      bak4 = #{bak4,jdbcType=VARCHAR},
      bak5 = #{bak5,jdbcType=VARCHAR}
    where id = #{id,jdbcType=BIGINT}
  </update>
</mapper>