<?xml version="1.0" encoding="UTF-8" ?>
<!DOCTYPE mapper PUBLIC "-//mybatis.org//DTD Mapper 3.0//EN" "http://mybatis.org/dtd/mybatis-3-mapper.dtd" >
<mapper namespace="cn.cecook.dao.business.markting.BmCardModelMapper">
	<resultMap id="BaseResultMap" type="cn.cecook.model.business.markting.BmCardModel">
		<id column="id" property="id" jdbcType="INTEGER" />
		<result column="uuid" property="uuid" jdbcType="VARCHAR" />
		<result column="tenant_id" property="tenantId" jdbcType="VARCHAR" />
		<result column="create_time" property="createTime" jdbcType="TIMESTAMP" />
		<result column="is_deleted" property="isDeleted" jdbcType="INTEGER" />
		<result column="card_id" property="cardId" jdbcType="BIGINT" />
		<result column="model_id" property="modelId" jdbcType="INTEGER" />
		<result column="bak1" property="bak1" jdbcType="VARCHAR" />
		<result column="bak2" property="bak2" jdbcType="VARCHAR" />
		<result column="bak3" property="bak3" jdbcType="VARCHAR" />
		<result column="bak4" property="bak4" jdbcType="VARCHAR" />
		<result column="bak5" property="bak5" jdbcType="INTEGER" />
	</resultMap>

	<sql id="Base_Column_List">
		id, uuid, tenant_id, create_time, is_deleted, card_id, model_id, bak1,
		bak2, bak3,
		bak4, bak5
	</sql>

	<select id="selectByPrimaryKey" resultMap="BaseResultMap"
		parameterType="java.lang.Integer">
		select
		<include refid="Base_Column_List" />
		from bm_card_model
		where id = #{id,jdbcType=INTEGER}
	</select>
	<delete id="deleteByPrimaryKey" parameterType="java.lang.Integer">
		delete from bm_card_model
		where id = #{id,jdbcType=INTEGER}
	</delete>


	<insert id="insertSelective" parameterType="cn.cecook.model.business.markting.BmCardModel">
		insert into bm_card_model
		<trim prefix="(" suffix=")" suffixOverrides=",">
			<if test="id != null">
				id,
			</if>
			<if test="uuid != null">
				uuid,
			</if>
			<if test="tenantId != null">
				tenant_id,
			</if>
			<if test="createTime != null">
				create_time,
			</if>
			<if test="isDeleted != null">
				is_deleted,
			</if>
			<if test="cardId != null">
				card_id,
			</if>
			<if test="modelId != null">
				model_id,
			</if>
			<if test="bak1 != null">
				bak1,
			</if>
			<if test="bak2 != null">
				bak2,
			</if>
			<if test="bak3 != null">
				bak3,
			</if>
			<if test="bak4 != null">
				bak4,
			</if>
			<if test="bak5 != null">
				bak5,
			</if>
		</trim>
		<trim prefix="values (" suffix=")" suffixOverrides=",">
			<if test="id != null">
				#{id,jdbcType=INTEGER},
			</if>
			<if test="uuid != null">
				#{uuid,jdbcType=VARCHAR},
			</if>
			<if test="tenantId != null">
				#{tenantId,jdbcType=VARCHAR},
			</if>
			<if test="createTime != null">
				#{createTime,jdbcType=TIMESTAMP},
			</if>
			<if test="isDeleted != null">
				#{isDeleted,jdbcType=INTEGER},
			</if>
			<if test="cardId != null">
				#{cardId,jdbcType=BIGINT},
			</if>
			<if test="modelId != null">
				#{modelId,jdbcType=INTEGER},
			</if>
			<if test="bak1 != null">
				#{bak1,jdbcType=VARCHAR},
			</if>
			<if test="bak2 != null">
				#{bak2,jdbcType=VARCHAR},
			</if>
			<if test="bak3 != null">
				#{bak3,jdbcType=VARCHAR},
			</if>
			<if test="bak4 != null">
				#{bak4,jdbcType=VARCHAR},
			</if>
			<if test="bak5 != null">
				#{bak5,jdbcType=INTEGER},
			</if>
		</trim>
	</insert>



	<update id="updateByPrimaryKeySelective" parameterType="cn.cecook.model.business.markting.BmCardModel">
		update bm_card_model
		<set>
			<if test="uuid != null">
				uuid = #{uuid,jdbcType=VARCHAR},
			</if>
			<if test="tenantId != null">
				tenant_id = #{tenantId,jdbcType=VARCHAR},
			</if>
			<if test="createTime != null">
				create_time = #{createTime,jdbcType=TIMESTAMP},
			</if>
			<if test="isDeleted != null">
				is_deleted = #{isDeleted,jdbcType=INTEGER},
			</if>
			<if test="cardId != null">
				card_id = #{cardId,jdbcType=BIGINT},
			</if>
			<if test="modelId != null">
				model_id = #{modelId,jdbcType=INTEGER},
			</if>
			<if test="bak1 != null">
				bak1 = #{bak1,jdbcType=VARCHAR},
			</if>
			<if test="bak2 != null">
				bak2 = #{bak2,jdbcType=VARCHAR},
			</if>
			<if test="bak3 != null">
				bak3 = #{bak3,jdbcType=VARCHAR},
			</if>
			<if test="bak4 != null">
				bak4 = #{bak4,jdbcType=VARCHAR},
			</if>
			<if test="bak5 != null">
				bak5 = #{bak5,jdbcType=INTEGER},
			</if>
		</set>
		where id = #{id,jdbcType=INTEGER}
	</update>



	<select id="queryCardModelList" parameterType="java.lang.Long"
		resultType="map">
		SELECT t1.name ,t1.id,t1.web_url,t1.description,t1.thumbnail_pic from
		bm_activity_defined_model t1,bm_card_model t2 where t1.id=t2.model_id
		and t1.is_deleted=0 and  t2.is_deleted=0 and t2.card_id=#{card_id} ORDER BY t1.create_time
		desc
	</select>


	<update id="updateByCardId" parameterType="java.lang.Long">
		update
		bm_card_model
		set is_deleted=1 where card_id=#{id}

	</update>


</mapper>