<?xml version="1.0" encoding="UTF-8" ?>
<!DOCTYPE mapper PUBLIC "-//mybatis.org//DTD Mapper 3.0//EN" "http://mybatis.org/dtd/mybatis-3-mapper.dtd" >
<mapper namespace="cn.cecook.dao.business.markting.BmCardActivityMapper">
	<resultMap id="BaseResultMap" type="cn.cecook.model.business.markting.BmCardActivity">
		<id column="id" property="id" jdbcType="INTEGER" />
		<result column="uuid" property="uuid" jdbcType="VARCHAR" />
		<result column="tenant_id" property="tenantId" jdbcType="VARCHAR" />
		<result column="create_time" property="createTime" jdbcType="TIMESTAMP" />
		<result column="is_deleted" property="isDeleted" jdbcType="INTEGER" />
		<result column="card_id" property="cardId" jdbcType="BIGINT" />
		<result column="activity_id" property="activityId" jdbcType="INTEGER" />
		<result column="type" property="type" jdbcType="INTEGER" />
		<result column="bak1" property="bak1" jdbcType="VARCHAR" />
		<result column="bak2" property="bak2" jdbcType="VARCHAR" />
		<result column="bak3" property="bak3" jdbcType="VARCHAR" />
		<result column="bak4" property="bak4" jdbcType="VARCHAR" />
		<result column="bak5" property="bak5" jdbcType="INTEGER" />
	</resultMap>

	<sql id="Base_Column_List">
		id, uuid, tenant_id, create_time, is_deleted, card_id,
		activity_id, bak1,
		bak2, bak3,
		bak4, bak5
	</sql>

	<select id="selectByPrimaryKey" resultMap="BaseResultMap"
		parameterType="java.lang.Integer">
		select
		<include refid="Base_Column_List" />
		from bm_card_activity
		where id = #{id,jdbcType=INTEGER}
	</select>
	
	<select id="selectByCardIdActivityId" resultMap="BaseResultMap"
		parameterType="java.lang.Integer">
		select
		<include refid="Base_Column_List" />
		from bm_card_activity
		where card_id = #{card_id,jdbcType=INTEGER}
		and
		activity_id = #{activity_id,jdbcType=INTEGER}
	</select>
	
	<delete id="deleteByPrimaryKey" parameterType="java.lang.Integer">
		delete from
		bm_card_activity
		where id = #{id,jdbcType=INTEGER}
	</delete>


	<insert id="insertSelective" parameterType="cn.cecook.model.business.markting.BmCardActivity">
		insert into bm_card_activity
		<trim prefix="(" suffix=")" suffixOverrides=",">
			<if test="id != null">
				id,
			</if>
			<if test="uuid != null">
				uuid,
			</if>
			<if test="tenantId != null">
				tenant_id,
			</if>
			<if test="createTime != null">
				create_time,
			</if>
			<if test="isDeleted != null">
				is_deleted,
			</if>
			<if test="cardId != null">
				card_id,
			</if>
			<if test="activityId != null">
				activity_id,
			</if>
			<if test="bak1 != null">
				bak1,
			</if>
			<if test="bak2 != null">
				bak2,
			</if>
			<if test="bak3 != null">
				bak3,
			</if>
			<if test="bak4 != null">
				bak4,
			</if>
			<if test="bak5 != null">
				bak5,
			</if>
			<if test="type != null">
				type,
			</if>
			<if test="activity_tag != null">
				activity_tag,
			</if>
			<if test="business_tag != null">
				business_tag,
			</if>
		</trim>
		<trim prefix="values (" suffix=")" suffixOverrides=",">
			<if test="id != null">
				#{id,jdbcType=INTEGER},
			</if>
			<if test="uuid != null">
				#{uuid,jdbcType=VARCHAR},
			</if>
			<if test="tenantId != null">
				#{tenantId,jdbcType=VARCHAR},
			</if>
			<if test="createTime != null">
				#{createTime,jdbcType=TIMESTAMP},
			</if>
			<if test="isDeleted != null">
				#{isDeleted,jdbcType=INTEGER},
			</if>
			<if test="cardId != null">
				#{cardId,jdbcType=BIGINT},
			</if>
			<if test="activityId != null">
				#{activityId,jdbcType=INTEGER},
			</if>
			<if test="bak1 != null">
				#{bak1,jdbcType=VARCHAR},
			</if>
			<if test="bak2 != null">
				#{bak2,jdbcType=VARCHAR},
			</if>
			<if test="bak3 != null">
				#{bak3,jdbcType=VARCHAR},
			</if>
			<if test="bak4 != null">
				#{bak4,jdbcType=VARCHAR},
			</if>
			<if test="bak5 != null">
				#{bak5,jdbcType=INTEGER},
			</if>
			<if test="type != null">
				#{type,jdbcType=INTEGER},
			</if>
			<if test="activity_tag != null">
				#{activity_tag,jdbcType=INTEGER},
			</if>
			<if test="business_tag != null">				
				#{business_tag,jdbcType=INTEGER},
			</if>
			
		</trim>
	</insert>



	<update id="updateByPrimaryKeySelective" parameterType="cn.cecook.model.business.markting.BmCardActivity">
		update bm_card_activity
		<set>
			<if test="uuid != null">
				uuid = #{uuid,jdbcType=VARCHAR},
			</if>
			<if test="tenantId != null">
				tenant_id = #{tenantId,jdbcType=VARCHAR},
			</if>
			<if test="createTime != null">
				create_time = #{createTime,jdbcType=TIMESTAMP},
			</if>
			<if test="isDeleted != null">
				is_deleted = #{isDeleted,jdbcType=INTEGER},
			</if>
			<if test="cardId != null">
				card_id = #{cardId,jdbcType=BIGINT},
			</if>
			<if test="activityId != null">
				activity_id = #{activityId,jdbcType=INTEGER},
			</if>
			<if test="bak1 != null">
				bak1 = #{bak1,jdbcType=VARCHAR},
			</if>
			<if test="bak2 != null">
				bak2 = #{bak2,jdbcType=VARCHAR},
			</if>
			<if test="bak3 != null">
				bak3 = #{bak3,jdbcType=VARCHAR},
			</if>
			<if test="bak4 != null">
				bak4 = #{bak4,jdbcType=VARCHAR},
			</if>
			<if test="bak5 != null">
				bak5 = #{bak5,jdbcType=INTEGER},
			</if>
			<if test="type != null">
				type = #{type,jdbcType=INTEGER},
			</if>
			<if test="activity_tag != null">
				activity_tag=#{activity_tag,jdbcType=INTEGER},
			</if>
			<if test="business_tag != null">				
				business_tag=#{business_tag,jdbcType=INTEGER},
			</if>
		</set>
		where id = #{id,jdbcType=INTEGER}
	</update>



	<select id="queryCardActivityList" parameterType="java.lang.Long"
		resultType="map">
			select DISTINCT a.pic as
			share_pic,a.web_url,a.head_pic,a.id,a.`name`,a.`status`,DATE_FORMAT(a.end_time,'%Y-%m-%d
			%H:%i') as end_time, a.content, a.title,b.type,b.business_tag
	from bm_activity a LEFT JOIN bm_card_activity b on a.id=b.activity_id
	where b.card_id=#{id} AND (a.distinction=0 or a.distinction=2)
			and b.is_deleted=0
			and a.is_deleted=0;
	</select>
	<select id="queryCardOperationList" parameterType="java.lang.Long"
		resultType="map">
		SELECT DISTINCT a.pic as
		share_pic,a.name,a.title,a.id,a.head_pic,a.content,a.tag_defined,a.web_url,b.type,b.business_tag
		from
		bm_activity
		a,bm_card_activity b where a.id=b.activity_id and
		b.card_id=#{id}
		AND
		a.distinction=1 and b.is_deleted=0
	</select>

	<update id="updateByCardId" parameterType="map">
		update
		bm_card_activity set is_deleted=1 where card_id=#{card_id} and type=#{type,jdbcType=INTEGER}
	</update>

</mapper>