<?xml version="1.0" encoding="UTF-8" ?>
<!DOCTYPE mapper PUBLIC "-//mybatis.org//DTD Mapper 3.0//EN" "http://mybatis.org/dtd/mybatis-3-mapper.dtd" >
<mapper namespace="cn.cecook.dao.business.markting.BmCouponMapper">
	<resultMap id="BaseResultMap" type="cn.cecook.model.business.markting.BmCoupon">
		<id column="id" property="id" jdbcType="INTEGER" />
		<result column="uuid" property="uuid" jdbcType="VARCHAR" />
		<result column="tenant_id" property="tenantId" jdbcType="VARCHAR" />
		<result column="is_deleted" property="isDeleted" jdbcType="INTEGER" />
		<result column="create_id" property="createId" jdbcType="BIGINT" />
		<result column="create_time" property="createTime" jdbcType="TIMESTAMP" />
		<result column="order_code" property="orderCode" jdbcType="VARCHAR" />
		<result column="delete_time" property="deleteTime" jdbcType="TIMESTAMP" />
		<result column="remarks" property="remarks" jdbcType="VARCHAR" />
		<result column="attachment" property="attachment" jdbcType="VARCHAR" />
		<result column="describe" property="describe" jdbcType="VARCHAR" />
		<result column="expiry_date" property="expiryDate" jdbcType="TIMESTAMP" />
		<result column="face_value" property="faceValue" jdbcType="INTEGER" />
		<result column="face_value_type" property="faceValueType"
			jdbcType="VARCHAR" />
		<result column="type" property="type" jdbcType="INTEGER" />
		<result column="is_used" property="isUsed" jdbcType="INTEGER" />
		<result column="using_time" property="usingTime" jdbcType="TIMESTAMP" />
		<result column="bak1" property="bak1" jdbcType="VARCHAR" />
		<result column="bak2" property="bak2" jdbcType="VARCHAR" />
		<result column="bak3" property="bak3" jdbcType="VARCHAR" />
		<result column="bak4" property="bak4" jdbcType="VARCHAR" />
		<result column="bak5" property="bak5" jdbcType="VARCHAR" />
		<result column="activity_id" property="activityId" jdbcType="BIGINT" />
		<result column="activity_name" property="activityName"
			jdbcType="VARCHAR" />
		<result column="customer_name" property="customerName"
			jdbcType="VARCHAR" />
		<result column="customer_id" property="customerId" jdbcType="BIGINT" />
		<result column="customer_phone" property="customerPhone"
			jdbcType="VARCHAR" />
		<result column="receive_way" property="receiveWay" jdbcType="VARCHAR" />
		<result column="coupon_code" property="couponCode" jdbcType="VARCHAR" />
		<result column="coupon_name" property="couponName" jdbcType="VARCHAR" />
		<result column="send_status" property="send_status" jdbcType="VARCHAR" />
		<result column="limit_price" property="limit_price" jdbcType="INTEGER" />
		<result column="is_used" property="is_used" jdbcType="INTEGER" />
		<result column="card_id" property="card_id" jdbcType="INTEGER" />
		<result column="longitude" property="longitude" jdbcType="VARCHAR" />
		<result column="latitude" property="latitude" jdbcType="VARCHAR" />
		<result column="province" property="province" jdbcType="VARCHAR" />
		<result column="city" property="city" jdbcType="VARCHAR" />
		<result column="district" property="district" jdbcType="VARCHAR" />
        <result column="task_id" property="TaskId" jdbcType="INTEGER" />
        <result column="coupon_model_type" property="couponModelType" jdbcType="INTEGER" />
	</resultMap>
	<sql id="Base_Column_List">
		id, uuid, tenant_id, is_deleted, create_id, create_time,
		order_code,
		delete_time,coupon_name,
		remarks, attachment,
		expiry_date,
		face_value, face_value_type, type,
		is_used,
		using_time,
		bak1, bak2,
		bak3, bak4, bak5, activity_id, activity_name,
		customer_name,
		customer_id, customer_phone,
		receive_way,coupon_code,send_status,limit_price,card_id,longitude,latitude,province,city,district,task_id,coupon_model_type
	</sql>
	<select id="selectByPrimaryKey" resultMap="BaseResultMap"
		parameterType="java.lang.Integer">
		select
		<include refid="Base_Column_List" />
		from bm_coupon
		where id = #{id,jdbcType=INTEGER}
	</select>
	<delete id="deleteByPrimaryKey" parameterType="java.lang.Integer">
		delete from
		bm_coupon
		where id = #{id,jdbcType=INTEGER}
	</delete>
	<insert id="insertSelective" useGeneratedKeys="true"
		keyProperty="id" parameterType="cn.cecook.model.business.markting.BmCoupon">
		insert into bm_coupon
		<trim prefix="(" suffix=")" suffixOverrides=",">
			<if test="id != null">
				id,
			</if>
			<if test="uuid != null">
				uuid,
			</if>
			<if test="tenantId != null">
				tenant_id,
			</if>
			<if test="isDeleted != null">
				is_deleted,
			</if>
			<if test="createId != null">
				create_id,
			</if>
			<if test="createTime != null">
				create_time,
			</if>
			<if test="orderCode != null">
				order_code,
			</if>
			<if test="deleteTime != null">
				delete_time,
			</if>
			<if test="remarks != null">
				remarks,
			</if>
			<if test="attachment != null">
				attachment,
			</if>
			<if test="describe != null">
				describe,
			</if>
			<if test="expiryDate != null">
				expiry_date,
			</if>
			<if test="faceValue != null">
				face_value,
			</if>
			<if test="faceValueType != null">
				face_value_type,
			</if>
			<if test="type != null">
				type,
			</if>
			<if test="isUsed != null">
				is_used,
			</if>
			<if test="usingTime != null">
				using_time,
			</if>
			<if test="bak1 != null">
				bak1,
			</if>
			<if test="bak2 != null">
				bak2,
			</if>
			<if test="bak3 != null">
				bak3,
			</if>
			<if test="bak4 != null">
				bak4,
			</if>
			<if test="bak5 != null">
				bak5,
			</if>
			<if test="activityId != null">
				activity_id,
			</if>
			<if test="activityName != null">
				activity_name,
			</if>
			<if test="customerName != null">
				customer_name,
			</if>
			<if test="customerId != null">
				customer_id,
			</if>
			<if test="customerPhone != null">
				customer_phone,
			</if>
			<if test="receiveWay != null">
				receive_way,
			</if>
			<if test="couponCode != null">
				coupon_code,
			</if>
			<if test="send_status != null">
				send_status,
			</if>
			<if test="activity_type != null">
				activity_type,
			</if>
			<if test="couponName != null">
				coupon_name,
			</if>
			<if test="sms_batch != null">
				sms_batch,
			</if>
			<if test="couponId != null">
				couponId,
			</if>
			<if test="card_id != null">
				card_id,
			</if>
			<if test="channel_type != null and channel_type!=0">
				channel_type,
			</if>
					
			<if test="longitude != null">
				longitude,
			</if>
			<if test="latitude != null">
				latitude,
			</if>
			<if test="province != null">
				province,
			</if>
			<if test="city != null">
				city,
			</if>
			<if test="district != null">
				district,
			</if>
			<if test="limit_price != null">
				limit_price,
			</if>
			<if test="taskId != null">
				task_id,
			</if>
			<if test="couponModelType != null">
				coupon_model_type,
			</if>
		</trim>
		<trim prefix="values (" suffix=")" suffixOverrides=",">
			<if test="id != null">
				#{id,jdbcType=INTEGER},
			</if>
			<if test="uuid != null">
				#{uuid,jdbcType=VARCHAR},
			</if>
			<if test="tenantId != null">
				#{tenantId,jdbcType=VARCHAR},
			</if>
			<if test="isDeleted != null">
				#{isDeleted,jdbcType=INTEGER},
			</if>
			<if test="createId != null">
				#{createId,jdbcType=BIGINT},
			</if>
			<if test="createTime != null">
				#{createTime,jdbcType=TIMESTAMP},
			</if>
			<if test="orderCode != null">
				#{orderCode,jdbcType=VARCHAR},
			</if>
			<if test="deleteTime != null">
				#{deleteTime,jdbcType=TIMESTAMP},
			</if>
			<if test="remarks != null">
				#{remarks,jdbcType=VARCHAR},
			</if>
			<if test="attachment != null">
				#{attachment,jdbcType=VARCHAR},
			</if>
			<if test="describe != null">
				#{describe,jdbcType=VARCHAR},
			</if>
			<if test="expiryDate != null">
				#{expiryDate,jdbcType=TIMESTAMP},
			</if>
			<if test="faceValue != null">
				#{faceValue,jdbcType=INTEGER},
			</if>
			<if test="faceValueType != null">
				#{faceValueType,jdbcType=VARCHAR},
			</if>
			<if test="type != null">
				#{type,jdbcType=INTEGER},
			</if>
			<if test="isUsed != null">
				#{isUsed,jdbcType=INTEGER},
			</if>
			<if test="usingTime != null">
				#{usingTime,jdbcType=TIMESTAMP},
			</if>
			<if test="bak1 != null">
				#{bak1,jdbcType=VARCHAR},
			</if>
			<if test="bak2 != null">
				#{bak2,jdbcType=VARCHAR},
			</if>
			<if test="bak3 != null">
				#{bak3,jdbcType=VARCHAR},
			</if>
			<if test="bak4 != null">
				#{bak4,jdbcType=VARCHAR},
			</if>
			<if test="bak5 != null">
				#{bak5,jdbcType=VARCHAR},
			</if>
			<if test="activityId != null">
				#{activityId,jdbcType=BIGINT},
			</if>
			<if test="activityName != null">
				#{activityName,jdbcType=VARCHAR},
			</if>
			<if test="customerName != null">
				#{customerName,jdbcType=VARCHAR},
			</if>
			<if test="customerId != null">
				#{customerId,jdbcType=BIGINT},
			</if>
			<if test="customerPhone != null">
				#{customerPhone,jdbcType=VARCHAR},
			</if>
			<if test="receiveWay != null">
				#{receiveWay,jdbcType=VARCHAR},
			</if>
			<if test="couponCode != null">
				#{couponCode,jdbcType=VARCHAR},
			</if>
			<if test="send_status != null">
				#{send_status,jdbcType=INTEGER},
			</if>
			<if test="activity_type != null">
				#{activity_type,jdbcType=INTEGER},
			</if>
			<if test="couponName != null">
				#{couponName,jdbcType=VARCHAR},
			</if>
			<if test="sms_batch != null">
				#{sms_batch,jdbcType=VARCHAR},
			</if>
			<if test="couponId != null">
				#{couponId,jdbcType=INTEGER},
			</if>
			<if test="card_id != null">
				#{card_id,jdbcType=INTEGER},
			</if>
			<if test="channel_type != null and channel_type!=0">
				#{channel_type,jdbcType=INTEGER},
			</if>
			<if test="longitude != null">
				#{longitude,jdbcType=VARCHAR},
			</if>
			<if test="latitude != null">
				#{latitude,jdbcType=VARCHAR},
			</if>			
			<if test="province != null">
				#{province,jdbcType=VARCHAR},
			</if>
			<if test="city != null">
				#{city,jdbcType=VARCHAR},
			</if>
			<if test="district != null">
				#{district,jdbcType=VARCHAR},
			</if>
			<if test="limit_price != null">
				#{limit_price,jdbcType=INTEGER},
			</if>
			<if test="taskId != null">
				#{taskId,jdbcType=INTEGER},
			</if>
			<if test="couponModelType != null">
				#{couponModelType,jdbcType=INTEGER},
			</if>
		</trim>
		<if test="tenantId!=null and tenantId!=''">
			cecook2017${tenantId}
		</if>

	</insert>
	<update id="updateByPrimaryKeySelective" parameterType="cn.cecook.model.business.markting.BmCoupon">
		update bm_coupon
		<set>
			<if test="uuid != null">
				uuid = #{uuid,jdbcType=VARCHAR},
			</if>
			<if test="tenantId != null">
				tenant_id = #{tenantId,jdbcType=VARCHAR},
			</if>
			<if test="isDeleted != null">
				is_deleted = #{isDeleted,jdbcType=INTEGER},
			</if>
			<if test="createId != null">
				create_id = #{createId,jdbcType=BIGINT},
			</if>
			<if test="createTime != null">
				create_time = #{createTime,jdbcType=TIMESTAMP},
			</if>
			<if test="orderCode != null">
				order_code = #{orderCode,jdbcType=VARCHAR},
			</if>
			<if test="deleteTime != null">
				delete_time = #{deleteTime,jdbcType=TIMESTAMP},
			</if>
			<if test="remarks != null">
				remarks = #{remarks,jdbcType=VARCHAR},
			</if>
			<if test="attachment != null">
				attachment = #{attachment,jdbcType=VARCHAR},
			</if>
			<if test="describe != null">
				describe = #{describe,jdbcType=VARCHAR},
			</if>
			<if test="expiryDate != null">
				expiry_date = #{expiryDate,jdbcType=TIMESTAMP},
			</if>
			<if test="faceValue != null">
				face_value = #{faceValue,jdbcType=DOUBLE},
			</if>
			<if test="faceValueType != null">
				face_value_type = #{faceValueType,jdbcType=VARCHAR},
			</if>
			<if test="type != null">
				type = #{type,jdbcType=INTEGER},
			</if>
			<if test="isUsed != null">
				is_used = #{isUsed,jdbcType=INTEGER},
			</if>
			<if test="usingTime != null">
				using_time = #{usingTime,jdbcType=TIMESTAMP},
			</if>
			<if test="bak1 != null">
				bak1 = #{bak1,jdbcType=VARCHAR},
			</if>
			<if test="bak2 != null">
				bak2 = #{bak2,jdbcType=VARCHAR},
			</if>
			<if test="bak3 != null">
				bak3 = #{bak3,jdbcType=VARCHAR},
			</if>
			<if test="bak4 != null">
				bak4 = #{bak4,jdbcType=VARCHAR},
			</if>
			<if test="bak5 != null">
				bak5 = #{bak5,jdbcType=VARCHAR},
			</if>
			<if test="activityId != null">
				activity_id = #{activityId,jdbcType=BIGINT},
			</if>
			<if test="activityName != null">
				activity_name = #{activityName,jdbcType=VARCHAR},
			</if>
			<if test="customerName != null">
				customer_name = #{customerName,jdbcType=VARCHAR},
			</if>
			<if test="customerId != null">
				customer_id = #{customerId,jdbcType=BIGINT},
			</if>
			<if test="customerPhone != null">
				customer_phone = #{customerPhone,jdbcType=VARCHAR},
			</if>
			<if test="receiveWay != null">
				receive_way = #{receiveWay,jdbcType=VARCHAR},
			</if>
			<if test="couponCode != null">
				coupon_code = #{couponCode,jdbcType=VARCHAR},
			</if>
			<if test="send_status != null">
				send_status = #{send_status,jdbcType=INTEGER},
			</if>
			<if test="limit_price != null">
				limit_price = #{limit_price,jdbcType=INTEGER}
			</if>
		</set>
		where id = #{id,jdbcType=INTEGER}
	</update>


	<!-- 核销验证 -->
	<select id="selectWriteOff" parameterType="map" resultMap="BaseResultMap">
		select
		create_time, customer_name, customer_phone, receive_way,
		coupon_name, coupon_code,ifnull(face_value,0) as face_value,
		activity_id , id, customer_id, activity_name,limit_price
		from bm_coupon
		where coupon_code=#{couponCode} and is_used=0
	</select>

	<!--查询是否存在该优惠券 -->
	<select id="selectCoupon" parameterType="java.lang.String"
		resultMap="BaseResultMap">
		select
		create_time, customer_name, customer_phone,
		receive_way,
		coupon_name,
		coupon_code,
		activity_id , id, customer_id,
		activity_name,limit_price,is_used,expiry_date,ifNull(card_id,0) as
		card_id,
		ifnull(task_id,0) as taskId
		from bm_coupon
		where
		coupon_code=#{couponCode}
	</select>

	<!-- 根据顾客id获取最近一条参加的活动信息 -->
	<select id="lastcRecord" parameterType="map"
		resultType="cn.cecook.model.business.markting.BmCoupon">
		select * from bm_coupon where customer_id =
		#{customerId,jdbcType=BIGINT} order by create_time desc limit 1
	</select>

	<select id="queryCouponDetail" parameterType="map" resultMap="BaseResultMap">
		select
		coupon_code ,is_used,send_status,limit_price,is_used from
		bm_coupon
		where
		activity_id=#{activity_id} and
		customer_phone=#{customer_phone} and
		is_deleted=0
		<if test="activity_type!=null and activity_type!=''">
			and activity_type=#{activity_type}
		</if>
		limit 1;

	</select>

	<update id="updateCoupongStatus" parameterType="map">
		update bm_coupon
		<set>
			<if test="using_time != null">
				using_time = #{using_time},
			</if>
			<if test="status != null">
				status = #{using_time,jdbcType=BIGINT}
			</if>
		</set>
		where coupon_code=#{coupon_code,jdbcType=VARCHAR}
	</update>
	<!-- 统计优惠券领取数量 -->
	<select id="countActivityCoupon" resultType="java.lang.Integer"
		parameterType="java.lang.Long">
		select IFNULL(count(co.id),0) from
		bm_coupon
		co,bc_customer cu
		where co.customer_id=cu.id
		and
		co.activity_id=#{activity_id} and co.send_status=1 and activity_type=0
	</select>

	<select id="countActivityCoupon2" resultType="java.lang.Integer"
		parameterType="java.lang.Long">
		select IFNULL(count(co.id),0) from
		bm_coupon
		co,bc_customer cu
		where co.customer_id=cu.id
		and
		co.activity_id=#{activity_id} and co.send_status=1 and activity_type=1
	</select>
	<!-- 统计总的表单提交数 -->
	<select id="countTotalSubmit" resultType="java.lang.Integer"
		parameterType="java.lang.Long">
		select IFNULL(count(co.id),0) from
		bm_coupon
		co,bc_customer cu
		where co.customer_id=cu.id
		and
		co.activity_id=#{activity_id}
	</select>

	<!-- 统计不同渠道提交表单数 -->
	<select id="countSubmit" parameterType="java.lang.Long"
		resultType="map">
		select IFNULL(sum(receive_way='weibo'),0) as
		weibo_submit_num,IFNULL(sum(receive_way='weixin'),0) as
		weixin_submit_num,IFNULL(sum(receive_way='qq'),0) as qq_submit_num
		from bm_coupon
		where
		activity_id=#{activity_id,jdbcType=BIGINT} and
		activity_type=0
	</select>
	<select id="countSubmit2" parameterType="java.lang.Long"
		resultType="map">
		select IFNULL(sum(receive_way='weibo'),0) as
		weibo_submit_num,IFNULL(sum(receive_way='weixin'),0) as
		weixin_submit_num,IFNULL(sum(receive_way='qq'),0) as qq_submit_num
		from bm_coupon
		where
		activity_id=#{activity_id,jdbcType=BIGINT} and
		activity_type=1
	</select>

	<select id="getJoinActivityCustomerList" parameterType="map"
		resultType="map">
		select avatar,cu.id as customer_id,cu.name as
		customer_name,cu.phone,cu.email,cu.weibo,cu.wechat,co.receive_way
		from
		bm_coupon co,bc_customer cu
		where co.customer_id=cu.id
		and
		co.activity_id=#{activity_id} and cu.is_deleted=0 ORDER BY
		co.create_time DESC LIMIT
		#{startIndex},#{page_size}
	</select>
	<select id="countCustomerNum" parameterType="java.lang.Long"
		resultType="java.lang.Integer">
		select IFNULL(count(cu.id),0) from
		bm_coupon co,bc_customer
		cu
		where
		co.customer_id=cu.id
		and
		co.activity_id=#{activity_id}

	</select>


	<!-- 更新优惠券状态为0 -->
	<update id="updateStatus" parameterType="java.lang.Integer">
		update bm_coupon
		<set>
			is_used = 0
		</set>
		where id=#{id,jdbcType=VARCHAR}
	</update>
	<!-- 更新优惠券发送状态 -->
	<update id="updateSendStatus" parameterType="java.lang.String">
		update bm_coupon set
		send_status=1 where
		coupon_code=#{coupon_code,jdbcType=VARCHAR}

	</update>
	<!-- 更新优惠券状态为1 -->
	<update id="updateStus" parameterType="java.lang.String">
		update bm_coupon
		<set>
			is_used = 1,using_time = now()
		</set>
		where coupon_code=#{couponCode,jdbcType=VARCHAR}
	</update>
	<!--判断是否已核销 -->
	<select id="selectStatus" parameterType="java.lang.String"
		resultType="java.lang.Integer">
		select is_used
		from bm_coupon
		where
		coupon_code=#{couponCode,jdbcType=VARCHAR}
	</select>

	<!-- 查询来源 -->

	<select id="getSource" resultType="java.lang.String"
		parameterType="java.lang.Long">
		select receive_way from bm_coupon where id=#{id}
	</select>



	<!-- 查询优惠券剩余数量 -->
	<select id="residueCoupon" parameterType="java.lang.Long"
		resultType="java.lang.Integer">
		SELECT t4.couponNum-t4.receiveNum FROM
		(select
		t1.coupon_number as couponNum ,IFNULL(t3.receiveNum,0) AS receiveNum
		FROM bm_activity t1
		LEFT JOIN (SELECT t2.activity_id,IFNULL(COUNT(1),0)
		AS receiveNum from bm_coupon t2 WHERE t2.activity_type=0
		GROUP BY
		t2.activity_id) t3 on
		t3.activity_id=t1.id
		where t1.id=#{id}
		) t4
	</select>
	<!-- 查询智能营销活动剩余优惠券 -->
	<select id="residueCouponMarket" parameterType="java.lang.Long"
		resultType="java.lang.Integer">
		SELECT t4.couponNum-t4.receiveNum FROM
		(select
		t1.coupon_number as couponNum
		,IFNULL(t3.receiveNum,0) AS receiveNum
		FROM bm_market_activity t1
		LEFT
		JOIN (SELECT
		t2.activity_id,IFNULL(COUNT(1),0)
		AS receiveNum from
		bm_coupon t2 WHERE
		t2.activity_type=1
		GROUP BY t2.activity_id) t3 on
		t3.activity_id=t1.id
		where t1.id=#{id}
		) t4
	</select>

	<!-- 查询活动是否有优惠券 -->
	<select id="activityHaveCoupon" parameterType="java.lang.Long"
		resultType="java.lang.Integer">
		SELECT COUNT(1) from bm_coupon WHERE activity_id=#{id} AND
		is_deleted=0 AND
		is_used=0
	</select>

	<!-- 获取batch -->

	<select id="getBatch" parameterType="java.lang.Long" resultType="map">
		select IFNULL(t1.coupon_batch,0) AS coupon_batch,IFNULL(t1.sms_batch,0) AS sms_batch,t2.`status`,t1.couponId as coupon_model_id,ifnull(channel_type,0) as channel_type from bm_coupon
		t1,social_coupon t2 where t1.id=#{id} AND t1.couponId=t2.id

	</select>

	<!-- //用户没有登录的情况下查询优惠券是否使用 -->
	<select id="getCounponStatus" resultType="java.lang.Integer">
		select is_used
		from bm_coupon
		where
		id=#{couponId}
		<if test="tenantId!=null and tenantId!=''">
			cecook2017${tenantId}
		</if>
	</select>
	
	<select id="getCounponStatusByCouponCode" resultType="java.lang.Integer">
		select is_used
		from bm_coupon
		where
		coupon_code=#{couponCode}
		<if test="tenantId!=null and tenantId!=''">
			cecook2017${tenantId}
		</if>
	</select>
	
	<!-- //用户没有登录的情况下查询优惠券是否使用 -->
	<select id="queryDetailByIdAndTenantId" resultType="cn.cecook.model.business.markting.BmCoupon">
		select 
	    <include refid="Base_Column_List" />
		from bm_coupon
		where
		id=#{couponId}
		limit 1;
		<if test="tenantId!=null and tenantId!=''">
			cecook2017${tenantId}
		</if>
	</select>

	<select id="getTempCouponCode" resultType="map">
		select coupon_code,id
		from temp_coupon where is_deleted=0 and status=0 and third_id=#{thirdId} limit
		1;

	</select>


	<update id="updateTempCouponStatus" parameterType="java.lang.Integer">
		update
		temp_coupon set status=1 where id=#{id}

	</update>

	<select id="getTempRemainCounponNum" resultType="java.lang.Integer">
		select count(1) from temp_coupon where is_deleted=0 and status=0 and third_id=#{thirdId};
	</select>
	
	<select id="queryCouponListByPhone" parameterType="java.lang.String" resultType="map">
	    SELECT
			coupon_name,
			coupon_code,
			id,
			IFNULL(face_value, 0) AS price,
			IFNULL(limit_price, 0) AS limit_price
		FROM
			bm_coupon
		WHERE
			is_deleted = 0
		AND is_used = 0
		AND NOW()  &lt; expiry_date
		and customer_phone=${phone}
	</select>
	
	<select id="getCouponListByCustomerId" parameterType="java.lang.Integer" resultType="map">
		SELECT
			IFNULL(t1.coupon_code, "") AS coupon_code,
			IFNULL(t1.coupon_name, "") AS coupon_name,
			IFNULL(t1.limit_price, 0) AS limit_price,
			IFNULL(t1.face_value, 0) AS face_value,
			IFNULL(
				DATE_FORMAT(
					t1.create_time,
					'%Y.%m.%d'
				),
				""
			) AS create_time,
			IFNULL(
				DATE_FORMAT(
					t1.expiry_date,
					'%Y.%m.%d'
				),
				""
			) AS expiry_date,
			IFNULL(t1.type, 0) AS type,
			IFNULL(
				DATE_FORMAT(
					t2.start_time,
					'%Y.%m.%d'
				),
				""
			) AS start_time,
			IFNULL(
				DATE_FORMAT(t2.end_time, '%Y.%m.%d %T'),
				""
			) AS end_time,
			IFNULL(t2.period_time_week, "") AS period_time_week,
			IFNULL(t2.period_time_hour, "") AS period_time_hour,
			IFNULL(t2.validity_period_type,0) AS validityPeriodType,
			IFNULL(t2.use_rule,0) AS useRule,
			IFNULL(t2.use_describe,"") AS useDescribe
		FROM
			bm_coupon t1
		LEFT JOIN social_coupon t2 ON t1.couponId = t2.id
		WHERE
			t1.is_used = 0
			AND NOW()  &lt; t1.expiry_date
		AND t1.is_deleted = 0
		AND t1.customer_id = #{customerId}
		
	</select>
	
	
	<select id="selectActivityRevertListForDate" parameterType="java.lang.Long"
		resultType="map">
		select cu.name as customer_name,cu.phone,co.activity_name
		from
		bm_coupon co,bc_customer cu
		where co.customer_id=cu.id
		and DATE(co.create_time) = date_format(now(),'%Y-%m-%d')
		and
		co.card_id=#{card_id} and cu.is_deleted=0 ORDER BY
		co.create_time DESC
	</select>
	<select id="selectActivityRevertListForMonth" parameterType="java.lang.Long"
		resultType="map">
		select cu.name as customer_name,cu.phone,co.activity_name
		from
		bm_coupon co,bc_customer cu
		where co.customer_id=cu.id
		and DATE_FORMAT(co.create_time,'%Y-%m') = DATE_FORMAT(NOW(),'%Y-%m')
		and
		co.card_id=#{card_id} and cu.is_deleted=0 ORDER BY
		co.create_time DESC
	</select>
	<select id="selectActivityRevertListForYear" parameterType="java.lang.Long"
		resultType="map">
		select cu.name as customer_name,cu.phone,co.activity_name
		from
		bm_coupon co,bc_customer cu
		where co.customer_id=cu.id
		and DATE_FORMAT(co.create_time,'%Y') = DATE_FORMAT(now(),'%Y')
		and
		co.card_id=#{card_id} and cu.is_deleted=0 ORDER BY
		co.create_time DESC
	</select>
	
	<select id="selectCouponV2" parameterType="java.lang.String" resultType="map">
		SELECT
			t2.name as couponName,
			t1.is_used,
			t2.type,
			t1.coupon_code AS couponCode,
			t1.face_value,
			IFNULL(t2.limit_price,0) AS limit_price,
			IFNULL(
				DATE_FORMAT(
					t1.expiry_date,
					'%Y-%m-%d'
				),
				""
			) AS expireTime,
			IFNULL(
				DATE_FORMAT(
					t1.create_time,
					'%Y-%m-%d'
				),
				""
			) AS createTime,
			t2.validity_period_type AS validityPeriodType,
			t2.use_time_type AS useTimeType,
			IFNULL(t2.period_time_week, "") AS periodTimeWeek,
			IFNULL(t2.period_time_hour, "") AS periodTimeHour,
			
			IFNULL(
				DATE_FORMAT(
					t2.start_time,
					'%Y-%m-%d'
				),
				""
			) AS startTime,
			IFNULL(
				DATE_FORMAT(
					t2.end_time,
					'%Y-%m-%d'
				),
				""
			) AS endTime,
			
			
			t1.customer_id,
			t1.id AS couponId,
			t1.activity_id AS activityId,
            t1.activity_name AS activityName,
            t1.couponId AS socialCouponId,
            IFNULL(t2.use_describe,"") AS useDescribe
		FROM
			bm_coupon t1
		LEFT JOIN social_coupon t2 ON t2.id = t1.couponId
		WHERE
			t1.coupon_code = #{couponCode}
		AND t1.is_deleted = 0;
	</select>
	
	<select id="selectCouponByApp" parameterType="java.lang.String" resultType="map">
		SELECT
			t2.name as couponName,
			t1.is_used as isUsed,
			t1.coupon_code AS couponCode,
			t1.face_value AS faceValue,
			IFNULL(t2.limit_price,0) AS limitPrice,
			IFNULL(
				DATE_FORMAT(
					t1.expiry_date,
					'%Y-%m-%d %T'
				),
				""
			) AS expiryDate,
			IFNULL(
				DATE_FORMAT(
					t1.create_time,
					'%Y-%m-%d %T'
				),
				""
			) AS createTime,
			IFNULL(t2.period_time_week, "") AS periodTimeWeek,
			IFNULL(t2.period_time_hour, "") AS periodTimeHour,
			
			IFNULL(
				DATE_FORMAT(
					t2.start_time,
					'%Y-%m-%d %T'
				),
				""
			) AS startTime,
			IFNULL(
				DATE_FORMAT(
					t2.end_time,
					'%Y-%m-%d %T'
				),
				""
			) AS endTime,
			
			
			t1.customer_id as customerId,
			t1.id AS couponId,
			t1.activity_id AS activityId,
            t1.activity_name AS activityName,
            IFNULL(t2.use_describe,"") AS useDescribe
		FROM
			bm_coupon t1
		LEFT JOIN social_coupon t2 ON t2.id = t1.couponId
		WHERE
			t1.coupon_code = #{couponCode}
		AND t1.is_deleted = 0;
	</select>
	
	<insert id="insetByBatch" parameterType="map">
		insert into bm_coupon
		(uuid, tenant_id,
		coupon_name,activity_id,coupon_code,customer_phone,activity_type,customer_id,receive_way,couponId,limit_price,coupon_batch,expiry_date,face_value,task_id,coupon_model_type)
		values
		<foreach collection="list" item="item" index="index"
			separator=",">
			(
			#{item.uuid}, #{item.tenantId},
			#{item.couponName},
			#{item.activityId},
			#{item.couponCode},
			#{item.customerPhone},
			#{item.activity_type},
			#{item.customerId},
			#{item.receiveWay},
			#{item.couponId},
			#{item.limit_price},
			#{item.coupon_batch},
			#{item.expiryDate},
			#{item.faceValue},
			#{item.taskId},
			#{item.couponModelType}
			)
		</foreach>
		<if test="tenantId!=null and tenantId!=''">
		   cecook2017${tenantId}
		</if>
	</insert>
	
	<select id="countNumByUsed" resultType="java.lang.Integer">
	   select count(id) from bm_coupon where is_used=1 and is_deleted=0 and customer_id=${customerId};
	</select>
	
	<select id="countNumByUnValid" resultType="java.lang.Integer">
	   select count(id) from bm_coupon where is_used=0 and is_deleted=0 AND NOW()  &gt; expiry_date and customer_id=${customerId};
	</select>
	
	<select id="countNumByValid" resultType="java.lang.Integer">
	   select count(id) from bm_coupon where is_used=0 and is_deleted=0 AND NOW()  &lt; expiry_date and customer_id=${customerId};
	</select>
	
	<select id="getValidCouponListByCustomerId" resultType="map">
	   SELECT
			IFNULL(t2.name,"") as couponName,
			IFNULL(t2.type,0) AS type,
			t1.coupon_code AS couponCode,
			IFNULL(t1.face_value,0) AS faceValue,
			IFNULL(t2.limit_price,0) AS limitPrice,
			IFNULL(
				DATE_FORMAT(
					t1.expiry_date,
					'%Y-%m-%d'
				),
				""
			) AS expireTime,
			t2.validity_period_type AS validityPeriodType,
			t2.use_time_type AS useTimeType,
			IFNULL(t2.period_time_week, "") AS periodTimeWeek,
			IFNULL(t2.period_time_hour, "") AS periodTimeHour,
			IFNULL(
				DATE_FORMAT(
					t1.create_time,
					'%Y-%m-%d'
				),
				""
			) AS createTime,
			IFNULL(
				DATE_FORMAT(
					t2.start_time,
					'%Y-%m-%d'
				),
				""
			) AS startTime,
			IFNULL(
				DATE_FORMAT(
					t2.end_time,
					'%Y-%m-%d'
				),
				""
			) AS endTime,
			t1.id AS couponId,
            t1.activity_name AS activityName,
            t1.couponId AS socialCouponId
		FROM
			bm_coupon t1
		LEFT JOIN social_coupon t2 ON t2.id = t1.couponId
		WHERE
		    t1.is_deleted = 0 and is_used=0 and t1.customer_id=#{customerId}
	    AND NOW()  &lt; t1.expiry_date;
	</select>
	
	
	<select id="getUnValidCouponListByCustomerId" resultType="map">
	   SELECT
			IFNULL(t2.name,"") as couponName,
			IFNULL(t2.type,0) AS type,
			t1.coupon_code AS couponCode,
            IFNULL(t1.face_value,0) AS faceValue,
			IFNULL(t2.limit_price,0) AS limitPrice,
			IFNULL(
				DATE_FORMAT(
					t1.create_time,
					'%Y-%m-%d'
				),
				""
			) AS createTime,
			IFNULL(
				DATE_FORMAT(
					t1.expiry_date,
					'%Y-%m-%d'
				),
				""
			) AS expireTime,
			t2.validity_period_type AS validityPeriodType,
			t2.use_time_type AS useTimeType,
			IFNULL(t2.period_time_week, "") AS periodTimeWeek,
			IFNULL(t2.period_time_hour, "") AS periodTimeHour,
			
			IFNULL(
				DATE_FORMAT(
					t2.start_time,
					'%Y-%m-%d'
				),
				""
			) AS startTime,
			IFNULL(
				DATE_FORMAT(
					t2.end_time,
					'%Y-%m-%d'
				),
				""
			) AS endTime,
			t1.id AS couponId,
            t1.activity_name AS activityName,
            t1.couponId AS socialCouponId
		FROM
			bm_coupon t1
		LEFT JOIN social_coupon t2 ON t2.id = t1.couponId
		WHERE
		    t1.is_deleted = 0 and is_used=0 and t1.customer_id=#{customerId}
	    AND NOW()  &gt; t1.expiry_date;
	</select>
	
	<select id="getUsedCouponListByCustomerId" resultType="map">
	   SELECT
			IFNULL(t2.name,"") as couponName,
			IFNULL(t2.type,0) AS type,
			t1.coupon_code AS couponCode,
			IFNULL(t1.face_value,0) AS faceValue,
			IFNULL(t2.limit_price,0) AS limitPrice,
			IFNULL(
				DATE_FORMAT(
					t1.create_time,
					'%Y-%m-%d'
				),
				""
			) AS createTime,
			IFNULL(
				DATE_FORMAT(
					t1.expiry_date,
					'%Y-%m-%d'
				),
				""
			) AS expireTime,
			t2.validity_period_type AS validityPeriodType,
			t2.use_time_type AS useTimeType,
			IFNULL(t2.period_time_week, "") AS periodTimeWeek,
			IFNULL(t2.period_time_hour, "") AS periodTimeHour,
			
			IFNULL(
				DATE_FORMAT(
					t2.start_time,
					'%Y-%m-%d'
				),
				""
			) AS startTime,
			IFNULL(
				DATE_FORMAT(
					t2.end_time,
					'%Y-%m-%d'
				),
				""
			) AS endTime,
			t1.id AS couponId,
			t1.activity_id AS activityId,
            t1.activity_name AS activityName,
            t1.couponId AS socialCouponId
		FROM
			bm_coupon t1
		LEFT JOIN social_coupon t2 ON t2.id = t1.couponId 
		WHERE
		    t1.is_deleted = 0 and is_used=1 and t1.customer_id=#{customerId}
	</select>
	
	
	<select id="countActivityCouponNumByThirdPartyModelId" resultType="map">
		select count(id) as couponNum,activity_name as channelName,"活动" AS channelType
		from bm_coupon 
		where is_deleted=0 and coupon_model_type=1 and couponId=#{modelId} and activity_id!=0 AND coupon_batch=0
		group by activity_id
	</select>
	<select id="countCouponBatchNumByThirdPartyModelId" resultType="map">
		SELECT
			count(t1.id) AS couponNum,
			t2. NAME AS channelName,
			"注券" AS channelType
		FROM
			bm_coupon t1
		LEFT JOIN social_coupon_batch t2 ON t2.id = (t1.coupon_batch - 10000) 
		where t1.is_deleted=0 and t1.coupon_model_type=1 and couponId=#{modelId}
		and coupon_batch != 0 and task_id = 0
		group by coupon_batch
	</select>
	
	<select id="countTaskCouponNumByThirdPartyModelId" resultType="map">
		SELECT
			COUNT(t1.id) AS couponNum,
			"自动化营销" AS channelType,
			t3.`name` AS channelName
		FROM
			bm_coupon t1,
			auto_market_template_task t2,
			auto_market_template t3
		WHERE
			t1.task_id = t2.id
		AND t2.template_id = t3.id
		AND t1.is_deleted = 0
		and t1.couponId=#{modelId}
		and coupon_model_type=1
		GROUP BY
			t3.id;
	</select>
	
	
	
	
</mapper>