<?xml version="1.0" encoding="UTF-8" ?>
<!DOCTYPE mapper PUBLIC "-//mybatis.org//DTD Mapper 3.0//EN" "http://mybatis.org/dtd/mybatis-3-mapper.dtd" >
<mapper namespace="cn.cecook.dao.business.markting.BmCompanyBrowseMapper" >
  <resultMap id="BaseResultMap" type="cn.cecook.model.business.markting.BmCompanyBrowse" >
    <id column="id" property="id" jdbcType="BIGINT" />
    <result column="uuid" property="uuid" jdbcType="VARCHAR" />
    <result column="tenant_id" property="tenantId" jdbcType="VARCHAR" />
    <result column="create_time" property="createTime" jdbcType="TIMESTAMP" />
    <result column="is_deleted" property="isDeleted" jdbcType="INTEGER" />
    <result column="browse_ip" property="browseIp" jdbcType="VARCHAR" />
    <result column="open_way" property="openWay" jdbcType="VARCHAR" />
    <result column="card_id" property="cardId" jdbcType="BIGINT" />
    <result column="bak1" property="bak1" jdbcType="VARCHAR" />
    <result column="bak2" property="bak2" jdbcType="VARCHAR" />
    <result column="bak3" property="bak3" jdbcType="VARCHAR" />
    <result column="bak4" property="bak4" jdbcType="VARCHAR" />
    <result column="bak5" property="bak5" jdbcType="INTEGER" />
    <result column="open_id" property="open_id" jdbcType="VARCHAR" />
  </resultMap>
  
  <sql id="Base_Column_List" >
    id, uuid, tenant_id, create_time, is_deleted, browse_ip, open_way, card_id, bak1, 
    bak2, bak3, bak4, bak5,open_id
  </sql>
 
  <select id="selectByPrimaryKey" resultMap="BaseResultMap" parameterType="java.lang.Long" >
    select 
    <include refid="Base_Column_List" />
    from bm_company_browse
    where id = #{id,jdbcType=BIGINT}
  </select>
  
  <insert id="insertSelective" parameterType="cn.cecook.model.business.markting.BmCompanyBrowse" >
    insert into bm_company_browse
    <trim prefix="(" suffix=")" suffixOverrides="," >
      <if test="id != null" >
        id,
      </if>
      <if test="uuid != null" >
        uuid,
      </if>
      <if test="tenantId != null" >
        tenant_id,
      </if>
      <if test="createTime != null" >
        create_time,
      </if>
      <if test="isDeleted != null" >
        is_deleted,
      </if>
      <if test="browseIp != null" >
        browse_ip,
      </if>
      <if test="openWay != null" >
        open_way,
      </if>
      <if test="cardId != null" >
        card_id,
      </if>
      <if test="bak1 != null" >
        bak1,
      </if>
      <if test="bak2 != null" >
        bak2,
      </if>
      <if test="bak3 != null" >
        bak3,
      </if>
      <if test="bak4 != null" >
        bak4,
      </if>
      <if test="bak5 != null" >
        bak5,
      </if>
      <if test="open_id != null" >
        open_id,
      </if>
    </trim>
    <trim prefix="values (" suffix=")" suffixOverrides="," >
      <if test="id != null" >
        #{id,jdbcType=BIGINT},
      </if>
      <if test="uuid != null" >
        #{uuid,jdbcType=VARCHAR},
      </if>
      <if test="tenantId != null" >
        #{tenantId,jdbcType=VARCHAR},
      </if>
      <if test="createTime != null" >
        #{createTime,jdbcType=TIMESTAMP},
      </if>
      <if test="isDeleted != null" >
        #{isDeleted,jdbcType=INTEGER},
      </if>
      <if test="browseIp != null" >
        #{browseIp,jdbcType=VARCHAR},
      </if>
      <if test="openWay != null" >
        #{openWay,jdbcType=VARCHAR},
      </if>
      <if test="cardId != null" >
        #{cardId,jdbcType=BIGINT},
      </if>
      <if test="bak1 != null" >
        #{bak1,jdbcType=VARCHAR},
      </if>
      <if test="bak2 != null" >
        #{bak2,jdbcType=VARCHAR},
      </if>
      <if test="bak3 != null" >
        #{bak3,jdbcType=VARCHAR},
      </if>
      <if test="bak4 != null" >
        #{bak4,jdbcType=VARCHAR},
      </if>
      <if test="bak5 != null" >
        #{bak5,jdbcType=INTEGER},
      </if>
      <if test="open_id != null" >
        #{open_id,jdbcType=VARCHAR},
      </if>
    </trim>
  </insert>
 
  
  
  
  
</mapper>