<?xml version="1.0" encoding="UTF-8" ?>
<!DOCTYPE mapper PUBLIC "-//mybatis.org//DTD Mapper 3.0//EN" "http://mybatis.org/dtd/mybatis-3-mapper.dtd" >
<mapper namespace="cn.cecook.dao.business.markting.BmCompanyCardMapper">
	<resultMap id="BaseResultMap" type="cn.cecook.model.business.markting.BmCompanyCard">
		<id column="id" property="id" jdbcType="BIGINT" />
		<result column="uuid" property="uuid" jdbcType="VARCHAR" />
		<result column="tenant_id" property="tenantId" jdbcType="VARCHAR" />
		<result column="is_deleted" property="isDeleted" jdbcType="INTEGER" />
		<result column="create_id" property="createId" jdbcType="BIGINT" />
		<result column="create_time" property="createTime" jdbcType="TIMESTAMP" />
		<result column="order_code" property="orderCode" jdbcType="VARCHAR" />
		<result column="delete_time" property="deleteTime" jdbcType="TIMESTAMP" />
		<result column="remarks" property="remarks" jdbcType="VARCHAR" />
		<result column="attachment" property="attachment" jdbcType="VARCHAR" />
		<result column="bak1" property="bak1" jdbcType="VARCHAR" />
		<result column="bak2" property="bak2" jdbcType="VARCHAR" />
		<result column="bak3" property="bak3" jdbcType="VARCHAR" />
		<result column="bak4" property="bak4" jdbcType="VARCHAR" />
		<result column="bak5" property="bak5" jdbcType="VARCHAR" />
		<result column="company_name" property="companyName" jdbcType="VARCHAR" />
		<result column="head_picture" property="headPicture" jdbcType="VARCHAR" />
		<result column="name" property="name" jdbcType="VARCHAR" />
		<result column="job" property="job" jdbcType="VARCHAR" />
		<result column="mobile" property="mobile" jdbcType="VARCHAR" />
		<result column="zuo_mobile" property="zuoMobile" jdbcType="VARCHAR" />
		<result column="mail" property="mail" jdbcType="VARCHAR" />
		<result column="weixin" property="weixin" jdbcType="VARCHAR" />
		<result column="weibo" property="weibo" jdbcType="VARCHAR" />
		<result column="qq" property="qq" jdbcType="VARCHAR" />
		<result column="userDefined" property="userdefined" jdbcType="VARCHAR" />
		<result column="er_code" property="erCode" jdbcType="VARCHAR" />
		<result column="er_code" property="erCode" jdbcType="VARCHAR" />
		<result column="md_store" property="mdStore" jdbcType="VARCHAR" />
		<result column="url" property="url" jdbcType="VARCHAR" />
		<result column="user_id" property="userId" jdbcType="INTEGER" />
	</resultMap>
	
	<resultMap id="openTopTenMap" type="cn.cecook.model.business.markting.BmOpenTopTen">
		<result column="name" property="name" jdbcType="VARCHAR"/>
		<result column="browse_num" property="browseNum" jdbcType="BIGINT"/>
		<result column="rownum" property="rownum" jdbcType="BIGINT"/>
	</resultMap>
	
	<resultMap id="converTopTenMap" type="cn.cecook.model.business.markting.BmConverTopTen">
		<result column="name" property="name" jdbcType="VARCHAR"/>
		<result column="conver_num" property="converNum" jdbcType="BIGINT"/>
		<result column="rownum" property="rownum" jdbcType="BIGINT"/>
	</resultMap>
	
	<sql id="Base_Column_List">
		id, uuid, tenant_id, is_deleted, create_id, create_time,
		order_code,
		delete_time,
		remarks, attachment, bak1, bak2, bak3, bak4,
		bak5, company_name, head_picture,
		name,
		job, mobile, zuo_mobile, mail,
		weixin, weibo, qq, userDefined, er_code,
		md_store,url,user_id
	</sql>

	<!--根据企业名片id查询数据 -->
	<select id="selectByPrimaryKey" resultMap="BaseResultMap"
		parameterType="java.lang.Long">
		select
		<include refid="Base_Column_List" />
		from bm_company_card
		where id = #{id,jdbcType=BIGINT}
	</select>
	<!--根据用户id查询数据 -->
	<select id="selectByUserId" resultMap="BaseResultMap"
		parameterType="java.lang.Long">
		select
		<include refid="Base_Column_List" />
		from bm_company_card
		where user_id = #{id,jdbcType=BIGINT}
		and is_deleted=0
	</select>

	<delete id="deleteByPrimaryKey" parameterType="java.lang.Long">
		delete from
		bm_company_card
		where id = #{id,jdbcType=BIGINT}
	</delete>
	<insert id="insert" parameterType="cn.cecook.model.business.markting.BmCompanyCard">
		insert into bm_company_card
		(id, uuid, tenant_id,
		is_deleted, create_id, create_time,
		order_code,
		delete_time, remarks,
		attachment, bak1, bak2,
		bak3, bak4, bak5,
		company_name,
		head_picture, name, job,
		mobile, zuo_mobile, mail,
		weixin,
		weibo, qq,
		userDefined, er_code, user_id)
		values (#{id,jdbcType=BIGINT},
		#{uuid,jdbcType=VARCHAR},
		#{tenantId,jdbcType=VARCHAR},
		#{isDeleted,jdbcType=INTEGER}, #{createId,jdbcType=BIGINT},
		#{createTime,jdbcType=TIMESTAMP},
		#{orderCode,jdbcType=VARCHAR},
		#{deleteTime,jdbcType=TIMESTAMP},
		#{remarks,jdbcType=VARCHAR},
		#{attachment,jdbcType=VARCHAR}, #{bak1,jdbcType=VARCHAR},
		#{bak2,jdbcType=VARCHAR},
		#{bak3,jdbcType=VARCHAR},
		#{bak4,jdbcType=VARCHAR},
		#{bak5,jdbcType=VARCHAR},
		#{companyName,jdbcType=VARCHAR},
		#{headPicture,jdbcType=VARCHAR},
		#{name,jdbcType=VARCHAR},
		#{job,jdbcType=VARCHAR},
		#{mobile,jdbcType=VARCHAR},
		#{zuoMobile,jdbcType=VARCHAR},
		#{mail,jdbcType=VARCHAR},
		#{weixin,jdbcType=VARCHAR},
		#{weibo,jdbcType=VARCHAR},
		#{qq,jdbcType=VARCHAR},
		#{userdefined,jdbcType=VARCHAR},
		#{erCode,jdbcType=VARCHAR},
		#{userId,jdbcType=INTEGER})
	</insert>
	<insert id="insertSelective" useGeneratedKeys="true"
		keyProperty="id" parameterType="cn.cecook.model.business.markting.BmCompanyCard">
		insert into bm_company_card
		<trim prefix="(" suffix=")" suffixOverrides=",">
			<if test="id != null">
				id,
			</if>
			<if test="uuid != null">
				uuid,
			</if>
			<if test="tenantId != null">
				tenant_id,
			</if>
			<if test="isDeleted != null">
				is_deleted,
			</if>
			<if test="createId != null">
				create_id,
			</if>
			<if test="createTime != null">
				create_time,
			</if>
			<if test="orderCode != null">
				order_code,
			</if>
			<if test="deleteTime != null">
				delete_time,
			</if>
			<if test="remarks != null">
				remarks,
			</if>
			<if test="attachment != null">
				attachment,
			</if>
			<if test="bak1 != null">
				bak1,
			</if>
			<if test="bak2 != null">
				bak2,
			</if>
			<if test="bak3 != null">
				bak3,
			</if>
			<if test="bak4 != null">
				bak4,
			</if>
			<if test="bak5 != null">
				bak5,
			</if>
			<if test="companyName != null">
				company_name,
			</if>
			<if test="headPicture != null">
				head_picture,
			</if>
			<if test="name != null">
				name,
			</if>
			<if test="job != null">
				job,
			</if>
			<if test="mobile != null">
				mobile,
			</if>
			<if test="zuoMobile != null">
				zuo_mobile,
			</if>
			<if test="mail != null">
				mail,
			</if>
			<if test="weixin != null">
				weixin,
			</if>
			<if test="weibo != null">
				weibo,
			</if>
			<if test="qq != null">
				qq,
			</if>
			<if test="userdefined != null">
				userDefined,
			</if>
			<if test="erCode != null">
				er_code,
			</if>
			<if test="mdStore != null">
				md_store,
			</if>
			<if test="url != null">
				url,
			</if>
			<if test="userId != null">
				user_id,
			</if>
		</trim>
		<trim prefix="values (" suffix=")" suffixOverrides=",">
			<if test="id != null">
				#{id,jdbcType=BIGINT},
			</if>
			<if test="uuid != null">
				#{uuid,jdbcType=VARCHAR},
			</if>
			<if test="tenantId != null">
				#{tenantId,jdbcType=VARCHAR},
			</if>
			<if test="isDeleted != null">
				#{isDeleted,jdbcType=INTEGER},
			</if>
			<if test="createId != null">
				#{createId,jdbcType=BIGINT},
			</if>
			<if test="createTime != null">
				#{createTime,jdbcType=TIMESTAMP},
			</if>
			<if test="orderCode != null">
				#{orderCode,jdbcType=VARCHAR},
			</if>
			<if test="deleteTime != null">
				#{deleteTime,jdbcType=TIMESTAMP},
			</if>
			<if test="remarks != null">
				#{remarks,jdbcType=VARCHAR},
			</if>
			<if test="attachment != null">
				#{attachment,jdbcType=VARCHAR},
			</if>
			<if test="bak1 != null">
				#{bak1,jdbcType=VARCHAR},
			</if>
			<if test="bak2 != null">
				#{bak2,jdbcType=VARCHAR},
			</if>
			<if test="bak3 != null">
				#{bak3,jdbcType=VARCHAR},
			</if>
			<if test="bak4 != null">
				#{bak4,jdbcType=VARCHAR},
			</if>
			<if test="bak5 != null">
				#{bak5,jdbcType=VARCHAR},
			</if>
			<if test="companyName != null">
				#{companyName,jdbcType=VARCHAR},
			</if>
			<if test="headPicture != null">
				#{headPicture,jdbcType=VARCHAR},
			</if>
			<if test="name != null">
				#{name,jdbcType=VARCHAR},
			</if>
			<if test="job != null">
				#{job,jdbcType=VARCHAR},
			</if>
			<if test="mobile != null">
				#{mobile,jdbcType=VARCHAR},
			</if>
			<if test="zuoMobile != null">
				#{zuoMobile,jdbcType=VARCHAR},
			</if>
			<if test="mail != null">
				#{mail,jdbcType=VARCHAR},
			</if>
			<if test="weixin != null">
				#{weixin,jdbcType=VARCHAR},
			</if>
			<if test="weibo != null">
				#{weibo,jdbcType=VARCHAR},
			</if>
			<if test="qq != null">
				#{qq,jdbcType=VARCHAR},
			</if>
			<if test="userdefined != null">
				#{userdefined,jdbcType=VARCHAR},
			</if>
			<if test="erCode != null">
				#{erCode,jdbcType=VARCHAR},
			</if>
			<if test="mdStore != null">
				#{mdStore,jdbcType=VARCHAR},
			</if>
			<if test="url != null">
				#{url,jdbcType=VARCHAR},
			</if>
			<if test="userId != null">
				#{userId,jdbcType=INTEGER},
			</if>
		</trim>
	</insert>
	<update id="updateByPrimaryKeySelective" parameterType="cn.cecook.model.business.markting.BmCompanyCard">
		update bm_company_card
		<set>
			<if test="uuid != null">
				uuid = #{uuid,jdbcType=VARCHAR},
			</if>
			<if test="tenantId != null">
				tenant_id = #{tenantId,jdbcType=VARCHAR},
			</if>
			<if test="isDeleted != null">
				is_deleted = #{isDeleted,jdbcType=INTEGER},
			</if>
			<if test="createId != null">
				create_id = #{createId,jdbcType=BIGINT},
			</if>
			<if test="createTime != null">
				create_time = #{createTime,jdbcType=TIMESTAMP},
			</if>
			<if test="orderCode != null">
				order_code = #{orderCode,jdbcType=VARCHAR},
			</if>
			<if test="deleteTime != null">
				delete_time = #{deleteTime,jdbcType=TIMESTAMP},
			</if>
			<if test="remarks != null">
				remarks = #{remarks,jdbcType=VARCHAR},
			</if>
			<if test="attachment != null">
				attachment = #{attachment,jdbcType=VARCHAR},
			</if>
			<if test="bak1 != null">
				bak1 = #{bak1,jdbcType=VARCHAR},
			</if>
			<if test="bak2 != null">
				bak2 = #{bak2,jdbcType=VARCHAR},
			</if>
			<if test="bak3 != null">
				bak3 = #{bak3,jdbcType=VARCHAR},
			</if>
			<if test="bak4 != null">
				bak4 = #{bak4,jdbcType=VARCHAR},
			</if>
			<if test="bak5 != null">
				bak5 = #{bak5,jdbcType=VARCHAR},
			</if>
			<if test="companyName != null">
				company_name = #{companyName,jdbcType=VARCHAR},
			</if>
			<if test="headPicture != null">
				head_picture = #{headPicture,jdbcType=VARCHAR},
			</if>
			<if test="name != null">
				name = #{name,jdbcType=VARCHAR},
			</if>
			<if test="job != null">
				job = #{job,jdbcType=VARCHAR},
			</if>
			<if test="mobile != null">
				mobile = #{mobile,jdbcType=VARCHAR},
			</if>
			<if test="zuoMobile != null">
				zuo_mobile = #{zuoMobile,jdbcType=VARCHAR},
			</if>
			<if test="mail != null">
				mail = #{mail,jdbcType=VARCHAR},
			</if>
			<if test="weixin != null">
				weixin = #{weixin,jdbcType=VARCHAR},
			</if>
			<if test="weibo != null">
				weibo = #{weibo,jdbcType=VARCHAR},
			</if>
			<if test="qq != null">
				qq = #{qq,jdbcType=VARCHAR},
			</if>
			<if test="userdefined != null">
				userDefined = #{userdefined,jdbcType=VARCHAR},
			</if>
			<if test="erCode != null">
				er_code = #{erCode,jdbcType=VARCHAR},
			</if>
			<if test="mdStore != null">
				md_store = #{mdStore,jdbcType=VARCHAR},
			</if>
			<if test="url != null">
				url = #{url,jdbcType=VARCHAR},
			</if>
			<if test="userId != null">
				user_id = #{userId,jdbcType=INTEGER},
			</if>
		</set>
		where id = #{id,jdbcType=BIGINT}
	</update>

	<update id="deleteCard" parameterType="java.lang.Long">
		update bm_company_card set
		is_deleted=1 where id=#{card_id}

	</update>


	<select id="queryCardList" parameterType="map" resultType="map">
		SELECT a.id
		card_id,a.remarks as
		shareFlag,a.uuid,a.tenant_id,a.create_time,a.company_name,a.head_picture,a.`name`,a.job,a.mobile,a.zuo_mobile,a.mail
		,a.md_store ,a.userDefined motto,IFNULL(b.browse_num,0) AS
		browse_num,a.url,a.user_id AS userid
		from bm_company_card a
		LEFT JOIN (SELECT c.card_id as
		id,count(id) as browse_num from
		bm_company_browse c GROUP BY
		c.card_id) b ON
		a.id=b.id
		where a.is_deleted=0
		<if test="status!=null">
			and status=#{status}

		</if>
		<if test="keyWord!=null">
			and name like CONCAT('%',#{keyWord,jdbcType=VARCHAR},'%')
			or
			company_name like CONCAT('%',#{keyWord,jdbcType=VARCHAR},'%')
		</if>
		ORDER BY a.id desc
		Limit #{startIndex},#{pageSize}
	</select>


	<select id="countNum" parameterType="map" resultType="java.lang.Integer">
		SELECT IFNULL(COUNT(a.id),0) from bm_company_card a
		where
		a.is_deleted=0
		<if test="status!=null">
			and status=#{status}
		</if>
		<if test="keyWord!=null and keyWord!=''">
			and name like CONCAT('%',#{keyWord,jdbcType=VARCHAR},'%')
			or
			company_name like CONCAT('%',#{keyWord,jdbcType=VARCHAR},'%')
			or
			id =#{keyWord}
		</if>
	</select>
	<!-- 创建名片时查询是否有相同名字 -->
	<select id="queryName" parameterType="java.lang.String"
		resultType="java.lang.String">
		select company_name from bm_company_card where
		company_name=#{companyName,jdbcType=VARCHAR} and
		is_deleted=0
	</select>
	<!-- 重新编辑名片时查询是否有相同名字 -->
	<select id="queryNamebian" parameterType="map" resultType="java.lang.String">
		select company_name from bm_company_card where
		company_name=#{company_name,jdbcType=VARCHAR} and
		is_deleted=0 and
		id!=#{id,jdbcType=BIGINT}
	</select>

	<update id="setShardCard" parameterType="java.lang.Long">
		update bm_company_card
		set remarks=0;
		UPDATE bm_company_card set remarks=1 where
		id=#{card_id};
	</update>

	<select id="getShareCardId" resultType="java.lang.Long">
		select id from bm_company_card where remarks="1" limit 1;

	</select>
	
	<select id="statisticsByWeChat" parameterType="map" resultType="map">
		SELECT
		t1.id AS card_id,
		t1.`name`,
		IFNULL(t2.browse_num, 0) AS browseNum,
		IFNULL(t3.transmitNum, 0) AS transmitNum,
		IFNULL(t4.activityClickNum, 0) AS activityClickNum,
		IFNULL(t5.receiveNum, 0) AS receiveNum,
		IFNULL(t6.converNum, 0) AS converNum
		FROM
			bm_company_card t1
		LEFT JOIN (
			SELECT
				c.card_id AS id,
				count(DISTINCT c.open_id) AS browse_num
			FROM
				bm_company_browse c
			WHERE
				open_way = 'weixin'
			GROUP BY
				c.card_id
		) t2 ON t1.id = t2.id
		LEFT JOIN (
			SELECT
				card_id AS id,
				COUNT(DISTINCT open_id) AS transmitNum
			FROM
				bm_card_transmit
			GROUP BY
				card_id
		) t3 ON t3.id = t1.id
		LEFT JOIN (
			SELECT
				card_id AS id,
				COUNT(id) AS activityClickNum
			FROM
				bm_activity_browse
			GROUP BY
				card_id
		) t4 ON t4.id = t1.id
		LEFT JOIN (
			SELECT
				card_id AS id,
				COUNT(id) AS receiveNum
			FROM
				bm_coupon
			WHERE
				is_deleted = 0
			GROUP BY
				card_id
		) t5 ON t5.id = t1.id
		LEFT JOIN (
			SELECT
				card_id AS id,
				COUNT(id) AS converNum
			FROM
				bm_write_off
			WHERE
				is_deleted = 0
			GROUP BY
				card_id
		) t6 ON t6.id = t1.id
		where t1.is_deleted=0
		
		<if test="keyWord!=null and keyWord!=''">
		  and (t1.id =#{keyWord}
			or
			name like CONCAT('%',#{keyWord,jdbcType=VARCHAR},'%'))
		</if>
		<if test="orderBy!=null and orderBy!=''">
		  order by ${orderBy}
		</if>
		limit #{startIndex},#{pageSize}
	</select>
    <select id="statisticsByOther" parameterType="map" resultType="map">
		SELECT
		t1.id AS card_id,
		t1.`name`,
		IFNULL(t2.browse_num, 0) AS disBrowseNum,
		IFNULL(t2.pv, 0) AS browseNum,
		IFNULL(t3.transmitNum, 0) AS transmitNum,
		IFNULL(t4.activityClickNum, 0) AS activityClickNum,
		IFNULL(t5.receiveNum, 0) AS receiveNum,
		IFNULL(t6.converNum, 0) AS converNum
		FROM
			bm_company_card t1
		LEFT JOIN (
			SELECT
				c.card_id AS id,
				count(DISTINCT c.open_id) AS browse_num,
				COUNT(id) AS pv
			FROM
				bm_company_browse c
			WHERE
				open_way != 'weixin'
			GROUP BY
				c.card_id
		) t2 ON t1.id = t2.id
		LEFT JOIN (
			SELECT
				card_id AS id,
				COUNT(DISTINCT open_id) AS transmitNum
			FROM
				bm_card_transmit
			GROUP BY
				card_id
		) t3 ON t3.id = t1.id
		LEFT JOIN (
			SELECT
				card_id AS id,
				COUNT(id) AS activityClickNum
			FROM
				bm_activity_browse
			GROUP BY
				card_id
		) t4 ON t4.id = t1.id
		LEFT JOIN (
			SELECT
				card_id AS id,
				COUNT(id) AS receiveNum
			FROM
				bm_coupon
			WHERE
				is_deleted = 0
			GROUP BY
				card_id
		) t5 ON t5.id = t1.id
		LEFT JOIN (
			SELECT
				card_id AS id,
				COUNT(id) AS converNum
			FROM
				bm_write_off
			WHERE
				is_deleted = 0
			GROUP BY
				card_id
		) t6 ON t6.id = t1.id
		where t1.is_deleted=0
		
		<if test="keyWord!=null and keyWord!=''">
		  and (t1.id =#{keyWord}
			or
			name like CONCAT('%',#{keyWord,jdbcType=VARCHAR},'%'))
		</if>
		<if test="orderBy!=null and orderBy!=''">
		  order by ${orderBy}
		</if>
		limit #{startIndex},#{pageSize}
	</select>
	<select id="statisticsForDate" parameterType="java.lang.Long" resultType="map">
		SELECT
		IFNULL(t2.browse_num, 0) AS disBrowseNum,
		IFNULL(t3.transmitNum, 0) AS transmitNum,
		IFNULL(t4.activityClickNum, 0) AS activityClickNum,
		IFNULL(t5.receiveNum, 0) AS receiveNum
		FROM
			bm_company_card t1
		LEFT JOIN (
			SELECT
				c.card_id AS id,
				count(1) AS browse_num
			FROM
				bm_company_browse c
				where DATE(create_time) = date_format(now(),'%Y-%m-%d')
			GROUP BY
				c.card_id
		) t2 ON t1.id = t2.id
		LEFT JOIN (
			SELECT
				card_id AS id,
				COUNT(1) AS transmitNum
			FROM
				bm_card_transmit
				where DATE(create_time) = date_format(now(),'%Y-%m-%d')
			GROUP BY
				card_id
		) t3 ON t3.id = t1.id
		LEFT JOIN (
			SELECT
				card_id AS id,
				COUNT(id) AS activityClickNum
			FROM
				bm_activity_browse
				where DATE(create_time) = date_format(now(),'%Y-%m-%d')
			GROUP BY
				card_id
		) t4 ON t4.id = t1.id
		LEFT JOIN (
			SELECT
				card_id AS id,
				COUNT(id) AS receiveNum
			FROM
				bm_coupon
				where DATE(create_time) = date_format(now(),'%Y-%m-%d')
			AND
				is_deleted = 0
			GROUP BY
				card_id
		) t5 ON t5.id = t1.id
		where t1.is_deleted=0 and t1.id = #{card_id}
	</select>
	<select id="statisticsForMonth" parameterType="java.lang.Long" resultType="map">
		SELECT
		IFNULL(t2.browse_num, 0) AS disBrowseNum,
		IFNULL(t3.transmitNum, 0) AS transmitNum,
		IFNULL(t4.activityClickNum, 0) AS activityClickNum,
		IFNULL(t5.receiveNum, 0) AS receiveNum
		FROM
			bm_company_card t1
		LEFT JOIN (
			SELECT
				c.card_id AS id,
				count(1) AS browse_num
			FROM
				bm_company_browse c
				where DATE_FORMAT(create_time,'%Y-%m') = DATE_FORMAT(NOW(),'%Y-%m')
			GROUP BY
				c.card_id
		) t2 ON t1.id = t2.id
		LEFT JOIN (
			SELECT
				card_id AS id,
				COUNT(1) AS transmitNum
			FROM
				bm_card_transmit
				where DATE_FORMAT(create_time,'%Y-%m') = DATE_FORMAT(NOW(),'%Y-%m')
			GROUP BY
				card_id
		) t3 ON t3.id = t1.id
		LEFT JOIN (
			SELECT
				card_id AS id,
				COUNT(id) AS activityClickNum
			FROM
				bm_activity_browse
				where DATE_FORMAT(create_time,'%Y-%m') = DATE_FORMAT(NOW(),'%Y-%m')
			GROUP BY
				card_id
		) t4 ON t4.id = t1.id
		LEFT JOIN (
			SELECT
				card_id AS id,
				COUNT(id) AS receiveNum
			FROM
				bm_coupon
				where DATE_FORMAT(create_time,'%Y-%m') = DATE_FORMAT(NOW(),'%Y-%m')
			AND
				is_deleted = 0
			GROUP BY
				card_id
		) t5 ON t5.id = t1.id
		where t1.is_deleted=0 and t1.id = #{card_id}
	</select>
	<select id="statisticsForYear" parameterType="java.lang.Long" resultType="map">
		SELECT
		IFNULL(t2.browse_num, 0) AS disBrowseNum,
		IFNULL(t3.transmitNum, 0) AS transmitNum,
		IFNULL(t4.activityClickNum, 0) AS activityClickNum,
		IFNULL(t5.receiveNum, 0) AS receiveNum
		FROM
			bm_company_card t1
		LEFT JOIN (
			SELECT
				c.card_id AS id,
				count(1) AS browse_num
			FROM
				bm_company_browse c
				where DATE_FORMAT(create_time,'%Y') = DATE_FORMAT(now(),'%Y')
			GROUP BY
				c.card_id
		) t2 ON t1.id = t2.id
		LEFT JOIN (
			SELECT
				card_id AS id,
				COUNT(1) AS transmitNum
			FROM
				bm_card_transmit
				where DATE_FORMAT(create_time,'%Y') = DATE_FORMAT(now(),'%Y')
			GROUP BY
				card_id
		) t3 ON t3.id = t1.id
		LEFT JOIN (
			SELECT
				card_id AS id,
				COUNT(id) AS activityClickNum
			FROM
				bm_activity_browse
				where DATE_FORMAT(create_time,'%Y') = DATE_FORMAT(now(),'%Y')
			GROUP BY
				card_id
		) t4 ON t4.id = t1.id
		LEFT JOIN (
			SELECT
				card_id AS id,
				COUNT(id) AS receiveNum
			FROM
				bm_coupon
				where DATE_FORMAT(create_time,'%Y') = DATE_FORMAT(now(),'%Y')
			AND
				is_deleted = 0
			GROUP BY
				card_id
		) t5 ON t5.id = t1.id
		where t1.is_deleted=0 and t1.id = #{card_id}
	</select>
	<select id="openTopTen" parameterType="map" resultMap="openTopTenMap">
		select ta.*,@rownum := @rownum + 1 AS rownum from (select t2.name,IFNULL(count(1),0) AS browse_num 
		from bm_company_browse t1 
		left join bm_company_card t2 on t1.card_id = t2.id
		where t1.is_deleted = 0 and t2.is_deleted = 0
		group by t1.card_id
		order by browse_num desc) AS ta,(SELECT @rownum := 0) r
		limit 10
	</select>
	<select id="convertTopTen" parameterType="map" resultMap="converTopTenMap">
		select ta.*,@rownum := @rownum + 1 AS rownum from (select t2.name,IFNULL(count(t1.id),0) AS conver_num 
		from bm_coupon t1 
		left join bm_company_card t2 on t1.card_id = t2.id
		where t1.is_deleted = 0 and t2.is_deleted = 0
		group by t1.card_id
		order by conver_num desc) AS ta,(SELECT @rownum := 0) r
		limit 10
	</select>
	
	<select id="openOfmine" parameterType="java.lang.Long" resultMap="openTopTenMap">
		select tb.name,tb.browse_num,tb.rownum from(select ta.*,@rownum := @rownum + 1 AS rownum from (select t2.name,IFNULL(count(1),0) AS browse_num,t2.id as card_id
		from bm_company_browse t1 
		left join bm_company_card t2 on t1.card_id = t2.id
		where t1.is_deleted = 0 and t2.is_deleted = 0
		group by t1.card_id
		order by browse_num desc) AS ta,(SELECT @rownum := 0) r) tb where tb.card_id = #{card_id}
	</select>
	<select id="convertOfmine" parameterType="java.lang.Long" resultMap="converTopTenMap">
		select tb.name,tb.conver_num,tb.rownum from(select ta.*,@rownum := @rownum + 1 AS rownum from (select t2.name,IFNULL(count(t1.id),0) AS conver_num,t2.id as card_id 
		from bm_coupon t1 
		left join bm_company_card t2 on t1.card_id = t2.id
		where t1.is_deleted = 0 and t2.is_deleted = 0
		group by t1.card_id
		order by conver_num desc) AS ta,(SELECT @rownum := 0) r) tb where tb.card_id = #{card_id}
	</select>
	<select id="selectUserIdByPrimaryKey" resultType="Integer">
		SELECT user_id FROM bm_company_card WHERE id = #{id}
	</select>
	<select id="getUserCardCount" resultType="INTEGER">
		select count(id) FROM bm_company_card where user_id = #{id} AND is_deleted = 0;
	</select>
	
	<!-- 组织架构-删除了员工后，名片列表页会报错，需删除员工时一并删除此员工名片 -->
	<delete id="deleteCardById" parameterType="java.lang.Long">
		update bm_company_card set is_deleted = 1 where user_id = #{id}
	</delete>
	
</mapper>