<?xml version="1.0" encoding="UTF-8" ?>
<!DOCTYPE mapper PUBLIC "-//mybatis.org//DTD Mapper 3.0//EN" "http://mybatis.org/dtd/mybatis-3-mapper.dtd" >
<mapper namespace="cn.cecook.dao.business.markting.BmHotActivityMapper">
	<resultMap id="BaseResultMap" type="cn.cecook.model.business.markting.BmHotActivity">
		<id column="id" property="id" jdbcType="BIGINT" />
		<result column="uuid" property="uuid" jdbcType="VARCHAR" />
		<result column="tenant_id" property="tenantId" jdbcType="VARCHAR" />
		<result column="is_deleted" property="isDeleted" jdbcType="INTEGER" />
		<result column="create_id" property="createId" jdbcType="BIGINT" />
		<result column="create_time" property="createTime" jdbcType="TIMESTAMP" />
		<result column="order_code" property="orderCode" jdbcType="VARCHAR" />
		<result column="delete_time" property="deleteTime" jdbcType="TIMESTAMP" />
		<result column="remarks" property="remarks" jdbcType="VARCHAR" />
		<result column="attachment" property="attachment" jdbcType="VARCHAR" />
		<result column="activitys" property="activitys" jdbcType="VARCHAR" />
		<result column="name" property="name" jdbcType="VARCHAR" />
		<result column="model_id" property="modelId" jdbcType="BIGINT" />
		<result column="status" property="status" jdbcType="INTEGER" />
		<result column="bak1" property="bak1" jdbcType="VARCHAR" />
		<result column="bak2" property="bak2" jdbcType="VARCHAR" />
		<result column="bak3" property="bak3" jdbcType="VARCHAR" />
		<result column="bak4" property="bak4" jdbcType="VARCHAR" />
		<result column="bak5" property="bak5" jdbcType="VARCHAR" />
		<result column="activity_id" property="activityId" jdbcType="VARCHAR" />
		<result column="average_ratio" property="averageRatio"
			jdbcType="DOUBLE" />
		<result column="highest_ratio" property="highestRatio"
			jdbcType="DOUBLE" />
		<result column="highest_business_ratio" property="highestBusinessRatio"
			jdbcType="BIGINT" />
		<result column="lowest_business_ratio" property="lowestBusinessRatio"
			jdbcType="BIGINT" />
		<result column="use_number" property="useNumber" jdbcType="BIGINT" />
		<result column="activity_name" property="activity_name"
			jdbcType="VARCHAR" />
		<result column="activity_pic" property="activity_pic" jdbcType="VARCHAR" />
	</resultMap>

	<sql id="Base_Column_List">
		id, uuid, tenant_id, is_deleted, create_id, create_time,
		order_code,
		delete_time,
		remarks, attachment,
		activity_id, average_ratio,
		highest_ratio, highest_business_ratio,
		lowest_business_ratio,
		use_number,activity_name,activity_pic
	</sql>
	<sql id="column_List">
		id, uuid, tenant_id, is_deleted, create_id, create_time,
		order_code,
		delete_time,
		activity_id, average_ratio, highest_ratio,
		highest_business_ratio,
		lowest_business_ratio,
		use_number,activity_name,activity_pic
	</sql>

	<insert id="insertSelective" parameterType="cn.cecook.model.business.markting.BmHotActivity">
		insert into bm_hot_activity
		<trim prefix="(" suffix=")" suffixOverrides=",">
			<if test="id != null">
				id,
			</if>
			<if test="uuid != null">
				uuid,
			</if>
			<if test="tenantId != null">
				tenant_id,
			</if>
			<if test="isDeleted != null">
				is_deleted,
			</if>
			<if test="createId != null">
				create_id,
			</if>
			<if test="createTime != null">
				create_time,
			</if>
			<if test="orderCode != null">
				order_code,
			</if>
			<if test="deleteTime != null">
				delete_time,
			</if>
			<if test="remarks != null">
				remarks,
			</if>
			<if test="attachment != null">
				attachment,
			</if>
			<if test="activitys != null">
				activitys,
			</if>
			<if test="name != null">
				name,
			</if>
			<if test="modelId != null">
				model_id,
			</if>
			<if test="status != null">
				status,
			</if>
			<if test="bak1 != null">
				bak1,
			</if>
			<if test="bak2 != null">
				bak2,
			</if>
			<if test="bak3 != null">
				bak3,
			</if>
			<if test="bak4 != null">
				bak4,
			</if>
			<if test="bak5 != null">
				bak5,
			</if>
			<if test="activityId != null">
				activity_id,
			</if>
			<if test="averageRatio != null">
				average_ratio,
			</if>
			<if test="highestRatio != null">
				highest_ratio,
			</if>
			<if test="highestBusinessRatio != null">
				"highest_business_ratio",
			</if>
			<if test="lowestBusinessRatio != null">
				"lowest_business_ratio",
			</if>
			<if test="useNumber != null">
				use_number,
			</if>
			<if test="activity_name != null">
				activity_name,
			</if>
			<if test="activity_pic != null">
				activity_pic,
			</if>

		</trim>
		<trim prefix="values (" suffix=")" suffixOverrides=",">
			<if test="id != null">
				#{id,jdbcType=BIGINT},
			</if>
			<if test="uuid != null">
				#{uuid,jdbcType=VARCHAR},
			</if>
			<if test="tenantId != null">
				#{tenantId,jdbcType=VARCHAR},
			</if>
			<if test="isDeleted != null">
				#{isDeleted,jdbcType=INTEGER},
			</if>
			<if test="createId != null">
				#{createId,jdbcType=BIGINT},
			</if>
			<if test="createTime != null">
				#{createTime,jdbcType=TIMESTAMP},
			</if>
			<if test="orderCode != null">
				#{orderCode,jdbcType=VARCHAR},
			</if>
			<if test="deleteTime != null">
				#{deleteTime,jdbcType=TIMESTAMP},
			</if>
			<if test="remarks != null">
				#{remarks,jdbcType=VARCHAR},
			</if>
			<if test="attachment != null">
				#{attachment,jdbcType=VARCHAR},
			</if>
			<if test="activitys != null">
				#{activitys,jdbcType=VARCHAR},
			</if>
			<if test="name != null">
				#{name,jdbcType=VARCHAR},
			</if>
			<if test="modelId != null">
				#{modelId,jdbcType=BIGINT},
			</if>
			<if test="status != null">
				#{status,jdbcType=INTEGER},
			</if>
			<if test="bak1 != null">
				#{bak1,jdbcType=VARCHAR},
			</if>
			<if test="bak2 != null">
				#{bak2,jdbcType=VARCHAR},
			</if>
			<if test="bak3 != null">
				#{bak3,jdbcType=VARCHAR},
			</if>
			<if test="bak4 != null">
				#{bak4,jdbcType=VARCHAR},
			</if>
			<if test="bak5 != null">
				#{bak5,jdbcType=VARCHAR},
			</if>
			<if test="activityId != null">
				#{activityId,jdbcType=VARCHAR},
			</if>
			<if test="averageRatio != null">
				#{averageRatio,jdbcType=DOUBLE},
			</if>
			<if test="highestRatio != null">
				#{highestRatio,jdbcType=DOUBLE},
			</if>
			<if test="highestBusinessRatio != null">
				#{highestBusinessRatio,jdbcType=BIGINT},
			</if>
			<if test="lowestBusinessRatio != null">
				#{lowestBusinessRatio,jdbcType=BIGINT},
			</if>
			<if test="useNumber != null">
				#{useNumber,jdbcType=BIGINT},
			</if>
			<if test="activity_name != null">
				#{activity_name,jdbcType=VARCHAR},
			</if>
			<if test="activity_pic != null">
				#{activity_pic,jdbcType=VARCHAR},
			</if>

		</trim>
	</insert>
	<update id="updateByPrimaryKeySelective" parameterType="cn.cecook.model.business.markting.BmHotActivity">
		update bm_hot_activity
		<set>
			<if test="uuid != null">
				uuid = #{uuid,jdbcType=VARCHAR},
			</if>
			<if test="tenantId != null">
				tenant_id = #{tenantId,jdbcType=VARCHAR},
			</if>
			<if test="isDeleted != null">
				is_deleted = #{isDeleted,jdbcType=INTEGER},
			</if>
			<if test="createId != null">
				create_id = #{createId,jdbcType=BIGINT},
			</if>
			<if test="createTime != null">
				create_time = #{createTime,jdbcType=TIMESTAMP},
			</if>
			<if test="orderCode != null">
				order_code = #{orderCode,jdbcType=VARCHAR},
			</if>
			<if test="deleteTime != null">
				delete_time = #{deleteTime,jdbcType=TIMESTAMP},
			</if>
			<if test="remarks != null">
				remarks = #{remarks,jdbcType=VARCHAR},
			</if>
			<if test="attachment != null">
				attachment = #{attachment,jdbcType=VARCHAR},
			</if>
			<if test="activitys != null">
				activitys = #{activitys,jdbcType=VARCHAR},
			</if>
			<if test="name != null">
				name = #{name,jdbcType=VARCHAR},
			</if>
			<if test="modelId != null">
				model_id = #{modelId,jdbcType=BIGINT},
			</if>
			<if test="status != null">
				status = #{status,jdbcType=INTEGER},
			</if>
			<if test="bak1 != null">
				bak1 = #{bak1,jdbcType=VARCHAR},
			</if>
			<if test="bak2 != null">
				bak2 = #{bak2,jdbcType=VARCHAR},
			</if>
			<if test="bak3 != null">
				bak3 = #{bak3,jdbcType=VARCHAR},
			</if>
			<if test="bak4 != null">
				bak4 = #{bak4,jdbcType=VARCHAR},
			</if>
			<if test="bak5 != null">
				bak5 = #{bak5,jdbcType=VARCHAR},
			</if>
			<if test="activityId != null">
				activity_id = #{activityId,jdbcType=VARCHAR},
			</if>
			<if test="averageRatio != null">
				average_ratio = #{averageRatio,jdbcType=DOUBLE},
			</if>
			<if test="highestRatio != null">
				highest_ratio = #{highestRatio,jdbcType=DOUBLE},
			</if>
			<if test="highestBusinessRatio != null">
				"highest_business_ratio" =
				#{highestBusinessRatio,jdbcType=BIGINT},
			</if>
			<if test="lowestBusinessRatio != null">
				"lowest_business_ratio" =
				#{lowestBusinessRatio,jdbcType=BIGINT},
			</if>
			<if test="useNumber != null">
				use_number = #{useNumber,jdbcType=BIGINT},
			</if>
		</set>
		where id = #{id,jdbcType=BIGINT}
	</update>

	<select id="queryList" resultType="cn.cecook.bean.business.markting.HotModelBean">
		SELECT b.id,b.type,b.thumbnail_pic
		,b.pic_url,b.`name` ,IFNULL(COUNT(a.model_id),0)as
		use_num,IFNULL(TRUNCATE(avg(a.ratio),2),0) as
		average_ratio,IFNULL(MAX(a.ratio),0) as
		max_ratio,IFNULL(MAX(a.write_off_num),0) as
		max_write_off,IFNULL(MIN(a.write_off_num),0) as min_write_off from
		bm_activity a
		, bm_activity_defined_model b where a.model_id=b.id GROUP BY
		a.model_id ORDER BY use_num DESC LIMIT 4
	</select>



</mapper>