<?xml version="1.0" encoding="UTF-8" ?>
<!DOCTYPE mapper PUBLIC "-//mybatis.org//DTD Mapper 3.0//EN" "http://mybatis.org/dtd/mybatis-3-mapper.dtd" >
<mapper namespace="cn.cecook.dao.business.markting.BmMarketRuleMapper">
	<resultMap id="BaseResultMap" type="cn.cecook.model.business.markting.BmMarketRule">
		<id column="id" property="id" jdbcType="BIGINT" />
		<result column="uuid" property="uuid" jdbcType="VARCHAR" />
		<result column="tenant_id" property="tenantId" jdbcType="VARCHAR" />
		<result column="is_deleted" property="isDeleted" jdbcType="INTEGER" />
		<result column="create_id" property="createId" jdbcType="BIGINT" />
		<result column="create_time" property="createTime" jdbcType="TIMESTAMP" />
		<result column="order_code" property="orderCode" jdbcType="VARCHAR" />
		<result column="delete_time" property="deleteTime" jdbcType="TIMESTAMP" />
		<result column="remarks" property="remarks" jdbcType="VARCHAR" />
		<result column="attachment" property="attachment" jdbcType="VARCHAR" />
		<result column="activity_id" property="activityId" jdbcType="BIGINT" />
		<result column="send_object" property="sendObject" jdbcType="VARCHAR" />
		<result column="send_time" property="sendTime" jdbcType="VARCHAR" />
		<result column="send_type" property="sendType" jdbcType="VARCHAR" />
		<result column="behavior_rule" property="behaviorRule"
			jdbcType="VARCHAR" />
		<result column="receive_rule" property="receiveRule" jdbcType="VARCHAR" />
		<result column="bak1" property="bak1" jdbcType="VARCHAR" />
		<result column="bak2" property="bak2" jdbcType="VARCHAR" />
		<result column="bak3" property="bak3" jdbcType="VARCHAR" />
		<result column="bak4" property="bak4" jdbcType="VARCHAR" />
		<result column="bak5" property="bak5" jdbcType="VARCHAR" />
	</resultMap>

	<resultMap id="ResultMap" type="cn.cecook.bean.business.markting.SmartRuleBean">
		<id column="id" property="rule_id" jdbcType="BIGINT" />
		<result column="create_time" property="create_time" jdbcType="TIMESTAMP" />
		<result column="send_object" property="send_object" jdbcType="VARCHAR" />
		<result column="send_time" property="send_time" jdbcType="VARCHAR" />
		<result column="send_type" property="send_type" jdbcType="VARCHAR" />
		<result column="behavior_rule" property="behavior_rule"
			jdbcType="VARCHAR" />
		<result column="receive_rule" property="receive_rule" jdbcType="VARCHAR" />

	</resultMap>




	<sql id="Base_Column_List">
		id, uuid, tenant_id, is_deleted, create_id, create_time,
		order_code,
		delete_time,
		remarks, attachment, activity_id, send_object,
		send_time, send_type,
		behavior_rule,
		receive_rule, bak1, bak2, bak3,
		bak4, bak5
	</sql>
	<sql id="Column_List">
		id,create_time, send_object, send_time, send_type,
		behavior_rule,
		receive_rule
	</sql>
	
	<select id="selectByPrimaryKey" resultMap="BaseResultMap"
		parameterType="java.lang.Long">
		select
		<include refid="Base_Column_List" />
		from bm_market_rule
		where id = #{id,jdbcType=BIGINT}
	</select>

	
	<insert id="insertSelective" useGeneratedKeys="true"
		keyProperty="id" parameterType="cn.cecook.model.business.markting.BmMarketRule">
		insert into bm_market_rule
		<trim prefix="(" suffix=")" suffixOverrides=",">
			<if test="id != null">
				id,
			</if>
			<if test="uuid != null">
				uuid,
			</if>
			<if test="tenantId != null">
				tenant_id,
			</if>
			<if test="isDeleted != null">
				is_deleted,
			</if>
			<if test="createId != null">
				create_id,
			</if>
			<if test="createTime != null">
				create_time,
			</if>
			<if test="orderCode != null">
				order_code,
			</if>
			<if test="deleteTime != null">
				delete_time,
			</if>
			<if test="remarks != null">
				remarks,
			</if>
			<if test="attachment != null">
				attachment,
			</if>
			<if test="activityId != null">
				activity_id,
			</if>
			<if test="sendObject != null">
				send_object,
			</if>
			<if test="sendTime != null">
				send_time,
			</if>
			<if test="sendType != null">
				send_type,
			</if>
			<if test="behaviorRule != null">
				behavior_rule,
			</if>
			<if test="receiveRule != null">
				receive_rule,
			</if>
			<if test="bak1 != null">
				bak1,
			</if>
			<if test="bak2 != null">
				bak2,
			</if>
			<if test="bak3 != null">
				bak3,
			</if>
			<if test="bak4 != null">
				bak4,
			</if>
			<if test="bak5 != null">
				bak5,
			</if>
		</trim>
		<trim prefix="values (" suffix=")" suffixOverrides=",">
			<if test="id != null">
				#{id,jdbcType=BIGINT},
			</if>
			<if test="uuid != null">
				#{uuid,jdbcType=VARCHAR},
			</if>
			<if test="tenantId != null">
				#{tenantId,jdbcType=VARCHAR},
			</if>
			<if test="isDeleted != null">
				#{isDeleted,jdbcType=INTEGER},
			</if>
			<if test="createId != null">
				#{createId,jdbcType=BIGINT},
			</if>
			<if test="createTime != null">
				#{createTime,jdbcType=TIMESTAMP},
			</if>
			<if test="orderCode != null">
				#{orderCode,jdbcType=VARCHAR},
			</if>
			<if test="deleteTime != null">
				#{deleteTime,jdbcType=TIMESTAMP},
			</if>
			<if test="remarks != null">
				#{remarks,jdbcType=VARCHAR},
			</if>
			<if test="attachment != null">
				#{attachment,jdbcType=VARCHAR},
			</if>
			<if test="activityId != null">
				#{activityId,jdbcType=BIGINT},
			</if>
			<if test="sendObject != null">
				#{sendObject,jdbcType=VARCHAR},
			</if>
			<if test="sendTime != null">
				#{sendTime,jdbcType=VARCHAR},
			</if>
			<if test="sendType != null">
				#{sendType,jdbcType=VARCHAR},
			</if>
			<if test="behaviorRule != null">
				#{behaviorRule,jdbcType=VARCHAR},
			</if>
			<if test="receiveRule != null">
				#{receiveRule,jdbcType=VARCHAR},
			</if>
			<if test="bak1 != null">
				#{bak1,jdbcType=VARCHAR},
			</if>
			<if test="bak2 != null">
				#{bak2,jdbcType=VARCHAR},
			</if>
			<if test="bak3 != null">
				#{bak3,jdbcType=VARCHAR},
			</if>
			<if test="bak4 != null">
				#{bak4,jdbcType=VARCHAR},
			</if>
			<if test="bak5 != null">
				#{bak5,jdbcType=VARCHAR},
			</if>
		</trim>
	</insert>
	
	
	
	<update id="updateByPrimaryKeySelective" parameterType="cn.cecook.model.business.markting.BmMarketRule">
		update bm_market_rule
		<set>
			<if test="uuid != null">
				uuid = #{uuid,jdbcType=VARCHAR},
			</if>
			<if test="tenantId != null">
				tenant_id = #{tenantId,jdbcType=VARCHAR},
			</if>
			<if test="isDeleted != null">
				is_deleted = #{isDeleted,jdbcType=INTEGER},
			</if>
			<if test="createId != null">
				create_id = #{createId,jdbcType=BIGINT},
			</if>
			<if test="createTime != null">
				create_time = #{createTime,jdbcType=TIMESTAMP},
			</if>
			<if test="orderCode != null">
				order_code = #{orderCode,jdbcType=VARCHAR},
			</if>
			<if test="deleteTime != null">
				delete_time = #{deleteTime,jdbcType=TIMESTAMP},
			</if>
			<if test="remarks != null">
				remarks = #{remarks,jdbcType=VARCHAR},
			</if>
			<if test="attachment != null">
				attachment = #{attachment,jdbcType=VARCHAR},
			</if>
			<if test="activityId != null">
				activity_id = #{activityId,jdbcType=BIGINT},
			</if>
			<if test="sendObject != null">
				send_object = #{sendObject,jdbcType=VARCHAR},
			</if>
			<if test="sendTime != null">
				send_time = #{sendTime,jdbcType=VARCHAR},
			</if>
			<if test="sendType != null">
				send_type = #{sendType,jdbcType=VARCHAR},
			</if>
			<if test="behaviorRule != null">
				behavior_rule = #{behaviorRule,jdbcType=VARCHAR},
			</if>
			<if test="receiveRule != null">
				receive_rule = #{receiveRule,jdbcType=VARCHAR},
			</if>
			<if test="bak1 != null">
				bak1 = #{bak1,jdbcType=VARCHAR},
			</if>
			<if test="bak2 != null">
				bak2 = #{bak2,jdbcType=VARCHAR},
			</if>
			<if test="bak3 != null">
				bak3 = #{bak3,jdbcType=VARCHAR},
			</if>
			<if test="bak4 != null">
				bak4 = #{bak4,jdbcType=VARCHAR},
			</if>
			<if test="bak5 != null">
				bak5 = #{bak5,jdbcType=VARCHAR},
			</if>
		</set>
		where id = #{id,jdbcType=BIGINT}
	</update>

	<update id="deleteByPrimaryKey" parameterType="java.lang.Long">
		update
		bm_market_rule set is_deleted=1
		where id = #{id,jdbcType=BIGINT}
	</update>

	<select id="getRuleDetail" parameterType="java.lang.Long"
		resultMap="ResultMap">
		select
		<include refid="Column_List" />
		from bm_market_rule
		where id=#{rule_id}
	</select>
	<update id="deleteByCollection">
		UPDATE bm_market_rule set is_deleted=1 where id IN
		<foreach item="item" index="index" collection="list" open="("
			separator="," close=")">
			#{item}
		</foreach>
	</update>
</mapper>