<?xml version="1.0" encoding="UTF-8" ?>
<!DOCTYPE mapper PUBLIC "-//mybatis.org//DTD Mapper 3.0//EN" "http://mybatis.org/dtd/mybatis-3-mapper.dtd" >
<mapper namespace="cn.cecook.dao.business.markting.BmMarketMapper">
	<resultMap id="BaseResultMap" type="cn.cecook.model.business.markting.BmMarket">
		<id column="id" property="id" jdbcType="BIGINT" />
		<result column="uuid" property="uuid" jdbcType="VARCHAR" />
		<result column="tenant_id" property="tenantId" jdbcType="VARCHAR" />
		<result column="is_deleted" property="isDeleted" jdbcType="INTEGER" />
		<result column="create_id" property="createId" jdbcType="BIGINT" />
		<result column="create_time" property="createTime" jdbcType="TIMESTAMP" />
		<result column="order_code" property="orderCode" jdbcType="VARCHAR" />
		<result column="delete_time" property="deleteTime" jdbcType="TIMESTAMP" />
		<result column="remarks" property="remarks" jdbcType="VARCHAR" />
		<result column="attachment" property="attachment" jdbcType="VARCHAR" />
		<result column="activitys" property="activitys" jdbcType="VARCHAR" />
		<result column="name" property="name" jdbcType="VARCHAR" />
		<result column="model_id" property="modelId" jdbcType="BIGINT" />
		<result column="status" property="status" jdbcType="INTEGER" />
		<result column="bak1" property="bak1" jdbcType="VARCHAR" />
		<result column="bak2" property="bak2" jdbcType="VARCHAR" />
		<result column="bak3" property="bak3" jdbcType="VARCHAR" />
		<result column="bak4" property="bak4" jdbcType="VARCHAR" />
		<result column="bak5" property="bak5" jdbcType="VARCHAR" />
		<result column="model_key" property="modelKey" jdbcType="VARCHAR" />
		<result column="deployment_id" property="deploymentId"
			jdbcType="VARCHAR" />
		<result column="definition_id" property="definitionId"
			jdbcType="VARCHAR" />
		<result column="start_activity_id" property="start_activity_id"
			jdbcType="BIGINT" />
	</resultMap>
	<resultMap id="ResultMap" type="cn.cecook.bean.business.markting.MarketBean">
		<id column="id" property="market_id" jdbcType="BIGINT" />
		<result column="tenant_id" property="tenant_id" jdbcType="VARCHAR" />
		<result column="create_id" property="create_id" jdbcType="BIGINT" />
		<result column="create_time" property="create_time" jdbcType="TIMESTAMP" />
		<result column="activitys" property="activitys" jdbcType="VARCHAR" />
		<result column="name" property="name" jdbcType="VARCHAR" />
		<result column="model_id" property="model_id" jdbcType="BIGINT" />
		<result column="status" property="status" jdbcType="INTEGER" />
		<result column="model_key" property="model_key" jdbcType="VARCHAR" />
		<result column="deployment_id" property="deployment_id"
			jdbcType="VARCHAR" />
		<result column="definition_id" property="definition_id"
			jdbcType="VARCHAR" />
		<result column="start_activity_id" property="start_activity_id"
			jdbcType="BIGINT" />
		<result column="home_show_flag" property="home_show_flag"
			jdbcType="BIGINT" />
	</resultMap>


	<sql id="Base_Column_List">
		id, uuid, tenant_id, is_deleted, create_id, create_time,
		order_code,
		delete_time,
		remarks, attachment, activitys, name, model_id,
		status, bak1, bak2, bak3,
		bak4, bak5,
		model_key,
		deployment_id,start_activity_id,home_show_flag
	</sql>

	<sql id="Column_List">
		id, create_id, create_time,
		remarks, attachment, activitys,
		name, model_id,
		status,
		model_key,
		deployment_id,definition_id,start_activity_id,home_show_flag
	</sql>


	<select id="selectByPrimaryKey" resultMap="ResultMap"
		parameterType="java.lang.Long">
		select
		<include refid="Column_List" />
		from bm_market
		where is_deleted=0 and
		id = #{id,jdbcType=BIGINT}
	</select>


	<insert id="insertSelective" useGeneratedKeys="true"
		keyProperty="id" parameterType="cn.cecook.model.business.markting.BmMarket">
		insert into bm_market
		<trim prefix="(" suffix=")" suffixOverrides=",">
			<if test="id != null">
				id,
			</if>
			<if test="uuid != null">
				uuid,
			</if>
			<if test="tenantId != null">
				tenant_id,
			</if>
			<if test="isDeleted != null">
				is_deleted,
			</if>
			<if test="createId != null">
				create_id,
			</if>
			<if test="createTime != null">
				create_time,
			</if>
			<if test="orderCode != null">
				order_code,
			</if>
			<if test="deleteTime != null">
				delete_time,
			</if>
			<if test="remarks != null">
				remarks,
			</if>
			<if test="attachment != null">
				attachment,
			</if>
			<if test="activitys != null">
				activitys,
			</if>
			<if test="name != null">
				name,
			</if>
			<if test="modelId != null">
				model_id,
			</if>
			<if test="status != null">
				status,
			</if>
			<if test="bak1 != null">
				bak1,
			</if>
			<if test="bak2 != null">
				bak2,
			</if>
			<if test="bak3 != null">
				bak3,
			</if>
			<if test="bak4 != null">
				bak4,
			</if>
			<if test="bak5 != null">
				bak5,
			</if>
			<if test="modelKey != null">
				model_key,
			</if>
			<if test="deploymentId != null">
				deployment_id,
			</if>
			<if test="definitionId != null">
				definition_id,
			</if>
			<if test="start_activity_id != null">
				start_activity_id,
			</if>
		</trim>
		<trim prefix="values (" suffix=")" suffixOverrides=",">
			<if test="id != null">
				#{id,jdbcType=BIGINT},
			</if>
			<if test="uuid != null">
				#{uuid,jdbcType=VARCHAR},
			</if>
			<if test="tenantId != null">
				#{tenantId,jdbcType=VARCHAR},
			</if>
			<if test="isDeleted != null">
				#{isDeleted,jdbcType=INTEGER},
			</if>
			<if test="createId != null">
				#{createId,jdbcType=BIGINT},
			</if>
			<if test="createTime != null">
				#{createTime,jdbcType=TIMESTAMP},
			</if>
			<if test="orderCode != null">
				#{orderCode,jdbcType=VARCHAR},
			</if>
			<if test="deleteTime != null">
				#{deleteTime,jdbcType=TIMESTAMP},
			</if>
			<if test="remarks != null">
				#{remarks,jdbcType=VARCHAR},
			</if>
			<if test="attachment != null">
				#{attachment,jdbcType=VARCHAR},
			</if>
			<if test="activitys != null">
				#{activitys,jdbcType=VARCHAR},
			</if>
			<if test="name != null">
				#{name,jdbcType=VARCHAR},
			</if>
			<if test="modelId != null">
				#{modelId,jdbcType=BIGINT},
			</if>
			<if test="status != null">
				#{status,jdbcType=INTEGER},
			</if>
			<if test="bak1 != null">
				#{bak1,jdbcType=VARCHAR},
			</if>
			<if test="bak2 != null">
				#{bak2,jdbcType=VARCHAR},
			</if>
			<if test="bak3 != null">
				#{bak3,jdbcType=VARCHAR},
			</if>
			<if test="bak4 != null">
				#{bak4,jdbcType=VARCHAR},
			</if>
			<if test="bak5 != null">
				#{bak5,jdbcType=VARCHAR},
			</if>
			<if test="modelKey != null">
				#{modelKey,jdbcType=VARCHAR},
			</if>
			<if test="deploymentId != null">
				#{deploymentId,jdbcType=VARCHAR},
			</if>
			<if test="definitionId != null">
				#{definitionId,jdbcType=VARCHAR},
			</if>
			<if test="start_activity_id != null">
				#{start_activity_id,jdbcType=BIGINT},
			</if>
		</trim>
	</insert>
	<update id="updateByPrimaryKeySelective" parameterType="cn.cecook.model.business.markting.BmMarket">
		update bm_market
		<set>
			<if test="uuid != null">
				uuid = #{uuid,jdbcType=VARCHAR},
			</if>
			<if test="tenantId != null">
				tenant_id = #{tenantId,jdbcType=VARCHAR},
			</if>
			<if test="isDeleted != null">
				is_deleted = #{isDeleted,jdbcType=INTEGER},
			</if>
			<if test="createId != null">
				create_id = #{createId,jdbcType=BIGINT},
			</if>
			<if test="createTime != null">
				create_time = #{createTime,jdbcType=TIMESTAMP},
			</if>
			<if test="orderCode != null">
				order_code = #{orderCode,jdbcType=VARCHAR},
			</if>
			<if test="deleteTime != null">
				delete_time = #{deleteTime,jdbcType=TIMESTAMP},
			</if>
			<if test="remarks != null">
				remarks = #{remarks,jdbcType=VARCHAR},
			</if>
			<if test="attachment != null">
				attachment = #{attachment,jdbcType=VARCHAR},
			</if>
			<if test="activitys != null">
				activitys = #{activitys,jdbcType=VARCHAR},
			</if>
			<if test="name != null">
				name = #{name,jdbcType=VARCHAR},
			</if>
			<if test="modelId != null">
				model_id = #{modelId,jdbcType=BIGINT},
			</if>
			<if test="status != null">
				status = #{status,jdbcType=INTEGER},
			</if>
			<if test="bak1 != null">
				bak1 = #{bak1,jdbcType=VARCHAR},
			</if>
			<if test="bak2 != null">
				bak2 = #{bak2,jdbcType=VARCHAR},
			</if>
			<if test="bak3 != null">
				bak3 = #{bak3,jdbcType=VARCHAR},
			</if>
			<if test="bak4 != null">
				bak4 = #{bak4,jdbcType=VARCHAR},
			</if>
			<if test="bak5 != null">
				bak5 = #{bak5,jdbcType=VARCHAR},
			</if>
			<if test="modelKey != null">
				model_key = #{modelKey,jdbcType=VARCHAR},
			</if>
			<if test="deploymentId != null">
				deployment_id = #{deploymentId,jdbcType=VARCHAR},
			</if>
			<if test="start_activity_id != null">
				start_activity_id = #{start_activity_id,jdbcType=BIGINT},
			</if>
		</set>
		where id = #{id,jdbcType=BIGINT}
	</update>
	<update id="updateByPrimaryKey" parameterType="cn.cecook.model.business.markting.BmMarket">
		update bm_market
		set uuid = #{uuid,jdbcType=VARCHAR},
		tenant_id =
		#{tenantId,jdbcType=VARCHAR},
		is_deleted =
		#{isDeleted,jdbcType=INTEGER},
		create_id = #{createId,jdbcType=BIGINT},
		create_time = #{createTime,jdbcType=TIMESTAMP},
		order_code =
		#{orderCode,jdbcType=VARCHAR},
		delete_time =
		#{deleteTime,jdbcType=TIMESTAMP},
		remarks =
		#{remarks,jdbcType=VARCHAR},
		attachment =
		#{attachment,jdbcType=VARCHAR},
		activitys =
		#{activitys,jdbcType=VARCHAR},
		name = #{name,jdbcType=VARCHAR},
		model_id = #{modelId,jdbcType=BIGINT},
		status =
		#{status,jdbcType=INTEGER},
		bak1 = #{bak1,jdbcType=VARCHAR},
		bak2 =
		#{bak2,jdbcType=VARCHAR},
		bak3 = #{bak3,jdbcType=VARCHAR},
		bak4 =
		#{bak4,jdbcType=VARCHAR},
		bak5 = #{bak5,jdbcType=VARCHAR},
		model_key =
		#{modelKey,jdbcType=VARCHAR},
		deployment_id =
		#{deploymentId,jdbcType=VARCHAR}
		where id = #{id,jdbcType=BIGINT}
	</update>

	<select id=""></select>

	<select id="getStatus" parameterType="java.lang.Long"
		resultType="java.lang.Integer">
		select status from bm_market where id=#{market_id}
	</select>

	<update id="updateStatus" parameterType="map">
		update bm_market set
		status=#{status} where id=#{id}

	</update>
	<update id="deleteByPrimaryKey" parameterType="java.lang.Long">
		update
		bm_market
		set is_deleted=1
		where id = #{id,jdbcType=BIGINT}
	</update>
	<select id="getDetail" parameterType="java.lang.Long" resultMap="ResultMap">
		select
		<include refid="Column_List" />
		from bm_market
		where id = #{id,jdbcType=BIGINT}
	</select>

	<select id="getMarketList" resultMap="ResultMap" parameterType="map">
		select
		<include refid="Column_List" />
		from bm_market
		where is_deleted=0
		<if test="status !=null and status==2">
			and status!=1
		</if>
		<if test="status !=null and status==1">
			and status=1
		</if>
		<if test="key_word !=null and key_word!=''">
			and name LIKE CONCAT('%',#{key_word},'%')
		</if>
		order by create_time desc
		limit #{startIndex},#{pageSize}

	</select>
	
	<select id="countMarket" resultType="java.lang.Integer" parameterType="map">
		select
		count(id)
		from bm_market
		where is_deleted=0
		<if test="status !=null and status==2">
			and status!=1
		</if>
		<if test="status !=null and status==1">
			and status=1
		</if>
		<if test="key_word !=null and key_word!=''">
			and name LIKE CONCAT('%',#{key_word},'%')
		</if>
		order by create_time desc

	</select>
	
	<select id="queryName" parameterType="java.lang.String"
		resultType="java.lang.String">
		select name from bm_market where name=#{name} and
		is_deleted=0
	</select>

<!-- 更新时查询是否有相同名字 -->
	<select id="queryUpdateName" parameterType="map"
		resultType="java.lang.String">
		select name from bm_market where name=#{name} and
		is_deleted=0 and id!=#{id}
	</select>
	<update id="setHomeShow" parameterType="java.lang.Long">
		UPDATE bm_market set
		home_show_flag=0;
		UPDATE bm_market set home_show_flag=1 where id=#{id};
	</update>


	<select id="queryHomeMarket" resultMap="ResultMap">
		select
		<include refid="Column_List" />
		from bm_market
		where home_show_flag=1 limit 1;
	</select>

	<select id="countClueNum" resultType="java.lang.Integer">
		select IFNULL(count(activity_id),0) from bc_customer_action where
		activity_id in
		<foreach item="item" index="index" collection="list" open="("
			separator="," close=")">
			#{item}
		</foreach>

		and type=2;
	</select>

	<!-- 判断智能营销活动是否产生线索 -->
	<select id="marketClueNum" parameterType="java.lang.Long"
		resultType="java.lang.Integer">
		select count(1) from bc_customer_action where activity_id in(select
		activitys from bm_market where id=#{market_id}) and type=2

	</select>

</mapper>