<?xml version="1.0" encoding="UTF-8" ?>
<!DOCTYPE mapper PUBLIC "-//mybatis.org//DTD Mapper 3.0//EN" "http://mybatis.org/dtd/mybatis-3-mapper.dtd" >
<mapper namespace="cn.cecook.dao.business.markting.BmMarketCaseMapper">
	<resultMap id="BaseResultMap" type="cn.cecook.model.business.markting.BmMarketCase">
		<id column="id" property="id" jdbcType="BIGINT" />
		<result column="uuid" property="uuid" jdbcType="VARCHAR" />
		<result column="tenant_id" property="tenantId" jdbcType="VARCHAR" />
		<result column="is_deleted" property="isDeleted" jdbcType="INTEGER" />
		<result column="create_id" property="createId" jdbcType="BIGINT" />
		<result column="create_time" property="createTime" jdbcType="TIMESTAMP" />
		<result column="order_code" property="orderCode" jdbcType="VARCHAR" />
		<result column="delete_time" property="deleteTime" jdbcType="TIMESTAMP" />
		<result column="remarks" property="remarks" jdbcType="VARCHAR" />
		<result column="attachment" property="attachment" jdbcType="VARCHAR" />
		<result column="activitys" property="activitys" jdbcType="VARCHAR" />
		<result column="name" property="name" jdbcType="VARCHAR" />
		<result column="model_id" property="modelId" jdbcType="BIGINT" />
		<result column="status" property="status" jdbcType="INTEGER" />
		<result column="bak1" property="bak1" jdbcType="VARCHAR" />
		<result column="bak2" property="bak2" jdbcType="VARCHAR" />
		<result column="bak3" property="bak3" jdbcType="VARCHAR" />
		<result column="bak4" property="bak4" jdbcType="VARCHAR" />
		<result column="bak5" property="bak5" jdbcType="VARCHAR" />
		<result column="model_key" property="modelKey" jdbcType="VARCHAR" />
		<result column="deployment_id" property="deploymentId"
			jdbcType="VARCHAR" />
		<result column="definition_id" property="definitionId"
			jdbcType="VARCHAR" />
		<result column="pi_id" property="piId" jdbcType="VARCHAR" />
		<result column="description" property="description" jdbcType="VARCHAR" />
		<result column="phone_num" property="phoneNum" jdbcType="VARCHAR" />
		<result column="market_id" property="market_id" jdbcType="BIGINT" />
	</resultMap>
	<sql id="Base_Column_List">
		id, uuid, tenant_id, is_deleted, create_id, create_time, order_code,
		delete_time,
		remarks, attachment, activitys, name, model_id, status, bak1, bak2, bak3,
		bak4, bak5,
		model_key, deployment_id, definition_id, pi_id, description,
		phone_num,market_id
	</sql>

	<select id="selectByPrimaryKey" resultMap="BaseResultMap"
		parameterType="java.lang.Long">
		select
		<include refid="Base_Column_List" />
		from bm_market_case
		where id = #{id,jdbcType=BIGINT}
	</select>
	<delete id="deleteByPrimaryKey" parameterType="java.lang.Long">
		delete from bm_market_case
		where id = #{id,jdbcType=BIGINT}
	</delete>

	<insert id="insertSelective" parameterType="cn.cecook.model.business.markting.BmMarketCase">
		insert into bm_market_case
		<trim prefix="(" suffix=")" suffixOverrides=",">
			<if test="id != null">
				id,
			</if>
			<if test="uuid != null">
				uuid,
			</if>
			<if test="tenantId != null">
				tenant_id,
			</if>
			<if test="isDeleted != null">
				is_deleted,
			</if>
			<if test="createId != null">
				create_id,
			</if>
			<if test="createTime != null">
				create_time,
			</if>
			<if test="orderCode != null">
				order_code,
			</if>
			<if test="deleteTime != null">
				delete_time,
			</if>
			<if test="remarks != null">
				remarks,
			</if>
			<if test="attachment != null">
				attachment,
			</if>
			<if test="activitys != null">
				activitys,
			</if>
			<if test="name != null">
				name,
			</if>
			<if test="modelId != null">
				model_id,
			</if>
			<if test="status != null">
				status,
			</if>
			<if test="bak1 != null">
				bak1,
			</if>
			<if test="bak2 != null">
				bak2,
			</if>
			<if test="bak3 != null">
				bak3,
			</if>
			<if test="bak4 != null">
				bak4,
			</if>
			<if test="bak5 != null">
				bak5,
			</if>
			<if test="modelKey != null">
				model_key,
			</if>
			<if test="deploymentId != null">
				deployment_id,
			</if>
			<if test="definitionId != null">
				definition_id,
			</if>
			<if test="piId != null">
				pi_id,
			</if>
			<if test="description != null">
				description,
			</if>
			<if test="phoneNum != null">
				phone_num,
			</if>
			<if test="market_id != null">
				market_id,
			</if>
		</trim>
		<trim prefix="values (" suffix=")" suffixOverrides=",">
			<if test="id != null">
				#{id,jdbcType=BIGINT},
			</if>
			<if test="uuid != null">
				#{uuid,jdbcType=VARCHAR},
			</if>
			<if test="tenantId != null">
				#{tenantId,jdbcType=VARCHAR},
			</if>
			<if test="isDeleted != null">
				#{isDeleted,jdbcType=INTEGER},
			</if>
			<if test="createId != null">
				#{createId,jdbcType=BIGINT},
			</if>
			<if test="createTime != null">
				#{createTime,jdbcType=TIMESTAMP},
			</if>
			<if test="orderCode != null">
				#{orderCode,jdbcType=VARCHAR},
			</if>
			<if test="deleteTime != null">
				#{deleteTime,jdbcType=TIMESTAMP},
			</if>
			<if test="remarks != null">
				#{remarks,jdbcType=VARCHAR},
			</if>
			<if test="attachment != null">
				#{attachment,jdbcType=VARCHAR},
			</if>
			<if test="activitys != null">
				#{activitys,jdbcType=VARCHAR},
			</if>
			<if test="name != null">
				#{name,jdbcType=VARCHAR},
			</if>
			<if test="modelId != null">
				#{modelId,jdbcType=BIGINT},
			</if>
			<if test="status != null">
				#{status,jdbcType=INTEGER},
			</if>
			<if test="bak1 != null">
				#{bak1,jdbcType=VARCHAR},
			</if>
			<if test="bak2 != null">
				#{bak2,jdbcType=VARCHAR},
			</if>
			<if test="bak3 != null">
				#{bak3,jdbcType=VARCHAR},
			</if>
			<if test="bak4 != null">
				#{bak4,jdbcType=VARCHAR},
			</if>
			<if test="bak5 != null">
				#{bak5,jdbcType=VARCHAR},
			</if>
			<if test="modelKey != null">
				#{modelKey,jdbcType=VARCHAR},
			</if>
			<if test="deploymentId != null">
				#{deploymentId,jdbcType=VARCHAR},
			</if>
			<if test="definitionId != null">
				#{definitionId,jdbcType=VARCHAR},
			</if>
			<if test="piId != null">
				#{piId,jdbcType=VARCHAR},
			</if>
			<if test="description != null">
				#{description,jdbcType=VARCHAR},
			</if>
			<if test="phoneNum != null">
				#{phoneNum,jdbcType=VARCHAR},
			</if>
			<if test="market_id != null">
				#{market_id,jdbcType=BIGINT},
			</if>
		</trim>
	</insert>
	<update id="updateByPrimaryKeySelective" parameterType="cn.cecook.model.business.markting.BmMarketCase">
		update bm_market_case
		<set>
			<if test="uuid != null">
				uuid = #{uuid,jdbcType=VARCHAR},
			</if>
			<if test="tenantId != null">
				tenant_id = #{tenantId,jdbcType=VARCHAR},
			</if>
			<if test="isDeleted != null">
				is_deleted = #{isDeleted,jdbcType=INTEGER},
			</if>
			<if test="createId != null">
				create_id = #{createId,jdbcType=BIGINT},
			</if>
			<if test="createTime != null">
				create_time = #{createTime,jdbcType=TIMESTAMP},
			</if>
			<if test="orderCode != null">
				order_code = #{orderCode,jdbcType=VARCHAR},
			</if>
			<if test="deleteTime != null">
				delete_time = #{deleteTime,jdbcType=TIMESTAMP},
			</if>
			<if test="remarks != null">
				remarks = #{remarks,jdbcType=VARCHAR},
			</if>
			<if test="attachment != null">
				attachment = #{attachment,jdbcType=VARCHAR},
			</if>
			<if test="activitys != null">
				activitys = #{activitys,jdbcType=VARCHAR},
			</if>
			<if test="name != null">
				name = #{name,jdbcType=VARCHAR},
			</if>
			<if test="modelId != null">
				model_id = #{modelId,jdbcType=BIGINT},
			</if>
			<if test="status != null">
				status = #{status,jdbcType=INTEGER},
			</if>
			<if test="bak1 != null">
				bak1 = #{bak1,jdbcType=VARCHAR},
			</if>
			<if test="bak2 != null">
				bak2 = #{bak2,jdbcType=VARCHAR},
			</if>
			<if test="bak3 != null">
				bak3 = #{bak3,jdbcType=VARCHAR},
			</if>
			<if test="bak4 != null">
				bak4 = #{bak4,jdbcType=VARCHAR},
			</if>
			<if test="bak5 != null">
				bak5 = #{bak5,jdbcType=VARCHAR},
			</if>
			<if test="modelKey != null">
				model_key = #{modelKey,jdbcType=VARCHAR},
			</if>
			<if test="deploymentId != null">
				deployment_id = #{deploymentId,jdbcType=VARCHAR},
			</if>
			<if test="definitionId != null">
				definition_id = #{definitionId,jdbcType=VARCHAR},
			</if>
			<if test="piId != null">
				pi_id = #{piId,jdbcType=VARCHAR},
			</if>
			<if test="description != null">
				description = #{description,jdbcType=VARCHAR},
			</if>
			<if test="phoneNum != null">
				phone_num = #{phoneNum,jdbcType=VARCHAR},
			</if>
			<if test="market_id != null">
				market_id = #{market_id,jdbcType=BIGINT},
			</if>
		</set>
		where id = #{id,jdbcType=BIGINT}
	</update>


	<select id="queryDetail" parameterType="map" resultMap="BaseResultMap">
	select
		<include refid="Base_Column_List" />
		from bm_market_case
		where phone_num = #{mobile} and market_id=#{market_id}

	</select>
</mapper>