<?xml version="1.0" encoding="UTF-8" ?>
<!DOCTYPE mapper PUBLIC "-//mybatis.org//DTD Mapper 3.0//EN" "http://mybatis.org/dtd/mybatis-3-mapper.dtd" >
<mapper namespace="cn.cecook.dao.business.markting.BmMarketActivityMapper">
	<resultMap id="BaseResultMap" type="cn.cecook.model.business.markting.BmActivity">
		<id column="id" property="id" jdbcType="INTEGER" />
		<result column="uuid" property="uuid" jdbcType="VARCHAR" />
		<result column="tenant_id" property="tenantId" jdbcType="VARCHAR" />
		<result column="is_deleted" property="isDeleted" jdbcType="INTEGER" />
		<result column="create_id" property="createId" jdbcType="BIGINT" />
		<result column="create_time" property="createTime" jdbcType="TIMESTAMP" />
		<result column="order_code" property="orderCode" jdbcType="VARCHAR" />
		<result column="delete_time" property="deleteTime" jdbcType="TIMESTAMP" />
		<result column="remarks" property="remarks" jdbcType="VARCHAR" />
		<result column="attachment" property="attachment" jdbcType="VARCHAR" />
		<result column="name" property="name" jdbcType="VARCHAR" />
		<result column="model_id" property="model_id" jdbcType="INTEGER" />
		<result column="description" property="description" jdbcType="VARCHAR" />
		<result column="web_url" property="webUrl" jdbcType="VARCHAR" />
		<result column="pic_url" property="picUrl" jdbcType="VARCHAR" />
		<result column="coupon_send_type" property="couponSendType"
			jdbcType="VARCHAR" />
		<result column="start_date" property="startDate" jdbcType="VARCHAR" />
		<result column="effective_day" property="effectiveDay"
			jdbcType="INTEGER" />
		<result column="effective_status" property="effectiveStatus"
			jdbcType="INTEGER" />
		<result column="coupon_number" property="couponNumber"
			jdbcType="INTEGER" />
		<result column="tag" property="tag" jdbcType="VARCHAR" />
		<result column="tag_defined" property="tagDefined" jdbcType="VARCHAR" />
		<result column="title" property="title" jdbcType="VARCHAR" />
		<result column="content" property="content" jdbcType="VARCHAR" />
		<result column="pic" property="pic" jdbcType="VARCHAR" />
		<result column="status" property="status" jdbcType="INTEGER" />
		<result column="check_status" property="checkStatus" jdbcType="INTEGER" />
		<result column="check_descrption" property="checkDescrption"
			jdbcType="VARCHAR" />
		<result column="overview" property="overview" jdbcType="VARCHAR" />
		<result column="statistic" property="statistic" jdbcType="VARCHAR" />
		<result column="share_channel" property="shareChannel"
			jdbcType="VARCHAR" />
		<result column="browse_number" property="browseNumber"
			jdbcType="VARCHAR" />
		<result column="submit_numer" property="submitNumer" jdbcType="VARCHAR" />
		<result column="ratio" property="ratio" jdbcType="VARCHAR" />
		<result column="head_pic" property="head_pic" jdbcType="VARCHAR" />
		<result column="market_rule_id" property="market_rule_id"
			jdbcType="INTEGER" />

	</resultMap>

	<sql id="Base_Column_List">
		id, uuid, tenant_id, is_deleted, create_id, create_time,
		order_code,
		delete_time,
		remarks, attachment, name, description,
		web_url, pic_url, coupon_send_type,
		start_date,
		effective_day,
		effective_status, coupon_number, tag, tag_defined, title, content,
		pic, status, check_status, check_descrption, overview, statistic,
		share_channel,
		browse_number, submit_numer, ratio,type,
	</sql>

	<sql id="activity_Column_List">
		id, is_deleted, uuid, tenant_id, create_id, create_time,
		delete_time,
		remarks, attachment, name, description,
		web_url, pic_url,
		coupon_send_type,
		start_date,
		effective_day,
		effective_status,
		coupon_number, tag, tag_defined, title, content,
		pic, status,
		check_status, check_descrption, overview, statistic,
		share_channel,
		browse_number, submit_numer, ratio,
		head_pic,hot_tag,transmit_rule,IFNULL(DATE_FORMAT(start_time,'%Y-%m-%d'),"")
		as start_time,IFNULL(DATE_FORMAT(end_time,'%Y-%m-%d'),"") as
		end_time,coupon_expire_day,
		equipment_facilities,original_price,discount_price,
		activity_restrict,commit_info,weibo_qrcode,weixin_qrcode,detail_rule,
		browse_num,receive_coupon_num,write_off_num,background_pic,background_music,protrait_tag

	</sql>


	<insert id="insertSelective" useGeneratedKeys="true"
		keyProperty="id" parameterType="cn.cecook.model.business.markting.BmActivity">
		insert into bm_market_activity
		<trim prefix="(" suffix=")" suffixOverrides=",">
			<if test="id != null">
				id,
			</if>
			<if test="uuid != null">
				uuid,
			</if>
			<if test="tenantId != null">
				tenant_id,
			</if>
			<if test="isDeleted != null">
				is_deleted,
			</if>
			<if test="createId != null">
				create_id,
			</if>
			<if test="createTime != null">
				create_time,
			</if>
			<if test="orderCode != null">
				order_code,
			</if>
			<if test="deleteTime != null">
				delete_time,
			</if>
			<if test="remarks != null">
				remarks,
			</if>
			<if test="attachment != null">
				attachment,
			</if>
			<if test="name != null">
				name,
			</if>
			<if test="description != null">
				description,
			</if>
			<if test="webUrl != null">
				web_url,
			</if>
			<if test="picUrl != null">
				pic_url,
			</if>
			<if test="couponSendType != null">
				coupon_send_type,
			</if>
			<if test="startDate != null">
				start_date,
			</if>
			<if test="effectiveDay != null">
				effective_day,
			</if>
			<if test="effectiveStatus != null">
				effective_status,
			</if>
			<if test="couponNumber != null">
				coupon_number,
			</if>
			<if test="tag != null">
				tag,
			</if>
			<if test="tagDefined != null">
				tag_defined,
			</if>
			<if test="title != null">
				title,
			</if>
			<if test="content != null">
				content,
			</if>
			<if test="pic != null">
				pic,
			</if>
			<if test="status != null">
				status,
			</if>
			<if test="checkStatus != null">
				check_status,
			</if>
			<if test="checkDescrption != null">
				check_descrption,
			</if>
			<if test="overview != null">
				overview,
			</if>
			<if test="statistic != null">
				statistic,
			</if>
			<if test="shareChannel != null">
				share_channel,
			</if>
			<if test="browseNumber != null">
				browse_number,
			</if>
			<if test="submitNumer != null">
				submit_numer,
			</if>
			<if test="ratio != null">
				ratio,
			</if>
			<if test="model_id != null">
				model_id,
			</if>
			<if test="head_pic != null">
				head_pic,
			</if>
			<if test="bak1 != null">
				bak1,
			</if>
			<if test="bak2 != null">
				bak2,
			</if>
			<if test="bak3 != null">
				bak3,
			</if>
			<if test="bak4 != null">
				bak4,
			</if>
			<if test="bak5 != null">
				bak5,
			</if>
			<if test="transmit_rule != null">
				transmit_rule,
			</if>
			<if test="start_time != null">
				start_time,
			</if>
			<if test="end_time != null">
				end_time,
			</if>
			<if test="coupon_expire_day != null">
				coupon_expire_day,
			</if>

			<if test="equipment_facilities != null">
				equipment_facilities,
			</if>
			<if test="original_price != null">
				original_price,
			</if>
			<if test="discount_price != null">
				discount_price,
			</if>
			<if test="activity_restrict != null">
				activity_restrict,
			</if>
			<if test="commit_info != null">
				commit_info,
			</if>
			<if test="weibo_qrcode != null">
				weibo_qrcode,
			</if>
			<if test="weixin_qrcode != null">
				weixin_qrcode,
			</if>
			<if test="detail_rule != null">
				detail_rule,
			</if>
			<if test="background_pic != null">
				background_pic,
			</if>
			<if test="background_music != null">
				background_music,
			</if>

			<if test="button_text != null">
				button_text,
			</if>
			<if test="button_css != null">
				button_css,
			</if>
			<if test="theme_info != null">
				theme_info,
			</if>
			<if test="theme_info_color != null">
				theme_info_color,
			</if>
			<if test="text_info_color != null">
				text_info_color,
			</if>
			<if test="market_rule_id != null">
				market_rule_id,
			</if>
		</trim>
		<trim prefix="values (" suffix=")" suffixOverrides=",">
			<if test="id != null">
				#{id,jdbcType=INTEGER},
			</if>
			<if test="uuid != null">
				#{uuid,jdbcType=VARCHAR},
			</if>
			<if test="tenantId != null">
				#{tenantId,jdbcType=VARCHAR},
			</if>
			<if test="isDeleted != null">
				#{isDeleted,jdbcType=INTEGER},
			</if>
			<if test="createId != null">
				#{createId,jdbcType=BIGINT},
			</if>
			<if test="createTime != null">
				#{createTime,jdbcType=TIMESTAMP},
			</if>
			<if test="orderCode != null">
				#{orderCode,jdbcType=VARCHAR},
			</if>
			<if test="deleteTime != null">
				#{deleteTime,jdbcType=TIMESTAMP},
			</if>
			<if test="remarks != null">
				#{remarks,jdbcType=VARCHAR},
			</if>
			<if test="attachment != null">
				#{attachment,jdbcType=VARCHAR},
			</if>
			<if test="name != null">
				#{name,jdbcType=VARCHAR},
			</if>
			<if test="description != null">
				#{description,jdbcType=VARCHAR},
			</if>
			<if test="webUrl != null">
				#{webUrl,jdbcType=VARCHAR},
			</if>
			<if test="picUrl != null">
				#{picUrl,jdbcType=VARCHAR},
			</if>
			<if test="couponSendType != null">
				#{couponSendType,jdbcType=VARCHAR},
			</if>
			<if test="startDate != null">
				#{startDate,jdbcType=VARCHAR},
			</if>
			<if test="effectiveDay != null">
				#{effectiveDay,jdbcType=INTEGER},
			</if>
			<if test="effectiveStatus != null">
				#{effectiveStatus,jdbcType=INTEGER},
			</if>
			<if test="couponNumber != null">
				#{couponNumber,jdbcType=INTEGER},
			</if>
			<if test="tag != null">
				#{tag,jdbcType=VARCHAR},
			</if>
			<if test="tagDefined != null">
				#{tagDefined,jdbcType=VARCHAR},
			</if>
			<if test="title != null">
				#{title,jdbcType=VARCHAR},
			</if>
			<if test="content != null">
				#{content,jdbcType=VARCHAR},
			</if>
			<if test="pic != null">
				#{pic,jdbcType=VARCHAR},
			</if>
			<if test="status != null">
				#{status,jdbcType=INTEGER},
			</if>
			<if test="checkStatus != null">
				#{checkStatus,jdbcType=INTEGER},
			</if>
			<if test="checkDescrption != null">
				#{checkDescrption,jdbcType=VARCHAR},
			</if>
			<if test="overview != null">
				#{overview,jdbcType=VARCHAR},
			</if>
			<if test="statistic != null">
				#{statistic,jdbcType=VARCHAR},
			</if>
			<if test="shareChannel != null">
				#{shareChannel,jdbcType=VARCHAR},
			</if>
			<if test="browseNumber != null">
				#{browseNumber,jdbcType=VARCHAR},
			</if>
			<if test="submitNumer != null">
				#{submitNumer,jdbcType=VARCHAR},
			</if>
			<if test="ratio != null">
				#{ratio,jdbcType=VARCHAR},
			</if>
			<if test="model_id != null">
				#{model_id,jdbcType=INTEGER},
			</if>
			<if test="head_pic != null">
				#{head_pic,jdbcType=VARCHAR},
			</if>
			<if test="bak1 != null">
				#{bak1,jdbcType=VARCHAR},
			</if>
			<if test="bak2 != null">
				#{bak2,jdbcType=VARCHAR},
			</if>
			<if test="bak3 != null">
				#{bak3,jdbcType=VARCHAR},
			</if>
			<if test="bak4 != null">
				#{bak4,jdbcType=VARCHAR},
			</if>
			<if test="bak5 != null">
				#{bak5,jdbcType=VARCHAR},
			</if>
			<if test="transmit_rule != null">
				#{transmit_rule,jdbcType=INTEGER},
			</if>
			<if test="start_time != null">
				#{start_time,jdbcType=TIMESTAMP},
			</if>
			<if test="end_time != null">
				#{end_time,jdbcType=TIMESTAMP},
			</if>
			<if test="coupon_expire_day != null">
				#{coupon_expire_day,jdbcType=INTEGER},
			</if>
			<if test="equipment_facilities != null">
				#{equipment_facilities,jdbcType=VARCHAR},
			</if>
			<if test="original_price != null">
				#{original_price,jdbcType=DOUBLE},
			</if>
			<if test="discount_price != null">
				#{discount_price,jdbcType=DOUBLE},
			</if>
			<if test="activity_restrict != null">
				#{activity_restrict,jdbcType=VARCHAR},
			</if>
			<if test="commit_info != null">
				#{commit_info,jdbcType=VARCHAR},
			</if>
			<if test="weibo_qrcode != null">
				#{weibo_qrcode,jdbcType=VARCHAR},
			</if>
			<if test="weixin_qrcode != null">
				#{weixin_qrcode,jdbcType=VARCHAR},
			</if>
			<if test="detail_rule != null">
				#{detail_rule,jdbcType=VARCHAR},
			</if>
			<if test="background_pic != null">
				#{background_pic,jdbcType=VARCHAR},
			</if>
			<if test="background_music != null">
				#{background_music,jdbcType=VARCHAR},
			</if>


			<if test="button_text != null">
				#{button_text,jdbcType=VARCHAR},
			</if>

			<if test="button_css != null">
				#{button_css,jdbcType=VARCHAR},
			</if>

			<if test="theme_info != null">
				#{theme_info,jdbcType=VARCHAR},
			</if>
			<if test="theme_info_color != null">
				#{theme_info_color,jdbcType=VARCHAR},
			</if>
			<if test="text_info_color != null">
				#{text_info_color,jdbcType=VARCHAR},
			</if>
			<if test="market_rule_id != null">
				#{market_rule_id},
			</if>
		</trim>
	</insert>

	<select id="getMarketActivityDetail" resultType="cn.cecook.model.business.markting.BmActivity"
		parameterType="java.lang.Long">

		select *,coupon_number as couponNumber
		from bm_market_activity where id=#{id}
	</select>

	<select id="getDetail" resultType="cn.cecook.bean.business.markting.SmartActivityBean"
		parameterType="java.lang.Long">
		select
		t1.*,t2.send_object,t2.send_time,t2.send_type,t2.behavior_rule,t2.receive_rule,t2.bak1 AS sms_content
		from bm_market_activity t1,bm_market_rule t2 where
		t1.id=#{id} and
		t1.market_rule_id=t2.id

	</select>
	<select id="getDetail22" resultType="map" parameterType="java.lang.Long">
		select
		a.id, a.name, a.description, a.web_url, a.pic_url, a.coupon_send_type,
		a.start_date, a.effective_day, a.effective_status, a.coupon_number,
		a.tag, a.tag_defined, a.title, a.content, a.pic, a.status,
		a.check_status, a.check_descrption, a.statistic, a.share_channel,
		a.browse_number, a.submit_numer, a.ratio, a.head_pic, a.hot_tag,
		a.transmit_rule,IFNULL(DATE_FORMAT( a.start_time,'%Y-%m-%d'),"") as
		start_time,IFNULL(DATE_FORMAT( a.end_time,'%Y-%m-%d'),"") as
		end_time,coupon_expire_day,
		equipment_facilities,original_price,discount_price,
		activity_restrict,commit_info,weibo_qrcode,weixin_qrcode,detail_rule,
		browse_num,receive_coupon_num,write_off_num
		from bm_market_activity
		a,bm_market_rule where
		a.id=#{id} and
		a.market_rule_id=bm_market_rule.id

	</select>


	<update id="insertRule" parameterType="map">
		update bm_market_activity
		set market_rule_id=#{market_rule_id} where id=#{market_id}

	</update>

	<update id="deleteSmartActivity" parameterType="java.lang.Long">
		update
		bm_market_activity
		set is_deleted=1 where id=#{market_id}

	</update>
	<update id="deleteRule" parameterType="java.lang.Long">
		update bm_market_activity
		set market_rule_id=0 where id=#{market_id}
	</update>

	<select id="getMarketActivityList" resultType="cn.cecook.bean.business.markting.SmartActivityBean">
		select e.send_object,e.send_time,e.id as
		rule_id,e.send_type,e.behavior_rule,e.receive_rule,e.bak1 as sms_content,a.id,a.bak1,a.name,a.market_rule_id,IFNULL(b.browse_number,0)
		browse_number,IFNULL(c.submit_numer,0)
		submit_numer,IFNULL(d.consumption_amount,0)
		consumption_amount,IFNULL(d.write_off_num,0)
		write_off_num,IFNULL(t.transmitNum,0) AS transmitNum
		FROM
		bm_market_activity a
		LEFT JOIN (select
		activity_id,IFNULL(count(activity_id),0) as
		browse_number from
		bm_activity_browse where activity_type=1 GROUP BY activity_id) b on
		a.id=b.activity_id
		LEFT
		JOIN (select
		activity_id,IFNULL(count(activity_id),0) as submit_numer
		from bm_coupon
		where activity_type=1 GROUP BY activity_id) c on
		a.id=c.activity_id
		LEFT JOIN
		(select
		activity_id,IFNULL(sum(consumption_amount),0) as
		consumption_amount,COUNT(1) as write_off_num from bm_write_off
		where
		activity_type=1 GROUP
		BY activity_id) d on a.id=d.activity_id
		LEFT JOIN
		(select * from
		bm_market_rule) e on a.market_rule_id=e.id

		LEFT JOIN (SELECT count(1) AS transmitNum,activity_id from bm_transmit
		where activity_type=1 GROUP BY activity_id) t on a.id=t.activity_id

		where
		a.id in
		<foreach item="item" index="index" collection="list" open="("
			separator="," close=")">
			#{item}
		</foreach>
		order by a.id

	</select>



	<select id="marketActivityList" resultType="map">
		select a.`name`,a.id,b.send_object,b.send_type,b.behavior_rule,b.id as
		market_rule_id,b.send_time from bm_market_activity a,bm_market_rule b
		where a.market_rule_id=b.id AND a.id in
		<foreach item="item" index="index" collection="list" open="("
			separator="," close=")">
			#{item}
		</foreach>
	</select>

	<update id="deleteByCollection">
		UPDATE bm_market_activity set is_deleted=1 where id IN
		<foreach item="item" index="index" collection="list" open="("
			separator="," close=")">
			#{item}
		</foreach>
	</update>

	<update id="updateMarketIdByCollection" parameterType="map">
		UPDATE bm_market_activity set market_id=#{market_id} where id IN
		<foreach item="item" index="index" collection="ids" open="("
			separator="," close=")">
			#{item}
		</foreach>
	</update>


	<select id="queryMartketByActivityId" parameterType="java.lang.Long"
		resultType="map">
		select a.remarks,
		a.uuid,a.market_id,b.activitys,b.`status`,b.model_key,b.definition_id,b.deployment_id,b.start_activity_id
		from bm_market_activity a,bm_market b where a.market_id=b.id AND
		a.id=#{activity_id}
	</select>
	<!-- 智能营销开启需要的流程数据 -->
	<select id="queryMarketFlowData" parameterType="java.lang.Long"
		resultType="cn.cecook.bean.business.markting.MarketFlowData">
		select
		a.tag,a.bak1,a.create_id,
		a.id,a.tenant_id,a.uuid,a.name
		activity_name,a.description activity_description,
		a.web_url
		activity_url,a.coupon_send_type,a.coupon_number,
		a.transmit_rule,a.start_time,a.end_time,
		DATE_ADD(end_time,INTERVAL
		-a.coupon_expire_day day) as expire_time,
		b.send_time,b.send_type,b.behavior_rule
		from bm_market_activity
		a,bm_market_rule b where
		a.id=#{activity_id} and
		a.market_rule_id=b.id;

	</select>


	<update id="updateUrl" parameterType="map">
		update bm_market_activity
		set web_url=#{url} where id=#{id}

	</update>

</mapper>