<?xml version="1.0" encoding="UTF-8" ?>
<!DOCTYPE mapper PUBLIC "-//mybatis.org//DTD Mapper 3.0//EN" "http://mybatis.org/dtd/mybatis-3-mapper.dtd" >
<mapper namespace="cn.cecook.dao.business.markting.BmMarketingModelMapper">
	<resultMap id="BaseResultMap" type="cn.cecook.model.business.markting.BmMarketingModel">
		<id column="id" property="id" jdbcType="INTEGER" />
		<result column="uuid" property="uuid" jdbcType="VARCHAR" />
		<result column="tenant_id" property="tenantId" jdbcType="VARCHAR" />
		<result column="is_deleted" property="isDeleted" jdbcType="INTEGER" />
		<result column="create_id" property="createId" jdbcType="BIGINT" />
		<result column="create_time" property="createTime" jdbcType="TIMESTAMP" />
		<result column="order_code" property="orderCode" jdbcType="VARCHAR" />
		<result column="delete_time" property="deleteTime" jdbcType="TIMESTAMP" />
		<result column="remarks" property="remarks" jdbcType="VARCHAR" />
		<result column="attachment" property="attachment" jdbcType="VARCHAR" />
		<result column="name" property="name" jdbcType="VARCHAR" />
		<result column="model_key" property="modelKey" jdbcType="VARCHAR" />
		<result column="bpmn_resource" property="bpmnResource"
			jdbcType="VARCHAR" />
		<result column="bpmn_image" property="bpmnImage" jdbcType="VARCHAR" />
		<result column="model_type" property="modelType" jdbcType="VARCHAR" />
		<result column="status" property="status" jdbcType="INTEGER" />
		<result column="description" property="description" jdbcType="VARCHAR" />
		<result column="model_url" property="modelUrl" jdbcType="VARCHAR" />
		<result column="recommend_tag" property="recommend_tag"
			jdbcType="INTEGER" />
		<result column="bak1" property="bak1" jdbcType="VARCHAR" />
		<result column="bak2" property="bak2" jdbcType="VARCHAR" />
		<result column="bak3" property="bak3" jdbcType="VARCHAR" />
		<result column="bak4" property="bak4" jdbcType="VARCHAR" />
		<result column="bak5" property="bak5" jdbcType="VARCHAR" />
	</resultMap>

	<sql id="Base_Column_List">
		id, uuid, tenant_id, is_deleted, create_id, create_time, order_code,
		delete_time,
		remarks, attachment, name, model_key, bpmn_resource, bpmn_image, model_type,
		status,
		description, model_url,recommend_tag,bak1, bak2, bak3, bak4, bak5
	</sql>

	<select id="selectByPrimaryKey" resultMap="BaseResultMap"
		parameterType="java.lang.Integer">
		select
		<include refid="Base_Column_List" />
		from bm_marketing_model
		where id = #{id,jdbcType=INTEGER}
	</select>
	<delete id="deleteByPrimaryKey" parameterType="java.lang.Integer">
		delete from bm_marketing_model
		where id = #{id,jdbcType=INTEGER}
	</delete>


	<insert id="insertSelective" parameterType="cn.cecook.model.business.markting.BmMarketingModel">
		insert into bm_marketing_model
		<trim prefix="(" suffix=")" suffixOverrides=",">
			<if test="id != null">
				id,
			</if>
			<if test="uuid != null">
				uuid,
			</if>
			<if test="tenantId != null">
				tenant_id,
			</if>
			<if test="isDeleted != null">
				is_deleted,
			</if>
			<if test="createId != null">
				create_id,
			</if>
			<if test="createTime != null">
				create_time,
			</if>
			<if test="orderCode != null">
				order_code,
			</if>
			<if test="deleteTime != null">
				delete_time,
			</if>
			<if test="remarks != null">
				remarks,
			</if>
			<if test="attachment != null">
				attachment,
			</if>
			<if test="name != null">
				name,
			</if>
			<if test="modelKey != null">
				model_key,
			</if>
			<if test="bpmnResource != null">
				bpmn_resource,
			</if>
			<if test="bpmnImage != null">
				bpmn_image,
			</if>
			<if test="modelType != null">
				model_type,
			</if>
			<if test="status != null">
				status,
			</if>
			<if test="description != null">
				description,
			</if>
			<if test="modelUrl != null">
				model_url,
			</if>
			<if test="bak1 != null">
				bak1,
			</if>
			<if test="bak2 != null">
				bak2,
			</if>
			<if test="bak3 != null">
				bak3,
			</if>
			<if test="bak4 != null">
				bak4,
			</if>
			<if test="bak5 != null">
				bak5,
			</if>
		</trim>
		<trim prefix="values (" suffix=")" suffixOverrides=",">
			<if test="id != null">
				#{id,jdbcType=INTEGER},
			</if>
			<if test="uuid != null">
				#{uuid,jdbcType=VARCHAR},
			</if>
			<if test="tenantId != null">
				#{tenantId,jdbcType=VARCHAR},
			</if>
			<if test="isDeleted != null">
				#{isDeleted,jdbcType=INTEGER},
			</if>
			<if test="createId != null">
				#{createId,jdbcType=BIGINT},
			</if>
			<if test="createTime != null">
				#{createTime,jdbcType=TIMESTAMP},
			</if>
			<if test="orderCode != null">
				#{orderCode,jdbcType=VARCHAR},
			</if>
			<if test="deleteTime != null">
				#{deleteTime,jdbcType=TIMESTAMP},
			</if>
			<if test="remarks != null">
				#{remarks,jdbcType=VARCHAR},
			</if>
			<if test="attachment != null">
				#{attachment,jdbcType=VARCHAR},
			</if>
			<if test="name != null">
				#{name,jdbcType=VARCHAR},
			</if>
			<if test="modelKey != null">
				#{modelKey,jdbcType=VARCHAR},
			</if>
			<if test="bpmnResource != null">
				#{bpmnResource,jdbcType=VARCHAR},
			</if>
			<if test="bpmnImage != null">
				#{bpmnImage,jdbcType=VARCHAR},
			</if>
			<if test="modelType != null">
				#{modelType,jdbcType=VARCHAR},
			</if>
			<if test="status != null">
				#{status,jdbcType=INTEGER},
			</if>
			<if test="description != null">
				#{description,jdbcType=VARCHAR},
			</if>
			<if test="modelUrl != null">
				#{modelUrl,jdbcType=VARCHAR},
			</if>
			<if test="bak1 != null">
				#{bak1,jdbcType=VARCHAR},
			</if>
			<if test="bak2 != null">
				#{bak2,jdbcType=VARCHAR},
			</if>
			<if test="bak3 != null">
				#{bak3,jdbcType=VARCHAR},
			</if>
			<if test="bak4 != null">
				#{bak4,jdbcType=VARCHAR},
			</if>
			<if test="bak5 != null">
				#{bak5,jdbcType=VARCHAR},
			</if>
		</trim>
	</insert>



	<update id="updateByPrimaryKeySelective" parameterType="cn.cecook.model.business.markting.BmMarketingModel">
		update bm_marketing_model
		<set>
			<if test="uuid != null">
				uuid = #{uuid,jdbcType=VARCHAR},
			</if>
			<if test="tenantId != null">
				tenant_id = #{tenantId,jdbcType=VARCHAR},
			</if>
			<if test="isDeleted != null">
				is_deleted = #{isDeleted,jdbcType=INTEGER},
			</if>
			<if test="createId != null">
				create_id = #{createId,jdbcType=BIGINT},
			</if>
			<if test="createTime != null">
				create_time = #{createTime,jdbcType=TIMESTAMP},
			</if>
			<if test="orderCode != null">
				order_code = #{orderCode,jdbcType=VARCHAR},
			</if>
			<if test="deleteTime != null">
				delete_time = #{deleteTime,jdbcType=TIMESTAMP},
			</if>
			<if test="remarks != null">
				remarks = #{remarks,jdbcType=VARCHAR},
			</if>
			<if test="attachment != null">
				attachment = #{attachment,jdbcType=VARCHAR},
			</if>
			<if test="name != null">
				name = #{name,jdbcType=VARCHAR},
			</if>
			<if test="modelKey != null">
				model_key = #{modelKey,jdbcType=VARCHAR},
			</if>
			<if test="bpmnResource != null">
				bpmn_resource = #{bpmnResource,jdbcType=VARCHAR},
			</if>
			<if test="bpmnImage != null">
				bpmn_image = #{bpmnImage,jdbcType=VARCHAR},
			</if>
			<if test="modelType != null">
				model_type = #{modelType,jdbcType=VARCHAR},
			</if>
			<if test="status != null">
				status = #{status,jdbcType=INTEGER},
			</if>
			<if test="description != null">
				description = #{description,jdbcType=VARCHAR},
			</if>
			<if test="modelUrl != null">
				model_url = #{modelUrl,jdbcType=VARCHAR},
			</if>
			<if test="bak1 != null">
				bak1 = #{bak1,jdbcType=VARCHAR},
			</if>
			<if test="bak2 != null">
				bak2 = #{bak2,jdbcType=VARCHAR},
			</if>
			<if test="bak3 != null">
				bak3 = #{bak3,jdbcType=VARCHAR},
			</if>
			<if test="bak4 != null">
				bak4 = #{bak4,jdbcType=VARCHAR},
			</if>
			<if test="bak5 != null">
				bak5 = #{bak5,jdbcType=VARCHAR},
			</if>
		</set>
		where id = #{id,jdbcType=INTEGER}
	</update>


	<select id="getModelList" resultType="map" parameterType="map">
		select
		<include refid="Base_Column_List" />
		from bm_marketing_model where is_deleted=0
		<if test="key_word!=null and key_word!=''">
			and name like CONCAT('%',#{key_word},'%')
		</if>
		<if test="tag!=null ">
			and recommend_tag=#{tag}
		</if>

	</select>

	<select id="getModelDetail" resultMap="BaseResultMap"
		parameterType="java.lang.Integer">
		select
		<include refid="Base_Column_List" />
		from bm_marketing_model
		where id = #{id,jdbcType=INTEGER}
	</select>

	<update id="activate" parameterType="java.lang.Integer">
		update bm_marketing_model
		set status=1 where id=#{id,jdbcType=INTEGER}
	</update>

	<update id="suspend" parameterType="java.lang.Integer">
		update bm_marketing_model set
		status=0 where id=#{id,jdbcType=INTEGER}
	</update>


	<select id="countUseNum" parameterType="java.lang.Integer"
		resultType="java.lang.Integer">
		select IFNULL(count(model_id),0) from bm_market where model_id=#{id};
	</select>

	<update id="manageRecommend" parameterType="map">
		update bm_marketing_model set recommend_tag=#{tag} where id=#{id}
	</update>


</mapper>