<?xml version="1.0" encoding="UTF-8" ?>
<!DOCTYPE mapper PUBLIC "-//mybatis.org//DTD Mapper 3.0//EN" "http://mybatis.org/dtd/mybatis-3-mapper.dtd" >
<mapper namespace="cn.cecook.dao.business.markting.BmMusicListMapper">
	<resultMap id="BaseResultMap" type="cn.cecook.model.business.markting.BmMusicList">
		<id column="id" property="id" jdbcType="BIGINT" />
		<result column="uuid" property="uuid" jdbcType="VARCHAR" />
		<result column="tenant_id" property="tenantId" jdbcType="VARCHAR" />
		<result column="is_deleted" property="isDeleted" jdbcType="INTEGER" />
		<result column="create_id" property="createId" jdbcType="BIGINT" />
		<result column="create_time" property="createTime" jdbcType="TIMESTAMP" />
		<result column="order_code" property="orderCode" jdbcType="VARCHAR" />
		<result column="delete_time" property="deleteTime" jdbcType="TIMESTAMP" />
		<result column="remarks" property="remarks" jdbcType="VARCHAR" />
		<result column="attachment" property="attachment" jdbcType="VARCHAR" />
		<result column="name" property="name" jdbcType="VARCHAR" />
		<result column="size" property="size" jdbcType="VARCHAR" />
		<result column="duration" property="duration" jdbcType="VARCHAR" />
		<result column="author" property="author" jdbcType="VARCHAR" />
		<result column="url" property="url" jdbcType="VARCHAR" />
		<result column="lyric" property="lyric" jdbcType="VARCHAR" />
		<result column="format" property="format" jdbcType="VARCHAR" />
		<result column="background_pic" property="backgroundPic"
			jdbcType="VARCHAR" />
	</resultMap>


	<sql id="Base_Column_List">
		id, uuid, tenant_id, is_deleted, create_id, create_time,
		order_code,
		delete_time,
		remarks, attachment, name, size, duration,
		author, url, lyric, format,
		background_pic
	</sql>

	<select id="selectByPrimaryKey" resultType="cn.cecook.bean.business.markting.MusicBean"
		parameterType="java.lang.Long">
		select
		id,name,size,duration,author,url,lyric,format,background_pic,date_format(create_time,
		'%Y-%m-%d %T') as create_time,IFNULL(date_format(delete_time,
		'%Y-%m-%d %T'),"") as delete_time from bm_music_list
		where id =
		#{id,jdbcType=BIGINT}
	</select>
	<update id="deleteByPrimaryKey" parameterType="java.lang.Long">
		update
		bm_music_list set is_deleted=1
		where id = #{id,jdbcType=BIGINT}
	</update>


	<insert id="insertSelective" useGeneratedKeys="true"
		keyProperty="id" parameterType="cn.cecook.model.business.markting.BmMusicList">
		insert into bm_music_list
		<trim prefix="(" suffix=")" suffixOverrides=",">
			<if test="id != null">
				id,
			</if>
			<if test="uuid != null">
				uuid,
			</if>
			<if test="tenantId != null">
				tenant_id,
			</if>
			<if test="isDeleted != null">
				is_deleted,
			</if>
			<if test="createId != null">
				create_id,
			</if>
			<if test="createTime != null">
				create_time,
			</if>
			<if test="orderCode != null">
				order_code,
			</if>
			<if test="deleteTime != null">
				delete_time,
			</if>
			<if test="remarks != null">
				remarks,
			</if>
			<if test="attachment != null">
				attachment,
			</if>
			<if test="name != null">
				name,
			</if>
			<if test="size != null">
				size,
			</if>
			<if test="duration != null">
				duration,
			</if>
			<if test="author != null">
				author,
			</if>
			<if test="url != null">
				url,
			</if>
			<if test="lyric != null">
				lyric,
			</if>
			<if test="format != null">
				format,
			</if>
			<if test="backgroundPic != null">
				background_pic,
			</if>
		</trim>
		<trim prefix="values (" suffix=")" suffixOverrides=",">
			<if test="id != null">
				#{id,jdbcType=BIGINT},
			</if>
			<if test="uuid != null">
				#{uuid,jdbcType=VARCHAR},
			</if>
			<if test="tenantId != null">
				#{tenantId,jdbcType=VARCHAR},
			</if>
			<if test="isDeleted != null">
				#{isDeleted,jdbcType=INTEGER},
			</if>
			<if test="createId != null">
				#{createId,jdbcType=BIGINT},
			</if>
			<if test="createTime != null">
				#{createTime,jdbcType=TIMESTAMP},
			</if>
			<if test="orderCode != null">
				#{orderCode,jdbcType=VARCHAR},
			</if>
			<if test="deleteTime != null">
				#{deleteTime,jdbcType=TIMESTAMP},
			</if>
			<if test="remarks != null">
				#{remarks,jdbcType=VARCHAR},
			</if>
			<if test="attachment != null">
				#{attachment,jdbcType=VARCHAR},
			</if>
			<if test="name != null">
				#{name,jdbcType=VARCHAR},
			</if>
			<if test="size != null">
				#{size,jdbcType=VARCHAR},
			</if>
			<if test="duration != null">
				#{duration,jdbcType=VARCHAR},
			</if>
			<if test="author != null">
				#{author,jdbcType=VARCHAR},
			</if>
			<if test="url != null">
				#{url,jdbcType=VARCHAR},
			</if>
			<if test="lyric != null">
				#{lyric,jdbcType=VARCHAR},
			</if>
			<if test="format != null">
				#{format,jdbcType=VARCHAR},
			</if>
			<if test="backgroundPic != null">
				#{backgroundPic,jdbcType=VARCHAR},
			</if>
		</trim>
	</insert>



	<update id="updateByPrimaryKeySelective" parameterType="cn.cecook.model.business.markting.BmMusicList">
		update bm_music_list
		<set>
			<if test="uuid != null">
				uuid = #{uuid,jdbcType=VARCHAR},
			</if>
			<if test="tenantId != null">
				tenant_id = #{tenantId,jdbcType=VARCHAR},
			</if>
			<if test="isDeleted != null">
				is_deleted = #{isDeleted,jdbcType=INTEGER},
			</if>
			<if test="createId != null">
				create_id = #{createId,jdbcType=BIGINT},
			</if>
			<if test="createTime != null">
				create_time = #{createTime,jdbcType=TIMESTAMP},
			</if>
			<if test="orderCode != null">
				order_code = #{orderCode,jdbcType=VARCHAR},
			</if>
			<if test="deleteTime != null">
				delete_time = #{deleteTime,jdbcType=TIMESTAMP},
			</if>
			<if test="remarks != null">
				remarks = #{remarks,jdbcType=VARCHAR},
			</if>
			<if test="attachment != null">
				attachment = #{attachment,jdbcType=VARCHAR},
			</if>
			<if test="name != null">
				name = #{name,jdbcType=VARCHAR},
			</if>
			<if test="size != null">
				size = #{size,jdbcType=VARCHAR},
			</if>
			<if test="duration != null">
				duration = #{duration,jdbcType=VARCHAR},
			</if>
			<if test="author != null">
				author = #{author,jdbcType=VARCHAR},
			</if>
			<if test="url != null">
				url = #{url,jdbcType=VARCHAR},
			</if>
			<if test="lyric != null">
				lyric = #{lyric,jdbcType=VARCHAR},
			</if>
			<if test="format != null">
				format = #{format,jdbcType=VARCHAR},
			</if>
			<if test="backgroundPic != null">
				background_pic = #{backgroundPic,jdbcType=VARCHAR},
			</if>
		</set>
		where id = #{id,jdbcType=BIGINT}
	</update>
	<!-- 查询音乐列表 -->
	<select id="getMusicList" parameterType="map"
		resultType="cn.cecook.bean.business.markting.MusicBean">
		select
		id,name,size,duration,author,url,lyric,format,background_pic,date_format(create_time,
		'%Y-%m-%d %T') as create_time,IFNULL(date_format(delete_time,
		'%Y-%m-%d %T'),"") as delete_time from bm_music_list
		where
		is_deleted=0
		<if test="keyWord!=null and keyWord!=''">
			and name LIKE CONCAT('%',#{keyWord},'%')
		</if>
		limit #{startIndex},#{pageSize}
	</select>


	<select id="count" parameterType="java.lang.String" resultType="java.lang.Integer">
		select IFNULL(count(1),0) as count from bm_music_list where is_deleted=0
		<if test="keyWord!=null and keyWord!=''">
			and name LIKE CONCAT('%',#{keyWord},'%')
		</if>

	</select>

</mapper>