<?xml version="1.0" encoding="UTF-8" ?>
<!DOCTYPE mapper PUBLIC "-//mybatis.org//DTD Mapper 3.0//EN" "http://mybatis.org/dtd/mybatis-3-mapper.dtd" >
<mapper namespace="cn.cecook.dao.business.markting.BmReserveActivityMapper">
	<resultMap id="BaseResultMap" type="cn.cecook.model.business.markting.BmReserveActivity">
		<id column="id" property="id" jdbcType="BIGINT" />
		<result column="uuid" property="uuid" jdbcType="VARCHAR" />
		<result column="tenant_id" property="tenantId" jdbcType="VARCHAR" />
		<result column="create_time" property="createTime" jdbcType="TIMESTAMP" />
		<result column="is_deleted" property="isDeleted" jdbcType="INTEGER" />
		<result column="activity_id" property="activityId" jdbcType="BIGINT" />
		<result column="reserve_store_id" property="reserveStoreId"
			jdbcType="BIGINT" />
		<result column="customer_name" property="customerName"
			jdbcType="VARCHAR" />
		<result column="customer_phone" property="customerPhone"
			jdbcType="VARCHAR" />
		<result column="reserve_time" property="reserveTime" jdbcType="VARCHAR" />
		<result column="bak1" property="bak1" jdbcType="VARCHAR" />
		<result column="bak2" property="bak2" jdbcType="VARCHAR" />
		<result column="bak3" property="bak3" jdbcType="VARCHAR" />
		<result column="bak4" property="bak4" jdbcType="VARCHAR" />
		<result column="bak5" property="bak5" jdbcType="INTEGER" />
	</resultMap>

	<sql id="Base_Column_List">
		id, uuid, tenant_id, create_time, is_deleted, activity_id,
		reserve_store_id, customer_name,
		customer_phone, reserve_time, bak1,
		bak2, bak3, bak4, bak5
	</sql>

	<select id="selectByPrimaryKey" resultMap="BaseResultMap"
		parameterType="java.lang.Long">
		select
		<include refid="Base_Column_List" />
		from bm_reserve_activity_record
		where id = #{id,jdbcType=BIGINT}
	</select>
	<delete id="deleteByPrimaryKey" parameterType="java.lang.Long">
		delete from
		bm_reserve_activity_record
		where id = #{id,jdbcType=BIGINT}
	</delete>

	<insert id="insertSelective" parameterType="cn.cecook.model.business.markting.BmReserveActivity">
		insert into bm_reserve_activity_record
		<trim prefix="(" suffix=")" suffixOverrides=",">
			<if test="id != null">
				id,
			</if>
			<if test="uuid != null">
				uuid,
			</if>
			<if test="tenantId != null">
				tenant_id,
			</if>
			<if test="createTime != null">
				create_time,
			</if>
			<if test="isDeleted != null">
				is_deleted,
			</if>
			<if test="activityId != null">
				activity_id,
			</if>
			<if test="reserveStoreId != null">
				reserve_store_id,
			</if>
			<if test="customerName != null">
				customer_name,
			</if>
			<if test="customerPhone != null">
				customer_phone,
			</if>
			<if test="reserveTime != null">
				reserve_time,
			</if>
			<if test="bak1 != null">
				bak1,
			</if>
			<if test="bak2 != null">
				bak2,
			</if>
			<if test="bak3 != null">
				bak3,
			</if>
			<if test="bak4 != null">
				bak4,
			</if>
			<if test="bak5 != null">
				bak5,
			</if>
		</trim>
		<trim prefix="values (" suffix=")" suffixOverrides=",">
			<if test="id != null">
				#{id,jdbcType=BIGINT},
			</if>
			<if test="uuid != null">
				#{uuid,jdbcType=VARCHAR},
			</if>
			<if test="tenantId != null">
				#{tenantId,jdbcType=VARCHAR},
			</if>
			<if test="createTime != null">
				#{createTime,jdbcType=TIMESTAMP},
			</if>
			<if test="isDeleted != null">
				#{isDeleted,jdbcType=INTEGER},
			</if>
			<if test="activityId != null">
				#{activityId,jdbcType=BIGINT},
			</if>
			<if test="reserveStoreId != null">
				#{reserveStoreId,jdbcType=BIGINT},
			</if>
			<if test="customerName != null">
				#{customerName,jdbcType=VARCHAR},
			</if>
			<if test="customerPhone != null">
				#{customerPhone,jdbcType=VARCHAR},
			</if>
			<if test="reserveTime != null">
				#{reserveTime,jdbcType=VARCHAR},
			</if>
			<if test="bak1 != null">
				#{bak1,jdbcType=VARCHAR},
			</if>
			<if test="bak2 != null">
				#{bak2,jdbcType=VARCHAR},
			</if>
			<if test="bak3 != null">
				#{bak3,jdbcType=VARCHAR},
			</if>
			<if test="bak4 != null">
				#{bak4,jdbcType=VARCHAR},
			</if>
			<if test="bak5 != null">
				#{bak5,jdbcType=INTEGER},
			</if>
		</trim>
	</insert>

	<update id="updateByPrimaryKeySelective" parameterType="cn.cecook.model.business.markting.BmReserveActivity">
		update bm_reserve_activity_record
		<set>
			<if test="uuid != null">
				uuid = #{uuid,jdbcType=VARCHAR},
			</if>
			<if test="tenantId != null">
				tenant_id = #{tenantId,jdbcType=VARCHAR},
			</if>
			<if test="createTime != null">
				create_time = #{createTime,jdbcType=TIMESTAMP},
			</if>
			<if test="isDeleted != null">
				is_deleted = #{isDeleted,jdbcType=INTEGER},
			</if>
			<if test="activityId != null">
				activity_id = #{activityId,jdbcType=BIGINT},
			</if>
			<if test="reserveStoreId != null">
				reserve_store_id = #{reserveStoreId,jdbcType=BIGINT},
			</if>
			<if test="customerName != null">
				customer_name = #{customerName,jdbcType=VARCHAR},
			</if>
			<if test="customerPhone != null">
				customer_phone = #{customerPhone,jdbcType=VARCHAR},
			</if>
			<if test="reserveTime != null">
				reserve_time = #{reserveTime,jdbcType=VARCHAR},
			</if>
			<if test="bak1 != null">
				bak1 = #{bak1,jdbcType=VARCHAR},
			</if>
			<if test="bak2 != null">
				bak2 = #{bak2,jdbcType=VARCHAR},
			</if>
			<if test="bak3 != null">
				bak3 = #{bak3,jdbcType=VARCHAR},
			</if>
			<if test="bak4 != null">
				bak4 = #{bak4,jdbcType=VARCHAR},
			</if>
			<if test="bak5 != null">
				bak5 = #{bak5,jdbcType=INTEGER},
			</if>
		</set>
		where id = #{id,jdbcType=BIGINT}
	</update>
	<!-- 判断用户是否加入预约 -->
	<select id="isJoin" parameterType="map" resultType="java.lang.Integer">
		select
		count(1) from bm_reserve_activity_record where
		activity_id=#{activity_id} and bak2=#{customer_id}
	</select>

	<select id="getReserveMemberInfo" parameterType="map"
		resultType="map">
		SELECT t2.avatar,t2.`name`,t2.id,t2.address,t1.reserve_time
		FROM
		bm_reserve_activity_record t1,bc_customer t2 WHERE t2.id=t1.bak2
		AND
		t1.activity_id=#{activity_id} AND t1.bak1=#{customer_id} AND
		t1.is_deleted=0 AND
		t2.is_deleted=0
	</select>

	<select id="getReserveInfo" parameterType="map" resultType="map">
		SELECT t1.`name` AS storeName,t1.address AS
		storeAddress,t1.phone AS
		storePhone,t3.`name` AS
		customerName,t2.reserve_time FROM bm_store
		t1,bm_reserve_activity_record t2,bc_customer t3 WHERE
		t1.id=t2.reserve_store_id AND t2.bak2=t3.id AND t2.bak2=#{customer_id}
		AND t2.activity_id=#{activity_id} AND t1.is_delete=0 AND
		t2.is_deleted=0 AND t3.is_deleted=0
	</select>

</mapper>