<?xml version="1.0" encoding="UTF-8" ?>
<!DOCTYPE mapper PUBLIC "-//mybatis.org//DTD Mapper 3.0//EN" "http://mybatis.org/dtd/mybatis-3-mapper.dtd" >
<mapper namespace="cn.cecook.dao.business.markting.BmSmsModelMapper">
	<resultMap id="BaseResultMap" type="cn.cecook.model.business.markting.BmSmsModel">
		<id column="id" property="id" jdbcType="INTEGER" />
		<result column="create_id" property="createId" jdbcType="BIGINT" />
		<result column="tenant_id" property="tenantId" jdbcType="VARCHAR" />
		<result column="uuid" property="uuid" jdbcType="VARCHAR" />
		<result column="create_time" property="create_time" jdbcType="VARCHAR" />
		<result column="is_deleted" property="isDeleted" jdbcType="INTEGER" />
		<result column="order_code" property="orderCode" jdbcType="VARCHAR" />
		<result column="name" property="name" jdbcType="VARCHAR" />
		<result column="start_title" property="startTitle" jdbcType="VARCHAR" />
		<result column="content" property="content" jdbcType="VARCHAR" />
		<result column="type" property="type" jdbcType="VARCHAR" />
		<result column="bak1" property="bak1" jdbcType="VARCHAR" />
		<result column="bak2" property="bak2" jdbcType="VARCHAR" />
		<result column="bak3" property="bak3" jdbcType="VARCHAR" />
		<result column="bak4" property="bak4" jdbcType="VARCHAR" />
		<result column="bak5" property="bak5" jdbcType="VARCHAR" />
		<result column="content_type" property="content_type" jdbcType="VARCHAR" />
		<result column="autograph_id" property="autograph_id" jdbcType="INTEGER" />

	</resultMap>
	<sql id="Base_Column_List">
		id, create_id, tenant_id, uuid, create_time, is_deleted,
		order_code,
		name, start_title,
		content, type, bak1, bak2, bak3, bak4,
		bak5,content_type,autograph_id
	</sql>
	<select id="selectByPrimaryKey" resultMap="BaseResultMap"
		parameterType="java.lang.Integer">
		select
		<include refid="Base_Column_List" />
		from bm_sms_model
		where id = #{id,jdbcType=INTEGER}
	</select>
	<delete id="deleteByPrimaryKey" parameterType="java.lang.Integer">
		delete from
		bm_sms_model
		where id = #{id,jdbcType=INTEGER}
	</delete>
	<insert id="insertSelective" useGeneratedKeys="true"
		keyProperty="id" parameterType="cn.cecook.model.business.markting.BmSmsModel">
		insert into bm_sms_model
		<trim prefix="(" suffix=")" suffixOverrides=",">
			<if test="id != null">
				id,
			</if>
			<if test="createId != null">
				create_id,
			</if>
			<if test="tenantId != null">
				tenant_id,
			</if>
			<if test="uuid != null">
				uuid,
			</if>
			<if test="createTime != null">
				create_time,
			</if>
			<if test="isDeleted != null">
				is_deleted,
			</if>
			<if test="orderCode != null">
				order_code,
			</if>
			<if test="name != null">
				name,
			</if>
			<if test="startTitle != null">
				start_title,
			</if>
			<if test="content != null">
				content,
			</if>
			<if test="type != null">
				type,
			</if>
			<if test="bak1 != null">
				bak1,
			</if>
			<if test="bak2 != null">
				bak2,
			</if>
			<if test="bak3 != null">
				bak3,
			</if>
			<if test="bak4 != null">
				bak4,
			</if>
			<if test="bak5 != null">
				bak5,
			</if>
			<if test="content_type != null">
				content_type,
			</if>
			<if test="autograph_id != null">
				autograph_id,
			</if>
			<if test="is_show != null">
				is_show,
			</if>
		</trim>
		<trim prefix="values (" suffix=")" suffixOverrides=",">
			<if test="id != null">
				#{id,jdbcType=INTEGER},
			</if>
			<if test="createId != null">
				#{createId,jdbcType=BIGINT},
			</if>
			<if test="tenantId != null">
				#{tenantId,jdbcType=VARCHAR},
			</if>
			<if test="uuid != null">
				#{uuid,jdbcType=VARCHAR},
			</if>
			<if test="createTime != null">
				#{createTime,jdbcType=TIMESTAMP},
			</if>
			<if test="isDeleted != null">
				#{isDeleted,jdbcType=INTEGER},
			</if>
			<if test="orderCode != null">
				#{orderCode,jdbcType=VARCHAR},
			</if>
			<if test="name != null">
				#{name,jdbcType=VARCHAR},
			</if>
			<if test="startTitle != null">
				#{startTitle,jdbcType=VARCHAR},
			</if>
			<if test="content != null">
				#{content,jdbcType=VARCHAR},
			</if>
			<if test="type != null">
				#{type,jdbcType=VARCHAR},
			</if>
			<if test="bak1 != null">
				#{bak1,jdbcType=VARCHAR},
			</if>
			<if test="bak2 != null">
				#{bak2,jdbcType=VARCHAR},
			</if>
			<if test="bak3 != null">
				#{bak3,jdbcType=VARCHAR},
			</if>
			<if test="bak4 != null">
				#{bak4,jdbcType=VARCHAR},
			</if>
			<if test="bak5 != null">
				#{bak5,jdbcType=VARCHAR},
			</if>
			<if test="content_type != null">
				#{content_type,jdbcType=VARCHAR},
			</if>
			<if test="autograph_id != null">
				#{autograph_id,jdbcType=INTEGER},
			</if>
			<if test="is_show != null">
				#{is_show,jdbcType=INTEGER},
			</if>

		</trim>
	</insert>
	<update id="updateByPrimaryKeySelective" parameterType="cn.cecook.model.business.markting.BmSmsModel">
		update bm_sms_model
		<set>
			<if test="createId != null">
				create_id = #{createId,jdbcType=BIGINT},
			</if>
			<if test="tenantId != null">
				tenant_id = #{tenantId,jdbcType=VARCHAR},
			</if>
			<if test="uuid != null">
				uuid = #{uuid,jdbcType=VARCHAR},
			</if>
			<if test="createTime != null">
				create_time = #{createTime,jdbcType=TIMESTAMP},
			</if>
			<if test="isDeleted != null">
				is_deleted = #{isDeleted,jdbcType=INTEGER},
			</if>
			<if test="orderCode != null">
				order_code = #{orderCode,jdbcType=VARCHAR},
			</if>
			<if test="name != null">
				name = #{name,jdbcType=VARCHAR},
			</if>
			<if test="startTitle != null">
				start_title = #{startTitle,jdbcType=VARCHAR},
			</if>
			<if test="content != null">
				content = #{content,jdbcType=VARCHAR},
			</if>
			<if test="type != null">
				type = #{type,jdbcType=VARCHAR},
			</if>
			<if test="bak1 != null">
				bak1 = #{bak1,jdbcType=VARCHAR},
			</if>
			<if test="bak2 != null">
				bak2 = #{bak2,jdbcType=VARCHAR},
			</if>
			<if test="bak3 != null">
				bak3 = #{bak3,jdbcType=VARCHAR},
			</if>
			<if test="bak4 != null">
				bak4 = #{bak4,jdbcType=VARCHAR},
			</if>
			<if test="bak5 != null">
				bak5 = #{bak5,jdbcType=VARCHAR},
			</if>
			<if test="content_type != null">
				content_type = #{content_type,jdbcType=VARCHAR},
			</if>
			<if test="autograph_id != null">
				autograph_id = #{autograph_id,jdbcType=INTEGER},
			</if>
		</set>
		where id = #{id,jdbcType=INTEGER}
	</update>
	<!-- 获取模板列表 -->
	<select id="getModelList" parameterType="map" resultMap="BaseResultMap">
		select
		id, create_id, tenant_id, uuid,
		IFNULL(DATE_FORMAT(create_time,'%Y-%m-%d
		%T'),"") as
		create_time,
		is_deleted,
		order_code,
		name, start_title,
		content, type, bak1, bak2,
		bak3, bak4,
		bak5
		from bm_sms_model where is_deleted=0 and is_show=1
		<if test="type!=null and type!=''">
			and type=#{type}
		</if>
		<if test="keyWord!=null and keyWord!=''">
			and name LIKE CONCAT('%',#{keyWord},'%')
		</if>
		order by create_time desc
		limit #{startIndex},#{pageSize}
	</select>
	<select id="countModelTotal" parameterType="map" resultType="java.lang.Integer">
		select
		count(1)
		from bm_sms_model where is_deleted=0 and is_show=1
		<if test="type!=null and type!=''">
			and type=#{type}
		</if>
		<if test="keyWord!=null and keyWord!=''">
			and name LIKE CONCAT('%',#{keyWord},'%')
		</if>
	</select>

	<select id="getModelDetail" parameterType="java.lang.Integer"
		resultMap="BaseResultMap">
		select
		<include refid="Base_Column_List" />
		from bm_sms_model where is_deleted=0 and id=#{id}
	</select>

	<select id="isSameName" resultType="java.lang.Integer">
		select count(1) from bm_sms_model where name=#{name} and name!=''
		<if test="id!=null and id!=0">
			and id!=#{id}
		</if>
	</select>
	<!-- 判断模板是否正在使用 -->
	<select id="modelIsUsed" parameterType="java.lang.Integer"
		resultType="java.lang.Integer">
		select COUNT(1) FROM ser_medicine_rule WHERE
		sms_model_id=#{id} and
		is_deleted=0

	</select>

	<update id="deleteById" parameterType="java.lang.Integer">
		update bm_sms_model set is_deleted=1 where id=#{id}

	</update>


</mapper>