<?xml version="1.0" encoding="UTF-8" ?>
<!DOCTYPE mapper PUBLIC "-//mybatis.org//DTD Mapper 3.0//EN" "http://mybatis.org/dtd/mybatis-3-mapper.dtd" >
<mapper namespace="cn.cecook.dao.business.markting.BmSmsSendMapper">
	<resultMap id="BaseResultMap" type="cn.cecook.model.business.markting.BmSmsSend">
		<id column="id" property="id" jdbcType="BIGINT" />
		<result column="uuid" property="uuid" jdbcType="VARCHAR" />
		<result column="tenant_id" property="tenantId" jdbcType="VARCHAR" />
		<result column="is_deleted" property="isDeleted" jdbcType="INTEGER" />
		<result column="create_id" property="createId" jdbcType="BIGINT" />
		<result column="create_time" property="createTime" jdbcType="TIMESTAMP" />
		<result column="order_code" property="orderCode" jdbcType="VARCHAR" />
		<result column="delete_time" property="deleteTime" jdbcType="TIMESTAMP" />
		<result column="user_id" property="userId" jdbcType="BIGINT" />
		<result column="customer_id" property="customerId" jdbcType="BIGINT" />
		<result column="customer_phone" property="customerPhone"
			jdbcType="VARCHAR" />
		<result column="content" property="content" jdbcType="VARCHAR" />
		<result column="send_type" property="sendType" jdbcType="VARCHAR" />
		<result column="batch" property="batch" jdbcType="INTEGER" />
		<result column="activity_id" property="activityId" jdbcType="BIGINT" />
		<result column="seq_id" property="seq_id" jdbcType="BIGINT" />
		<result column="equivalen_num" property="equivalen_num"
			jdbcType="INTEGER" />
		<result column="medicine_id" property="medicine_id" jdbcType="INTEGER" />
		<result column="ser_rule_id" property="ser_rule_id" jdbcType="INTEGER" />
		<result column="task_id" property="taskId" jdbcType="INTEGER" />
	</resultMap>
	<sql id="Base_Column_List">
		id, uuid, tenant_id, is_deleted, create_id, create_time,
		order_code,
		delete_time,
		remarks, attachment, user_id, customer_id,
		customer_phone, content, bak1,
		bak2, bak3,
		bak4, bak5, send_type,
		activity_id,batch,seq_id,equivalen_num,medicine_id,automated_task_id,task_id
	</sql>
	<sql id="columnList">
		id, uuid, tenant_id, is_deleted, create_id, create_time,
		user_id, customer_id,
		customer_phone, content,
		activity_id,batch,seq_id,equivalen_num
	</sql>


	<select id="selectByPrimaryKey" resultMap="BaseResultMap"
		parameterType="java.lang.Long">
		select
		<include refid="Base_Column_List" />
		from bm_sms_send
		where id = #{id,jdbcType=BIGINT}
	</select>
	<delete id="deleteByPrimaryKey" parameterType="java.lang.Long">
		delete from
		bm_sms_send
		where id = #{id,jdbcType=BIGINT}
	</delete>
	<insert id="insertSelective" parameterType="cn.cecook.model.business.markting.BmSmsSend">
		insert into bm_sms_send
		<trim prefix="(" suffix=")" suffixOverrides=",">
			<if test="id != null">
				id,
			</if>
			<if test="uuid != null">
				uuid,
			</if>
			<if test="tenantId != null">
				tenant_id,
			</if>
			<if test="isDeleted != null">
				is_deleted,
			</if>
			<if test="createId != null">
				create_id,
			</if>
			<if test="createTime != null">
				create_time,
			</if>
			<if test="orderCode != null">
				order_code,
			</if>
			<if test="deleteTime != null">
				delete_time,
			</if>
			<if test="remarks != null">
				remarks,
			</if>
			<if test="attachment != null">
				attachment,
			</if>
			<if test="userId != null">
				user_id,
			</if>
			<if test="customerId != null">
				customer_id,
			</if>
			<if test="customerPhone != null">
				customer_phone,
			</if>
			<if test="content != null">
				content,
			</if>
			<if test="bak1 != null">
				bak1,
			</if>
			<if test="bak2 != null">
				bak2,
			</if>
			<if test="bak3 != null">
				bak3,
			</if>
			<if test="bak4 != null">
				bak4,
			</if>
			<if test="bak5 != null">
				bak5,
			</if>
			<if test="sendType != null">
				send_type,
			</if>
			<if test="activityId != null">
				activity_id,
			</if>
			<if test="seq_id != null">
				seq_id,
			</if>
			<if test="batch != null">
				batch,
			</if>
			<if test="equivalen_num != null">
				equivalen_num,
			</if>
			<if test="medicine_id != null">
				medicine_id,
			</if>
			<if test="ser_rule_id != null">
				ser_rule_id,
			</if>
            <if test="state != null">
				state,
			</if>
		</trim>
		<trim prefix="values (" suffix=")" suffixOverrides=",">
			<if test="id != null">
				#{id,jdbcType=BIGINT},
			</if>
			<if test="uuid != null">
				#{uuid,jdbcType=VARCHAR},
			</if>
			<if test="tenantId != null">
				#{tenantId,jdbcType=VARCHAR},
			</if>
			<if test="isDeleted != null">
				#{isDeleted,jdbcType=INTEGER},
			</if>
			<if test="createId != null">
				#{createId,jdbcType=BIGINT},
			</if>
			<if test="createTime != null">
				#{createTime,jdbcType=TIMESTAMP},
			</if>
			<if test="orderCode != null">
				#{orderCode,jdbcType=VARCHAR},
			</if>
			<if test="deleteTime != null">
				#{deleteTime,jdbcType=TIMESTAMP},
			</if>
			<if test="remarks != null">
				#{remarks,jdbcType=VARCHAR},
			</if>
			<if test="attachment != null">
				#{attachment,jdbcType=VARCHAR},
			</if>
			<if test="userId != null">
				#{userId,jdbcType=BIGINT},
			</if>
			<if test="customerId != null">
				#{customerId,jdbcType=BIGINT},
			</if>
			<if test="customerPhone != null">
				#{customerPhone,jdbcType=VARCHAR},
			</if>
			<if test="content != null">
				#{content,jdbcType=VARCHAR},
			</if>
			<if test="bak1 != null">
				#{bak1,jdbcType=VARCHAR},
			</if>
			<if test="bak2 != null">
				#{bak2,jdbcType=VARCHAR},
			</if>
			<if test="bak3 != null">
				#{bak3,jdbcType=VARCHAR},
			</if>
			<if test="bak4 != null">
				#{bak4,jdbcType=VARCHAR},
			</if>
			<if test="bak5 != null">
				#{bak5,jdbcType=VARCHAR},
			</if>
			<if test="sendType != null">
				#{sendType,jdbcType=VARCHAR},
			</if>
			<if test="activityId != null">
				#{activityId,jdbcType=BIGINT},
			</if>
			<if test="seq_id != null">
				#{seq_id,jdbcType=BIGINT},
			</if>
			<if test="batch != null">
				#{batch,jdbcType=INTEGER},
			</if>
			<if test="equivalen_num != null">
				#{equivalen_num,jdbcType=INTEGER},
			</if>
			<if test="medicine_id != null">
				#{medicine_id,jdbcType=INTEGER},
			</if>
			<if test="ser_rule_id != null">
				#{ser_rule_id,jdbcType=INTEGER},
			</if>
            <if test="state != null">
				#{state,jdbcType=VARCHAR},
			</if>

		</trim>
		cecook2017${tenantId}
	</insert>
	<update id="updateByPrimaryKeySelective" parameterType="cn.cecook.model.business.markting.BmSmsSend">
		update bm_sms_send
		<set>
			<if test="uuid != null">
				uuid = #{uuid,jdbcType=VARCHAR},
			</if>
			<if test="tenantId != null">
				tenant_id = #{tenantId,jdbcType=VARCHAR},
			</if>
			<if test="isDeleted != null">
				is_deleted = #{isDeleted,jdbcType=INTEGER},
			</if>
			<if test="createId != null">
				create_id = #{createId,jdbcType=BIGINT},
			</if>
			<if test="createTime != null">
				create_time = #{createTime,jdbcType=TIMESTAMP},
			</if>
			<if test="orderCode != null">
				order_code = #{orderCode,jdbcType=VARCHAR},
			</if>
			<if test="deleteTime != null">
				delete_time = #{deleteTime,jdbcType=TIMESTAMP},
			</if>
			<if test="remarks != null">
				remarks = #{remarks,jdbcType=VARCHAR},
			</if>
			<if test="attachment != null">
				attachment = #{attachment,jdbcType=VARCHAR},
			</if>
			<if test="userId != null">
				user_id = #{userId,jdbcType=BIGINT},
			</if>
			<if test="customerId != null">
				customer_id = #{customerId,jdbcType=BIGINT},
			</if>
			<if test="customerPhone != null">
				customer_phone = #{customerPhone,jdbcType=VARCHAR},
			</if>
			<if test="content != null">
				content = #{content,jdbcType=VARCHAR},
			</if>
			<if test="bak1 != null">
				bak1 = #{bak1,jdbcType=VARCHAR},
			</if>
			<if test="bak2 != null">
				bak2 = #{bak2,jdbcType=VARCHAR},
			</if>
			<if test="bak3 != null">
				bak3 = #{bak3,jdbcType=VARCHAR},
			</if>
			<if test="bak4 != null">
				bak4 = #{bak4,jdbcType=VARCHAR},
			</if>
			<if test="bak5 != null">
				bak5 = #{bak5,jdbcType=VARCHAR},
			</if>
			<if test="sendType != null">
				send_type = #{sendType,jdbcType=VARCHAR},
			</if>
			<if test="activityId != null">
				activity_id = #{activityId,jdbcType=BIGINT},
			</if>
			<if test="medicine_id!= null">
				medicine_id = #{medicine_id,jdbcType=INTEGER},
			</if>
		</set>
		where id = #{id,jdbcType=BIGINT}
	</update>

	<select id="getSmsRecordList" parameterType="map" resultMap="BaseResultMap">
		select
		<include refid="columnList" />
		from bm_sms_send
		limit #{start}, #{end}
	</select>
	<select id="getSmsRecordDetail" parameterType="java.lang.Long"
		resultMap="BaseResultMap">
		select
		<include refid="columnList" />
		from bm_sms_send
		where id=#{id}
	</select>

	<insert id="insetByBatch" parameterType="map">
		insert into bm_sms_send
		(uuid, tenant_id, customer_id,
		customer_phone,content,activity_id,batch,seq_id,equivalen_num,coupon_batch,task_id,state)
		values
		<foreach collection="list" item="item" index="index"
			separator=",">
			(
			#{item.uuid}, #{item.tenantId},
			#{item.customerId},
			#{item.customerPhone},
			#{item.content},
			#{item.activityId},#{item.batch},
			#{item.seq_id},#{item.equivalen_num},
			#{item.coupon_batch},#{item.taskId},
			#{item.state}
			)
		</foreach>
		<if test="tenantId!=null and tenantId!=''">
		   cecook2017${tenantId}
		</if>
	</insert>
	
	
	<!-- 批量修改短发送状态 -->
	<update id="batchUpdate"  parameterType="map">
	 
	      <foreach collection="list" item="item" index="index" open="" close="" separator=";">
				update bm_sms_send 
				<set>
				  custom_sms_id=#{item.customSmsId},
				  `desc`=#{item.desc},
				  extended_code=#{item.extendedCode},
				  receive_time=#{item.receiveTime},
				  submit_time=#{item.submitTime},
				  sms_id=#{item.smsId},
				  state=#{item.state}
				</set>
				 where seq_id = #{item.customSmsId} 
		  </foreach>
		 <if test="tenantId!=null and tenantId!=''">
				   cecook2017${tenantId}
				</if>
    </update>

    <select id="countReceiveByCouponBatch" resultType="java.lang.Integer">
       select count(id) from bm_sms_send where state='DELIVRD' and coupon_batch=#{couponBatchId}
    </select>

</mapper>