<?xml version="1.0" encoding="UTF-8" ?>
<!DOCTYPE mapper PUBLIC "-//mybatis.org//DTD Mapper 3.0//EN" "http://mybatis.org/dtd/mybatis-3-mapper.dtd" >
<mapper namespace="cn.cecook.dao.business.markting.BmSocialSendMapper" >
  <resultMap id="BaseResultMap" type="cn.cecook.model.business.markting.BmSocialSend" >
    <id column="id" property="id" jdbcType="BIGINT" />
    <result column="uuid" property="uuid" jdbcType="VARCHAR" />
    <result column="tenant_id" property="tenantId" jdbcType="VARCHAR" />
    <result column="is_deleted" property="isDeleted" jdbcType="INTEGER" />
    <result column="create_id" property="createId" jdbcType="BIGINT" />
    <result column="create_time" property="createTime" jdbcType="TIMESTAMP" />
    <result column="social_type" property="socialType" jdbcType="VARCHAR" />
    <result column="send_account" property="sendAccount" jdbcType="VARCHAR" />
    <result column="send_id" property="sendId" jdbcType="BIGINT" />
    <result column="receive_account" property="receiveAccount" jdbcType="VARCHAR" />
    <result column="receive_id" property="receiveId" jdbcType="BIGINT" />
    <result column="content" property="content" jdbcType="VARCHAR" />
    <result column="send_type" property="sendType" jdbcType="VARCHAR" />
    <result column="activity_id" property="activityId" jdbcType="BIGINT" />
  </resultMap>
  <sql id="Base_Column_List" >
    id, uuid, tenant_id, is_deleted, create_id, create_time, 
    social_type, send_account, send_id, receive_account, receive_id, 
    content,  send_type, activity_id
  </sql>
  
   <sql id="columnList" >
    id, uuid, tenant_id, is_deleted, create_id, create_time, 
    social_type, send_account, send_id, receive_account, receive_id, 
    content,  send_type, activity_id
  </sql>
  
  <select id="selectByPrimaryKey" resultMap="BaseResultMap" parameterType="java.lang.Long" >
    select 
    <include refid="Base_Column_List" />
    from bm_social_send
    where id = #{id,jdbcType=BIGINT}
  </select>
  <delete id="deleteByPrimaryKey" parameterType="java.lang.Long" >
    delete from bm_social_send
    where id = #{id,jdbcType=BIGINT}
  </delete>
  <insert id="insert" parameterType="cn.cecook.model.business.markting.BmSocialSend" >
    insert into bm_social_send (id, uuid, tenant_id, 
      is_deleted, create_id, create_time, 
      order_code, delete_time, remarks, 
      attachment, social_type, send_account, 
      send_id, receive_account, receive_id, 
      content, bak1, bak2, 
      bak3, bak4, bak5, send_type, 
      activity_id)
    values (#{id,jdbcType=BIGINT}, #{uuid,jdbcType=VARCHAR}, #{tenantId,jdbcType=VARCHAR}, 
      #{isDeleted,jdbcType=INTEGER}, #{createId,jdbcType=BIGINT}, #{createTime,jdbcType=TIMESTAMP}, 
      #{orderCode,jdbcType=VARCHAR}, #{deleteTime,jdbcType=TIMESTAMP}, #{remarks,jdbcType=VARCHAR}, 
      #{attachment,jdbcType=VARCHAR}, #{socialType,jdbcType=VARCHAR}, #{sendAccount,jdbcType=VARCHAR}, 
      #{sendId,jdbcType=BIGINT}, #{receiveAccount,jdbcType=VARCHAR}, #{receiveId,jdbcType=BIGINT}, 
      #{content,jdbcType=VARCHAR}, #{bak1,jdbcType=VARCHAR}, #{bak2,jdbcType=VARCHAR}, 
      #{bak3,jdbcType=VARCHAR}, #{bak4,jdbcType=VARCHAR}, #{bak5,jdbcType=VARCHAR}, #{sendType,jdbcType=VARCHAR}, 
      #{activityId,jdbcType=BIGINT})
  </insert>
  <insert id="insertSelective" parameterType="cn.cecook.model.business.markting.BmSocialSend" >
    insert into bm_social_send
    <trim prefix="(" suffix=")" suffixOverrides="," >
      <if test="id != null" >
        id,
      </if>
      <if test="uuid != null" >
        uuid,
      </if>
      <if test="tenantId != null" >
        tenant_id,
      </if>
      <if test="isDeleted != null" >
        is_deleted,
      </if>
      <if test="createId != null" >
        create_id,
      </if>
      <if test="createTime != null" >
        create_time,
      </if>
      <if test="orderCode != null" >
        order_code,
      </if>
      <if test="deleteTime != null" >
        delete_time,
      </if>
      <if test="remarks != null" >
        remarks,
      </if>
      <if test="attachment != null" >
        attachment,
      </if>
      <if test="socialType != null" >
        social_type,
      </if>
      <if test="sendAccount != null" >
        send_account,
      </if>
      <if test="sendId != null" >
        send_id,
      </if>
      <if test="receiveAccount != null" >
        receive_account,
      </if>
      <if test="receiveId != null" >
        receive_id,
      </if>
      <if test="content != null" >
        content,
      </if>
      <if test="bak1 != null" >
        bak1,
      </if>
      <if test="bak2 != null" >
        bak2,
      </if>
      <if test="bak3 != null" >
        bak3,
      </if>
      <if test="bak4 != null" >
        bak4,
      </if>
      <if test="bak5 != null" >
        bak5,
      </if>
      <if test="sendType != null" >
        send_type,
      </if>
      <if test="activityId != null" >
        activity_id,
      </if>
    </trim>
    <trim prefix="values (" suffix=")" suffixOverrides="," >
      <if test="id != null" >
        #{id,jdbcType=BIGINT},
      </if>
      <if test="uuid != null" >
        #{uuid,jdbcType=VARCHAR},
      </if>
      <if test="tenantId != null" >
        #{tenantId,jdbcType=VARCHAR},
      </if>
      <if test="isDeleted != null" >
        #{isDeleted,jdbcType=INTEGER},
      </if>
      <if test="createId != null" >
        #{createId,jdbcType=BIGINT},
      </if>
      <if test="createTime != null" >
        #{createTime,jdbcType=TIMESTAMP},
      </if>
      <if test="orderCode != null" >
        #{orderCode,jdbcType=VARCHAR},
      </if>
      <if test="deleteTime != null" >
        #{deleteTime,jdbcType=TIMESTAMP},
      </if>
      <if test="remarks != null" >
        #{remarks,jdbcType=VARCHAR},
      </if>
      <if test="attachment != null" >
        #{attachment,jdbcType=VARCHAR},
      </if>
      <if test="socialType != null" >
        #{socialType,jdbcType=VARCHAR},
      </if>
      <if test="sendAccount != null" >
        #{sendAccount,jdbcType=VARCHAR},
      </if>
      <if test="sendId != null" >
        #{sendId,jdbcType=BIGINT},
      </if>
      <if test="receiveAccount != null" >
        #{receiveAccount,jdbcType=VARCHAR},
      </if>
      <if test="receiveId != null" >
        #{receiveId,jdbcType=BIGINT},
      </if>
      <if test="content != null" >
        #{content,jdbcType=VARCHAR},
      </if>
      <if test="bak1 != null" >
        #{bak1,jdbcType=VARCHAR},
      </if>
      <if test="bak2 != null" >
        #{bak2,jdbcType=VARCHAR},
      </if>
      <if test="bak3 != null" >
        #{bak3,jdbcType=VARCHAR},
      </if>
      <if test="bak4 != null" >
        #{bak4,jdbcType=VARCHAR},
      </if>
      <if test="bak5 != null" >
        #{bak5,jdbcType=VARCHAR},
      </if>
      <if test="sendType != null" >
        #{sendType,jdbcType=VARCHAR},
      </if>
      <if test="activityId != null" >
        #{activityId,jdbcType=BIGINT},
      </if>
    </trim>
  </insert>
  <update id="updateByPrimaryKeySelective" parameterType="cn.cecook.model.business.markting.BmSocialSend" >
    update bm_social_send
    <set >
      <if test="uuid != null" >
        uuid = #{uuid,jdbcType=VARCHAR},
      </if>
      <if test="tenantId != null" >
        tenant_id = #{tenantId,jdbcType=VARCHAR},
      </if>
      <if test="isDeleted != null" >
        is_deleted = #{isDeleted,jdbcType=INTEGER},
      </if>
      <if test="createId != null" >
        create_id = #{createId,jdbcType=BIGINT},
      </if>
      <if test="createTime != null" >
        create_time = #{createTime,jdbcType=TIMESTAMP},
      </if>
      <if test="orderCode != null" >
        order_code = #{orderCode,jdbcType=VARCHAR},
      </if>
      <if test="deleteTime != null" >
        delete_time = #{deleteTime,jdbcType=TIMESTAMP},
      </if>
      <if test="remarks != null" >
        remarks = #{remarks,jdbcType=VARCHAR},
      </if>
      <if test="attachment != null" >
        attachment = #{attachment,jdbcType=VARCHAR},
      </if>
      <if test="socialType != null" >
        social_type = #{socialType,jdbcType=VARCHAR},
      </if>
      <if test="sendAccount != null" >
        send_account = #{sendAccount,jdbcType=VARCHAR},
      </if>
      <if test="sendId != null" >
        send_id = #{sendId,jdbcType=BIGINT},
      </if>
      <if test="receiveAccount != null" >
        receive_account = #{receiveAccount,jdbcType=VARCHAR},
      </if>
      <if test="receiveId != null" >
        receive_id = #{receiveId,jdbcType=BIGINT},
      </if>
      <if test="content != null" >
        content = #{content,jdbcType=VARCHAR},
      </if>
      <if test="bak1 != null" >
        bak1 = #{bak1,jdbcType=VARCHAR},
      </if>
      <if test="bak2 != null" >
        bak2 = #{bak2,jdbcType=VARCHAR},
      </if>
      <if test="bak3 != null" >
        bak3 = #{bak3,jdbcType=VARCHAR},
      </if>
      <if test="bak4 != null" >
        bak4 = #{bak4,jdbcType=VARCHAR},
      </if>
      <if test="bak5 != null" >
        bak5 = #{bak5,jdbcType=VARCHAR},
      </if>
      <if test="sendType != null" >
        send_type = #{sendType,jdbcType=VARCHAR},
      </if>
      <if test="activityId != null" >
        activity_id = #{activityId,jdbcType=BIGINT},
      </if>
    </set>
    where id = #{id,jdbcType=BIGINT}
  </update>
  
  <select id="getSmsRecordList" parameterType="map" resultMap="BaseResultMap">
		select
		<include refid="columnList" />
		from bm_social_send
		limit #{start}, #{end}
	</select>
	<select id="getSmsRecordDetail" parameterType="java.lang.Long"
		resultMap="BaseResultMap">
		select
		<include refid="columnList" />
		from bm_social_send
		where id=#{id}
	</select>
 
</mapper>