<?xml version="1.0" encoding="UTF-8" ?>
<!DOCTYPE mapper PUBLIC "-//mybatis.org//DTD Mapper 3.0//EN" "http://mybatis.org/dtd/mybatis-3-mapper.dtd" >
<mapper namespace="cn.cecook.dao.business.markting.BmStoreMapper">
	<resultMap id="BaseResultMap" type="cn.cecook.model.business.markting.BmStore">
		<id column="id" property="id" jdbcType="BIGINT" />
		<result column="uuid" property="uuid" jdbcType="VARCHAR" />
		<result column="tenant_id" property="tenantId" jdbcType="VARCHAR" />
		<result column="is_delete" property="isDelete" jdbcType="INTEGER" />
		<result column="create_id" property="createId" jdbcType="BIGINT" />
		<result column="create_time" property="createTime" jdbcType="DATE" />
		<result column="order_code" property="orderCode" jdbcType="VARCHAR" />
		<result column="delete_time" property="deleteTime" jdbcType="DATE" />
		<result column="remarks" property="remarks" jdbcType="VARCHAR" />
		<result column="attachment" property="attachment" jdbcType="VARCHAR" />
		<result column="bak1" property="bak1" jdbcType="VARCHAR" />
		<result column="bak2" property="bak2" jdbcType="VARCHAR" />
		<result column="bak3" property="bak3" jdbcType="VARCHAR" />
		<result column="bak4" property="bak4" jdbcType="VARCHAR" />
		<result column="bak5" property="bak5" jdbcType="VARCHAR" />
		<result column="address" property="address" jdbcType="VARCHAR" />
		<result column="name" property="name" jdbcType="VARCHAR" />
		<result column="phone" property="phone" jdbcType="VARCHAR" />
		<result column="organization_code" property="organizationCode" jdbcType="VARCHAR" />
		<result column="organization_img" property="organizationImg" jdbcType="VARCHAR" />		
	</resultMap>
	<sql id="Base_Column_List">
		id, uuid, tenant_id, is_delete, create_id, create_time,
		order_code,
		delete_time,
		remarks, attachment, bak1, bak2, bak3, bak4,
		bak5, address, name, phone,organization_code,organization_img,lng,lat,province,
		city,area,pwd
	</sql>
	<select id="selectByPrimaryKey" resultMap="BaseResultMap"
		parameterType="java.lang.Long">
		select
		<include refid="Base_Column_List" />
		from bm_store
		where id = #{id,jdbcType=BIGINT}
	</select>
	<delete id="deleteByPrimaryKey" parameterType="java.lang.Long">
		<!-- delete from bm_store where id = #{id,jdbcType=BIGINT} -->
		update bm_store set is_delete = 1 where id = #{id,jdbcType=BIGINT}
	</delete>
	<insert id="insert" parameterType="cn.cecook.model.business.markting.BmStore" useGeneratedKeys="true" keyProperty="id">
		insert into bm_store (id,
		uuid, tenant_id,
		is_delete, create_id, create_time,
		order_code,
		delete_time, remarks,
		attachment, bak1, bak2,
		bak3, bak4, bak5, address,
		name, phone,organization_code,organization_img,lng,lat,province,city,area)
		values (#{id,jdbcType=BIGINT}, #{uuid,jdbcType=VARCHAR},
		#{tenantId,jdbcType=VARCHAR},
		#{isDelete,jdbcType=INTEGER},
		#{createId,jdbcType=BIGINT}, #{createTime,jdbcType=DATE},
		#{orderCode,jdbcType=VARCHAR}, #{deleteTime,jdbcType=DATE},
		#{remarks,jdbcType=VARCHAR},
		#{attachment,jdbcType=VARCHAR},
		#{bak1,jdbcType=VARCHAR}, #{bak2,jdbcType=VARCHAR},
		#{bak3,jdbcType=VARCHAR}, #{bak4,jdbcType=VARCHAR},
		#{bak5,jdbcType=VARCHAR}, #{address,jdbcType=VARCHAR},
		#{name,jdbcType=VARCHAR}, #{phone,jdbcType=VARCHAR},
		#{organizationCode,jdbcType=VARCHAR}, #{organizationImg,jdbcType=VARCHAR},
		#{lng,jdbcType=VARCHAR}, #{lat,jdbcType=VARCHAR},
		#{province,jdbcType=VARCHAR}, #{city,jdbcType=VARCHAR}, #{area,jdbcType=VARCHAR}
		)
	</insert>
	<insert id="insertSelective" parameterType="cn.cecook.model.business.markting.BmStore" useGeneratedKeys="true" keyProperty="id">
		insert into bm_store
		<trim prefix="(" suffix=")" suffixOverrides=",">
			<if test="id != null">
				id,
			</if>
			<if test="uuid != null">
				uuid,
			</if>
			<if test="tenantId != null">
				tenant_id,
			</if>
			<if test="isDelete != null">
				is_delete,
			</if>
			<if test="createId != null">
				create_id,
			</if>
			<if test="createTime != null">
				create_time,
			</if>
			<if test="orderCode != null">
				order_code,
			</if>
			<if test="deleteTime != null">
				delete_time,
			</if>
			<if test="remarks != null">
				remarks,
			</if>
			<if test="attachment != null">
				attachment,
			</if>
			<if test="bak1 != null">
				bak1,
			</if>
			<if test="bak2 != null">
				bak2,
			</if>
			<if test="bak3 != null">
				bak3,
			</if>
			<if test="bak4 != null">
				bak4,
			</if>
			<if test="bak5 != null">
				bak5,
			</if>
			<if test="address != null">
				address,
			</if>
			<if test="name != null">
				name,
			</if>
			<if test="phone != null">
				phone,
			</if>
			<if test="organizationCode != null">
				organization_code,
			</if>
			<if test="organizationImg != null">
				organization_img,
			</if>
			<if test="lng != null">
				lng,
			</if>
			<if test="lat != null">
				lat,
			</if>
			<if test="province != null">
				province,
			</if>
			<if test="city != null">
				city,
			</if>
			<if test="area != null">
				area,
			</if>
			<if test="pwd != null">
				pwd,
			</if>
		</trim>
		<trim prefix="values (" suffix=")" suffixOverrides=",">
			<if test="id != null">
				#{id,jdbcType=BIGINT},
			</if>
			<if test="uuid != null">
				#{uuid,jdbcType=VARCHAR},
			</if>
			<if test="tenantId != null">
				#{tenantId,jdbcType=VARCHAR},
			</if>
			<if test="isDelete != null">
				#{isDelete,jdbcType=INTEGER},
			</if>
			<if test="createId != null">
				#{createId,jdbcType=BIGINT},
			</if>
			<if test="createTime != null">
				#{createTime,jdbcType=DATE},
			</if>
			<if test="orderCode != null">
				#{orderCode,jdbcType=VARCHAR},
			</if>
			<if test="deleteTime != null">
				#{deleteTime,jdbcType=DATE},
			</if>
			<if test="remarks != null">
				#{remarks,jdbcType=VARCHAR},
			</if>
			<if test="attachment != null">
				#{attachment,jdbcType=VARCHAR},
			</if>
			<if test="bak1 != null">
				#{bak1,jdbcType=VARCHAR},
			</if>
			<if test="bak2 != null">
				#{bak2,jdbcType=VARCHAR},
			</if>
			<if test="bak3 != null">
				#{bak3,jdbcType=VARCHAR},
			</if>
			<if test="bak4 != null">
				#{bak4,jdbcType=VARCHAR},
			</if>
			<if test="bak5 != null">
				#{bak5,jdbcType=VARCHAR},
			</if>
			<if test="address != null">
				#{address,jdbcType=VARCHAR},
			</if>
			<if test="name != null">
				#{name,jdbcType=VARCHAR},
			</if>
			<if test="phone != null">
				#{phone,jdbcType=VARCHAR},
			</if>
			<if test="organizationCode != null">
				#{organizationCode,jdbcType=VARCHAR},
			</if>
			<if test="organizationImg != null">
				#{organizationImg,jdbcType=VARCHAR},
			</if>
			<if test="lng != null">
				#{lng,jdbcType=VARCHAR},
			</if>
			<if test="lat != null">
				#{lat,jdbcType=VARCHAR},
			</if>
			<if test="province != null">
				#{province,jdbcType=VARCHAR},
			</if>
			<if test="city != null">
				#{city,jdbcType=VARCHAR},
			</if>
			<if test="area != null">
				#{area,jdbcType=VARCHAR},
			</if>
			<if test="pwd != null">
				#{pwd,jdbcType=VARCHAR},
			</if>
		</trim>
	</insert>
	<update id="updateByPrimaryKeySelective" parameterType="cn.cecook.model.business.markting.BmStore">
		update bm_store
		<set>
			<if test="uuid != null">
				uuid = #{uuid,jdbcType=VARCHAR},
			</if>
			<if test="tenantId != null">
				tenant_id = #{tenantId,jdbcType=VARCHAR},
			</if>
			<if test="isDelete != null">
				is_delete = #{isDelete,jdbcType=INTEGER},
			</if>
			<if test="createId != null">
				create_id = #{createId,jdbcType=BIGINT},
			</if>
			<if test="createTime != null">
				create_time = #{createTime,jdbcType=DATE},
			</if>
			<if test="orderCode != null">
				order_code = #{orderCode,jdbcType=VARCHAR},
			</if>
			<if test="deleteTime != null">
				delete_time = #{deleteTime,jdbcType=DATE},
			</if>
			<if test="remarks != null">
				remarks = #{remarks,jdbcType=VARCHAR},
			</if>
			<if test="attachment != null">
				attachment = #{attachment,jdbcType=VARCHAR},
			</if>
			<if test="bak1 != null">
				bak1 = #{bak1,jdbcType=VARCHAR},
			</if>
			<if test="bak2 != null">
				bak2 = #{bak2,jdbcType=VARCHAR},
			</if>
			<if test="bak3 != null">
				bak3 = #{bak3,jdbcType=VARCHAR},
			</if>
			<if test="bak4 != null">
				bak4 = #{bak4,jdbcType=VARCHAR},
			</if>
			<if test="bak5 != null">
				bak5 = #{bak5,jdbcType=VARCHAR},
			</if>
			<if test="address != null">
				address = #{address,jdbcType=VARCHAR},
			</if>
			<if test="name != null">
				name = #{name,jdbcType=VARCHAR},
			</if>
			<if test="phone != null">
				phone = #{phone,jdbcType=VARCHAR},
			</if>
			<if test="organizationCode != null">
				organization_code = #{organizationCode,jdbcType=VARCHAR},
			</if>
			<if test="organizationImg != null">
				organization_img = #{organizationImg,jdbcType=VARCHAR},
			</if>
			<if test="lng != null">
				lng = #{lng,jdbcType=VARCHAR},
			</if>
			<if test="lat != null">
				lat = #{lat,jdbcType=VARCHAR},
			</if>
			<if test="province != null">
				province = #{province,jdbcType=VARCHAR},
			</if>
			<if test="city != null">
				city = #{city,jdbcType=VARCHAR},
			</if>
			<if test="area != null">
				area = #{area,jdbcType=VARCHAR},
			</if>
			<if test="pwd != null and pwd!='' ">
				pwd = #{pwd,jdbcType=VARCHAR},
			</if>
		</set>
		where id = #{id,jdbcType=BIGINT}
	</update>
	<update id="updateByPrimaryKey" parameterType="cn.cecook.model.business.markting.BmStore">
		update bm_store
		set uuid = #{uuid,jdbcType=VARCHAR},
		tenant_id =
		#{tenantId,jdbcType=VARCHAR},
		is_delete = #{isDelete,jdbcType=INTEGER},
		create_id = #{createId,jdbcType=BIGINT},
		create_time =
		#{createTime,jdbcType=DATE},
		order_code =
		#{orderCode,jdbcType=VARCHAR},
		delete_time =
		#{deleteTime,jdbcType=DATE},
		remarks = #{remarks,jdbcType=VARCHAR},
		attachment = #{attachment,jdbcType=VARCHAR},
		bak1 =
		#{bak1,jdbcType=VARCHAR},
		bak2 = #{bak2,jdbcType=VARCHAR},
		bak3 =
		#{bak3,jdbcType=VARCHAR},
		bak4 = #{bak4,jdbcType=VARCHAR},
		bak5 =
		#{bak5,jdbcType=VARCHAR},
		address = #{address,jdbcType=VARCHAR},
		name =
		#{name,jdbcType=VARCHAR},
		phone = #{phone,jdbcType=VARCHAR},
		organization_code=
		#{organizationCode,jdbcType=VARCHAR},
		organization_img=
		#{organizationImg,jdbcType=VARCHAR},
		lng=
		#{lng,jdbcType=VARCHAR},
		lat=
		#{lat,jdbcType=VARCHAR},
		province = #{province,jdbcType=VARCHAR},
		city = #{city,jdbcType=VARCHAR},
		area = #{area,jdbcType=VARCHAR}
		where id =
		#{id,jdbcType=BIGINT}
	</update>
	<!-- 查询所有 -->
	<select id="getAll" resultMap="BaseResultMap"
		parameterType="map">
		select
		<include refid="Base_Column_List" />
		from bm_store
		<where>
			is_delete = 0
			<if test="key_word!=null and key_word!=''">				
				and (name LIKE CONCAT('%',#{key_word},'%') 
				 or phone 
				LIKE CONCAT('%',#{key_word},'%'))
			</if>

		</where>
		order by id desc
		limit #{startIndex},#{page_size}
	</select>

	<!--查询门店总条数 -->
	<select id="countStore" parameterType="map" resultType="java.lang.Integer">
		select IFNULL(count(id),0) from bm_store
		<where>
			is_delete = 0
			<if test="key_word!=null and key_word!=''">				
				and (name LIKE CONCAT('%',#{key_word},'%') 
				 or phone 
				LIKE CONCAT('%',#{key_word},'%'))
			</if>
		</where>
	</select>

	<!-- 添加门店时查询是否有相同店名 -->
	<select id="queryMing" parameterType="map" resultType="cn.cecook.model.business.markting.BmStore">
		select
		name,address from bm_store where
		name=#{name,jdbcType=VARCHAR}  and
		is_delete=0
	</select>
	<!-- 添加门店时查询是否有相同店地址 -->
	<select id="queryDian" parameterType="map" resultType="java.lang.Integer">
		<!-- select phone from bm_store where name=#{name,jdbcType=VARCHAR} and 
			address=#{address,jdbcType=VARCHAR} and phone=#{phone,jdbcType=VARCHAR} and 
			is_delete=0 -->
		select
		Ifnull(count(1),0) from bm_store where
		name=#{name,jdbcType=VARCHAR}
		and
		is_delete=0 and id!=#{id}
	</select>

	<select id="queryshan" parameterType="java.lang.Long" resultType="java.lang.Integer" >
		SELECT IFNULL(COUNT(t.store_id),0) from (SELECT store_id
		from
		bm_activity_store t1 WHERE t1.store_id=#{store_id} AND t1.is_delete=0
		UNION ALL SELECT store_id from bm_card_store t2 WHERE t2.store_id=#{store_id}
		AND
		t2.is_delete=0
		UNION ALL SELECT store_id from bm_model_store t3
		WHERE t3.store_id=#{store_id} AND
		t3.is_delete=0)t
	</select>
	<select id="findByName" parameterType="java.lang.String" resultMap="BaseResultMap" >
		select 
		<include refid="Base_Column_List" />
		from bm_store
		where is_delete=0 and name LIKE CONCAT('%',#{name},'%')
	</select>
	<select id="findByStroreId" parameterType="java.lang.String" resultMap="BaseResultMap">
	    select 
		<include refid="Base_Column_List" />
		from bm_store
		where is_delete=0 and store_id=#{storeId} 
	</select>
	
	  
	<!--根据租户id查询所有门店用于展示导出模板-->
	<select id="getAllStoreByTenantId" parameterType="map" resultType="cn.cecook.bean.business.markting.exportManageStoreBean">
	     SELECT bm.name AS storeName,bm.Id AS storeId FROM bm_store bm where bm.tenant_id = #{tenantId} and bm.is_delete = 0
	<if test="tenantId!=null and tenantId!=''">
		   cecook2017${tenantId}
	</if>      
	</select>
	
	<select id="findByIdAndTenantId" resultMap="BaseResultMap">
		select
			<include refid="Base_Column_List" />
		from bm_store
		where is_deleted=0 and id=#{storeId} 
		<if test="tenantId != null">
		cecook2017${tenantId}
		</if>
	</select>
  
</mapper>