<?xml version="1.0" encoding="UTF-8" ?>
<!DOCTYPE mapper PUBLIC "-//mybatis.org//DTD Mapper 3.0//EN" "http://mybatis.org/dtd/mybatis-3-mapper.dtd" >
<mapper namespace="cn.cecook.dao.business.markting.BmTransmitMapper">
	<resultMap id="BaseResultMap" type="cn.cecook.model.business.markting.BmTransmit">
		<id column="id" property="id" jdbcType="BIGINT" />
		<result column="tenant_id" property="tenantId" jdbcType="VARCHAR" />
		<result column="uuid" property="uuid" jdbcType="VARCHAR" />
		<result column="create_time" property="createTime" jdbcType="TIMESTAMP" />
		<result column="is_deleted" property="isDeleted" jdbcType="INTEGER" />
		<result column="transmit_way" property="transmitWay" jdbcType="VARCHAR" />
		<result column="activity_id" property="activityId" jdbcType="BIGINT" />
		<result column="activity_type" property="activityType"
			jdbcType="INTEGER" />
		<result column="transmit_tag" property="transmit_tag" jdbcType="VARCHAR" />
		<result column="bak1" property="bak1" jdbcType="VARCHAR" />
		<result column="bak2" property="bak2" jdbcType="VARCHAR" />
		<result column="bak3" property="bak3" jdbcType="VARCHAR" />
		<result column="bak4" property="bak4" jdbcType="VARCHAR" />
		<result column="bak5" property="bak5" jdbcType="VARCHAR" />
		<result column="card_id" property="card_id" jdbcType="INTEGER" />
		<result column="open_id" property="open_id" jdbcType="VARCHAR" />
	</resultMap>


	<sql id="Base_Column_List">
		id, tenant_id, uuid, create_time, is_deleted, transmit_way,
		activity_id,
		activity_type,transmit_tag,
		bak1, bak2, bak3, bak4, bak5
	</sql>

	<select id="selectByPrimaryKey" resultMap="BaseResultMap"
		parameterType="java.lang.Long">
		select
		<include refid="Base_Column_List" />
		from bm_transmit
		where id = #{id,jdbcType=BIGINT}
	</select>
	<delete id="deleteByPrimaryKey" parameterType="java.lang.Long">
		delete from
		bm_transmit
		where id = #{id,jdbcType=BIGINT}
	</delete>


	<insert id="insertSelective" parameterType="cn.cecook.model.business.markting.BmTransmit">
		insert into bm_transmit
		<trim prefix="(" suffix=")" suffixOverrides=",">
			<if test="id != null">
				id,
			</if>
			<if test="tenantId != null">
				tenant_id,
			</if>
			<if test="uuid != null">
				uuid,
			</if>
			<if test="createTime != null">
				create_time,
			</if>
			<if test="isDeleted != null">
				is_deleted,
			</if>
			<if test="transmitWay != null">
				transmit_way,
			</if>
			<if test="activityId != null">
				activity_id,
			</if>
			<if test="activityType != null">
				activity_type,
			</if>
			<if test="transmit_tag != null">
				transmit_tag,
			</if>
			<if test="bak1 != null">
				bak1,
			</if>
			<if test="bak2 != null">
				bak2,
			</if>
			<if test="bak3 != null">
				bak3,
			</if>
			<if test="bak4 != null">
				bak4,
			</if>
			<if test="bak5 != null">
				bak5,
			</if>
			<if test="card_id != null">
				card_id,
			</if>
			<if test="open_id != null">
				open_id,
			</if>
		</trim>
		<trim prefix="values (" suffix=")" suffixOverrides=",">
			<if test="id != null">
				#{id,jdbcType=BIGINT},
			</if>
			<if test="tenantId != null">
				#{tenantId,jdbcType=VARCHAR},
			</if>
			<if test="uuid != null">
				#{uuid,jdbcType=VARCHAR},
			</if>
			<if test="createTime != null">
				#{createTime,jdbcType=TIMESTAMP},
			</if>
			<if test="isDeleted != null">
				#{isDeleted,jdbcType=INTEGER},
			</if>
			<if test="transmitWay != null">
				#{transmitWay,jdbcType=VARCHAR},
			</if>
			<if test="activityId != null">
				#{activityId,jdbcType=BIGINT},
			</if>
			<if test="activityType != null">
				#{activityType,jdbcType=INTEGER},
			</if>
			<if test="transmit_tag != null">
				#{transmit_tag,jdbcType=VARCHAR},
			</if>
			<if test="bak1 != null">
				#{bak1,jdbcType=VARCHAR},
			</if>
			<if test="bak2 != null">
				#{bak2,jdbcType=VARCHAR},
			</if>
			<if test="bak3 != null">
				#{bak3,jdbcType=VARCHAR},
			</if>
			<if test="bak4 != null">
				#{bak4,jdbcType=VARCHAR},
			</if>
			<if test="bak5 != null">
				#{bak5,jdbcType=VARCHAR},
			</if>
			<if test="card_id != null">
				#{card_id,jdbcType=INTEGER},
			</if>
			<if test="open_id != null">
				#{open_id,jdbcType=VARCHAR},
			</if>
		</trim>
	</insert>



	<update id="updateByPrimaryKeySelective" parameterType="cn.cecook.model.business.markting.BmTransmit">
		update bm_transmit
		<set>
			<if test="tenantId != null">
				tenant_id = #{tenantId,jdbcType=VARCHAR},
			</if>
			<if test="uuid != null">
				uuid = #{uuid,jdbcType=VARCHAR},
			</if>
			<if test="createTime != null">
				create_time = #{createTime,jdbcType=TIMESTAMP},
			</if>
			<if test="isDeleted != null">
				is_deleted = #{isDeleted,jdbcType=INTEGER},
			</if>
			<if test="transmitWay != null">
				transmit_way = #{transmitWay,jdbcType=VARCHAR},
			</if>
			<if test="activityId != null">
				activity_id = #{activityId,jdbcType=BIGINT},
			</if>
			<if test="activityType != null">
				activity_type = #{activityType,jdbcType=INTEGER},
			</if>
			<if test="bak1 != null">
				bak1 = #{bak1,jdbcType=VARCHAR},
			</if>
			<if test="bak2 != null">
				bak2 = #{bak2,jdbcType=VARCHAR},
			</if>
			<if test="bak3 != null">
				bak3 = #{bak3,jdbcType=VARCHAR},
			</if>
			<if test="bak4 != null">
				bak4 = #{bak4,jdbcType=VARCHAR},
			</if>
			<if test="bak5 != null">
				bak5 = #{bak5,jdbcType=VARCHAR},
			</if>
			<if test="transmit_tag != null">
				transmit_tag = #{transmit_tag,jdbcType=VARCHAR},
			</if>
		</set>
		where id = #{id,jdbcType=BIGINT}
	</update>
	<!-- 统计活动转发次数 -->
	<select id="transmitNum" resultType="java.lang.Integer">
		select
		IFNULL(count(activity_id),0) from bm_transmit where
		transmit_tag=#{transmitTag} and activity_id=#{id} and
		activity_type=#{activity_type}
	</select>

	<!-- 统计用户的链接被转发次数 -->
	<select id="countUserTransmit" resultType="java.lang.Integer"
		parameterType="java.lang.String">
		select IFNULL(count(DISTINCT bak2),0) FROM
		bm_transmit where bak1=#{customer_id}
	</select>
</mapper>