<?xml version="1.0" encoding="UTF-8" ?>
<!DOCTYPE mapper PUBLIC "-//mybatis.org//DTD Mapper 3.0//EN" "http://mybatis.org/dtd/mybatis-3-mapper.dtd" >
<mapper namespace="cn.cecook.dao.business.markting.BmUserStoreMapper" >
  <resultMap id="BaseResultMap" type="cn.cecook.model.business.markting.BmUserStore" >
    <id column="id" property="id" jdbcType="INTEGER" />
    <result column="uuid" property="uuid" jdbcType="VARCHAR" />
    <result column="tenant_id" property="tenantId" jdbcType="VARCHAR" />
    <result column="is_deleted" property="isDeleted" jdbcType="INTEGER" />
    <result column="create_id" property="createId" jdbcType="BIGINT" />
    <result column="create_time" property="createTime" jdbcType="TIMESTAMP" />
    <result column="order_code" property="orderCode" jdbcType="VARCHAR" />
    <result column="delete_time" property="deleteTime" jdbcType="TIMESTAMP" />
    <result column="remarks" property="remarks" jdbcType="VARCHAR" />
    <result column="attachment" property="attachment" jdbcType="VARCHAR" />
    <result column="user_id" property="userId" jdbcType="BIGINT" />
    <result column="store_id" property="storeId" jdbcType="BIGINT" />
    <result column="bak1" property="bak1" jdbcType="VARCHAR" />
    <result column="bak2" property="bak2" jdbcType="VARCHAR" />
    <result column="bak3" property="bak3" jdbcType="VARCHAR" />
    <result column="bak4" property="bak4" jdbcType="VARCHAR" />
    <result column="bak5" property="bak5" jdbcType="VARCHAR" />
  </resultMap>
  <sql id="Base_Column_List" >
    id, uuid, tenant_id, is_deleted, create_id, create_time, order_code, delete_time, 
    remarks, attachment, user_id, store_id, bak1, bak2, bak3, bak4, bak5
  </sql>
  <select id="selectByPrimaryKey" resultMap="BaseResultMap" parameterType="java.lang.Integer" >
    select 
    <include refid="Base_Column_List" />
    from bm_user_store
    where id = #{id,jdbcType=INTEGER}
  </select>
  <delete id="deleteByPrimaryKey" parameterType="java.lang.Integer" >
    delete from bm_user_store
    where id = #{id,jdbcType=INTEGER}
  </delete>
  <insert id="insert" parameterType="cn.cecook.model.business.markting.BmUserStore" >
    insert into bm_user_store (id, uuid, tenant_id, 
      is_deleted, create_id, create_time, 
      order_code, delete_time, remarks, 
      attachment, user_id, store_id, 
      bak1, bak2, bak3, bak4, 
      bak5)
    values (#{id,jdbcType=INTEGER}, #{uuid,jdbcType=VARCHAR}, #{tenantId,jdbcType=VARCHAR}, 
      #{isDeleted,jdbcType=INTEGER}, #{createId,jdbcType=BIGINT}, #{createTime,jdbcType=TIMESTAMP}, 
      #{orderCode,jdbcType=VARCHAR}, #{deleteTime,jdbcType=TIMESTAMP}, #{remarks,jdbcType=VARCHAR}, 
      #{attachment,jdbcType=VARCHAR}, #{userId,jdbcType=BIGINT}, #{storeId,jdbcType=BIGINT}, 
      #{bak1,jdbcType=VARCHAR}, #{bak2,jdbcType=VARCHAR}, #{bak3,jdbcType=VARCHAR}, #{bak4,jdbcType=VARCHAR}, 
      #{bak5,jdbcType=VARCHAR})
  </insert>
  <insert id="insertSelective" parameterType="cn.cecook.model.business.markting.BmUserStore" >
    insert into bm_user_store
    <trim prefix="(" suffix=")" suffixOverrides="," >
      <if test="id != null" >
        id,
      </if>
      <if test="uuid != null" >
        uuid,
      </if>
      <if test="tenantId != null" >
        tenant_id,
      </if>
      <if test="isDeleted != null" >
        is_deleted,
      </if>
      <if test="createId != null" >
        create_id,
      </if>
      <if test="createTime != null" >
        create_time,
      </if>
      <if test="orderCode != null" >
        order_code,
      </if>
      <if test="deleteTime != null" >
        delete_time,
      </if>
      <if test="remarks != null" >
        remarks,
      </if>
      <if test="attachment != null" >
        attachment,
      </if>
      <if test="userId != null" >
        user_id,
      </if>
      <if test="storeId != null" >
        store_id,
      </if>
      <if test="bak1 != null" >
        bak1,
      </if>
      <if test="bak2 != null" >
        bak2,
      </if>
      <if test="bak3 != null" >
        bak3,
      </if>
      <if test="bak4 != null" >
        bak4,
      </if>
      <if test="bak5 != null" >
        bak5,
      </if>
    </trim>
    <trim prefix="values (" suffix=")" suffixOverrides="," >
      <if test="id != null" >
        #{id,jdbcType=INTEGER},
      </if>
      <if test="uuid != null" >
        #{uuid,jdbcType=VARCHAR},
      </if>
      <if test="tenantId != null" >
        #{tenantId,jdbcType=VARCHAR},
      </if>
      <if test="isDeleted != null" >
        #{isDeleted,jdbcType=INTEGER},
      </if>
      <if test="createId != null" >
        #{createId,jdbcType=BIGINT},
      </if>
      <if test="createTime != null" >
        #{createTime,jdbcType=TIMESTAMP},
      </if>
      <if test="orderCode != null" >
        #{orderCode,jdbcType=VARCHAR},
      </if>
      <if test="deleteTime != null" >
        #{deleteTime,jdbcType=TIMESTAMP},
      </if>
      <if test="remarks != null" >
        #{remarks,jdbcType=VARCHAR},
      </if>
      <if test="attachment != null" >
        #{attachment,jdbcType=VARCHAR},
      </if>
      <if test="userId != null" >
        #{userId,jdbcType=BIGINT},
      </if>
      <if test="storeId != null" >
        #{storeId,jdbcType=BIGINT},
      </if>
      <if test="bak1 != null" >
        #{bak1,jdbcType=VARCHAR},
      </if>
      <if test="bak2 != null" >
        #{bak2,jdbcType=VARCHAR},
      </if>
      <if test="bak3 != null" >
        #{bak3,jdbcType=VARCHAR},
      </if>
      <if test="bak4 != null" >
        #{bak4,jdbcType=VARCHAR},
      </if>
      <if test="bak5 != null" >
        #{bak5,jdbcType=VARCHAR},
      </if>
    </trim>
  </insert>
  <update id="updateByPrimaryKeySelective" parameterType="cn.cecook.model.business.markting.BmUserStore" >
    update bm_user_store
    <set >
      <if test="uuid != null" >
        uuid = #{uuid,jdbcType=VARCHAR},
      </if>
      <if test="tenantId != null" >
        tenant_id = #{tenantId,jdbcType=VARCHAR},
      </if>
      <if test="isDeleted != null" >
        is_deleted = #{isDeleted,jdbcType=INTEGER},
      </if>
      <if test="createId != null" >
        create_id = #{createId,jdbcType=BIGINT},
      </if>
      <if test="createTime != null" >
        create_time = #{createTime,jdbcType=TIMESTAMP},
      </if>
      <if test="orderCode != null" >
        order_code = #{orderCode,jdbcType=VARCHAR},
      </if>
      <if test="deleteTime != null" >
        delete_time = #{deleteTime,jdbcType=TIMESTAMP},
      </if>
      <if test="remarks != null" >
        remarks = #{remarks,jdbcType=VARCHAR},
      </if>
      <if test="attachment != null" >
        attachment = #{attachment,jdbcType=VARCHAR},
      </if>
      <if test="userId != null" >
        user_id = #{userId,jdbcType=BIGINT},
      </if>
      <if test="storeId != null" >
        store_id = #{storeId,jdbcType=BIGINT},
      </if>
      <if test="bak1 != null" >
        bak1 = #{bak1,jdbcType=VARCHAR},
      </if>
      <if test="bak2 != null" >
        bak2 = #{bak2,jdbcType=VARCHAR},
      </if>
      <if test="bak3 != null" >
        bak3 = #{bak3,jdbcType=VARCHAR},
      </if>
      <if test="bak4 != null" >
        bak4 = #{bak4,jdbcType=VARCHAR},
      </if>
      <if test="bak5 != null" >
        bak5 = #{bak5,jdbcType=VARCHAR},
      </if>
    </set>
    where id = #{id,jdbcType=INTEGER}
  </update>
  <update id="updateByPrimaryKey" parameterType="cn.cecook.model.business.markting.BmUserStore" >
    update bm_user_store
    set uuid = #{uuid,jdbcType=VARCHAR},
      tenant_id = #{tenantId,jdbcType=VARCHAR},
      is_deleted = #{isDeleted,jdbcType=INTEGER},
      create_id = #{createId,jdbcType=BIGINT},
      create_time = #{createTime,jdbcType=TIMESTAMP},
      order_code = #{orderCode,jdbcType=VARCHAR},
      delete_time = #{deleteTime,jdbcType=TIMESTAMP},
      remarks = #{remarks,jdbcType=VARCHAR},
      attachment = #{attachment,jdbcType=VARCHAR},
      user_id = #{userId,jdbcType=BIGINT},
      store_id = #{storeId,jdbcType=BIGINT},
      bak1 = #{bak1,jdbcType=VARCHAR},
      bak2 = #{bak2,jdbcType=VARCHAR},
      bak3 = #{bak3,jdbcType=VARCHAR},
      bak4 = #{bak4,jdbcType=VARCHAR},
      bak5 = #{bak5,jdbcType=VARCHAR}
    where id = #{id,jdbcType=INTEGER}
  </update>
  <!-- 根据用户id获取全部的门店 -->
  	<select id="getStores" parameterType="java.lang.String"
		resultType="map">
		select s.user_id,s.store_id,b.name from bm_user_store s LEFT JOIN bm_store b on s.store_id = b.id WHERE s.user_id = #{id}
		AND s.is_deleted = 0 AND b.is_delete = 0
	</select>
	
	
	<!-- 根据用户id获取全部的门店 -->
  	<select id="getStoreByLogin" resultType="map">
		select s.user_id,s.store_id,b.name from bm_user_store s LEFT JOIN bm_store b on s.store_id = b.id WHERE s.user_id = #{id}
		AND s.is_deleted = 0 AND b.is_delete = 0
		<if test="tenantId!=null and tenantId!=''">
		   cecook2017${tenantId}
		</if>
	</select>
    <select id="getStoreByData" resultType="map">
		select s.user_id,s.store_id,b.name,b.address,b.phone from bm_user_store s LEFT JOIN bm_store b on s.store_id = b.id WHERE s.user_id = #{id}
		AND s.is_deleted = 0 AND b.is_delete = 0
          limit #{startIndex},#{pageSize}
		<if test="tenantId!=null and tenantId!=''">
		   cecook2017${tenantId}
		</if>
	</select>
	
  <select id="getTheStores" parameterType="java.lang.String" resultType="map">
    select b.name from bm_user_store s LEFT JOIN bm_store b on s.store_id = b.id WHERE s.user_id = #{id}
		AND s.is_deleted = 0 AND b.is_delete = 0
  </select>
		<!-- 根据门店id获取全部的用户信息 -->
  	<select id="getUsers" parameterType="java.lang.String"
		resultType="map">
		select s.user_id from bm_user_store s where s.store_id=#{id}
		AND s.is_deleted = 0
	</select>
  	<!--   根据userid删除sunny -->
   <delete id="deleteByUserId" parameterType="java.lang.Long" >		
    delete from bm_user_store
    where
    user_id = #{userId,jdbcType=BIGINT}
  </delete>

  <!--   根据userid查询列表 -->
   <select id="selectByUserId" parameterType="long" resultType="cn.cecook.model.business.markting.BmUserStore">
	 		select 
			    <include refid="Base_Column_List" />
			from bm_user_store
			where user_id = #{userId,jdbcType=BIGINT}
			and  is_deleted = 0
	</select>
	
     <!--   根据用户id获取该用户是否有开通的对接服务 -->

  	<select id="getProductService" parameterType="java.lang.String"
		resultType="map">
		SELECT IFNULL(product_id,'') product_id,IFNULL(auth_num,'') auth_num from dock_authorize_info WHERE is_deleted = 0 and tenant_id =  #{tenant_id}
	</select>
    <select id="getStoreTotlCount" parameterType="java.lang.String" resultType="java.lang.Integer">
      select count(*) from bm_user_store s LEFT JOIN bm_store b on s.store_id = b.id WHERE s.user_id = #{id}
      AND s.is_deleted = 0 AND b.is_delete = 0
      <if test="tenantId!=null and tenantId!=''">
        cecook2017${tenantId}
      </if>
	</select>
  
</mapper>