<?xml version="1.0" encoding="UTF-8" ?>
<!DOCTYPE mapper PUBLIC "-//mybatis.org//DTD Mapper 3.0//EN" "http://mybatis.org/dtd/mybatis-3-mapper.dtd" >
<mapper namespace="cn.cecook.dao.business.markting.BmWriteOffMapper">
	<resultMap id="BaseResultMap" type="cn.cecook.model.business.markting.BmWriteOff">
		<id column="id" property="id" jdbcType="INTEGER" />
		<result column="uuid" property="uuid" jdbcType="VARCHAR" />
		<result column="tenant_id" property="tenantId" jdbcType="VARCHAR" />
		<result column="is_deleted" property="isDeleted" jdbcType="INTEGER" />
		<result column="create_id" property="createId" jdbcType="BIGINT" />
		<result column="create_time" property="createTime" jdbcType="TIMESTAMP" />
		<result column="order_code" property="orderCode" jdbcType="VARCHAR" />
		<result column="delete_time" property="deleteTime" jdbcType="TIMESTAMP" />
		<result column="remarks" property="remarks" jdbcType="VARCHAR" />
		<result column="attachment" property="attachment" jdbcType="VARCHAR" />
		<result column="bak1" property="bak1" jdbcType="VARCHAR" />
		<result column="bak2" property="bak2" jdbcType="VARCHAR" />
		<result column="bak3" property="bak3" jdbcType="VARCHAR" />
		<result column="bak4" property="bak4" jdbcType="VARCHAR" />
		<result column="bak5" property="bak5" jdbcType="VARCHAR" />
		<result column="mobile" property="mobile" jdbcType="VARCHAR" />
		<result column="customer_id" property="customerId" jdbcType="BIGINT" />
		<result column="activity_id" property="activityId" jdbcType="BIGINT" />
		<!-- <result column="reverse_name" property="reverseName" jdbcType="VARCHAR" 
			/> -->
		<result column="card_id" property="card_id" jdbcType="BIGINT" />
		<result column="coupon_id" property="couponId" jdbcType="BIGINT" />
		<result column="coupon_name" property="couponName" jdbcType="VARCHAR" />
		<result column="coupon_code" property="couponCode" jdbcType="VARCHAR" />
		<result column="status" property="status" jdbcType="INTEGER" />
		<result column="action_user_id" property="actionUserId"
			jdbcType="BIGINT" />
		<result column="write_off_time" property="writeOffTime"
			jdbcType="TIMESTAMP" />
		<result column="reverse_reason" property="reverseReason"
			jdbcType="VARCHAR" />
		<result column="reverse_user_id" property="reverseUserId"
			jdbcType="BIGINT" />
		<result column="reverse_time" property="reverseTime" jdbcType="TIMESTAMP" />
		<result column="consumption_amount" property="consumptionAmount"
			jdbcType="DOUBLE" />
		<result column="consumption_preference" property="consumptionPreference"
			jdbcType="VARCHAR" />
		<result column="coupon_model_id" property="coupon_model_id"
		jdbcType="INTEGER" />
		<result column="channel_type" property="channel_type"
		jdbcType="INTEGER" />
		<result column="longitude" property="longitude" jdbcType="VARCHAR" />
		<result column="latitude" property="latitude" jdbcType="VARCHAR" />
		<result column="province" property="province" jdbcType="VARCHAR" />
		<result column="city" property="city" jdbcType="VARCHAR" />
		<result column="district" property="district" jdbcType="VARCHAR" />
		<result column="store_id" property="store_id" jdbcType="INTEGER" />
		<result column="task_id" property="taskId" jdbcType="INTEGER" />
	</resultMap>

	<sql id="Base_Column_List">
		id, uuid, tenant_id, is_deleted, create_id, create_time,
		order_code,
		delete_time,
		remarks, attachment, bak1, bak2, bak3, bak4,
		bak5, mobile, coupon_id,
		coupon_name,
		coupon_code, status,
		action_user_id, write_off_time, reverse_reason,
		reverse_user_id,activity_id,
		reverse_time, consumption_amount,
		consumption_preference,customer_id,channel_type,longitude,latitude,province,city,district,store_id,task_id
	</sql>

	<sql id="writeOff_Column_List">
		id, mobile, coupon_id, coupon_name, coupon_code, status,
		action_user_id,
		write_off_time, reverse_reason, reverse_user_id,
		reverse_time,
		consumption_amount, consumption_preference, activity_name,longitude,latitude,province,city,district,store_id

	</sql>



	<select id="selectByPrimaryKey" resultMap="BaseResultMap"
		parameterType="java.lang.Integer">
		select
		<include refid="Base_Column_List" />
		from bm_write_off
		where id = #{id,jdbcType=INTEGER}
	</select>
	<delete id="deleteByPrimaryKey" parameterType="java.lang.Integer">
		delete from
		bm_write_off
		where id = #{id,jdbcType=INTEGER}
	</delete>


	<!-- 插入数据至核销表 -->  <!-- 插入id至核销表 -->
	<!-- 插入数据至核销表 -->  <!-- 插入id至核销表 -->
	<insert id="insertSelective" useGeneratedKeys="true"
		keyProperty="id" parameterType="cn.cecook.model.business.markting.BmWriteOff">
		insert into bm_write_off
		<trim prefix="(" suffix=")" suffixOverrides=",">
			<if test="id != null">
				id,
			</if>
			<if test="uuid != null">
				uuid,
			</if>
			<if test="tenantId != null">
				tenant_id,
			</if>
			<if test="isDeleted != null">
				is_deleted,
			</if>
			<if test="createId != null">
				create_id,
			</if>
			<if test="createTime != null">
				create_time,
			</if>
			<if test="orderCode != null">
				order_code,
			</if>
			<if test="deleteTime != null">
				delete_time,
			</if>
			<if test="remarks != null">
				remarks,
			</if>
			<if test="attachment != null">
				attachment,
			</if>

			bak1,

			<if test="bak2 != null">
				bak2,
			</if>
			<if test="bak3 != null">
				bak3,
			</if>
			<if test="bak4 != null">
				bak4,
			</if>
			<if test="bak5 != null">
				bak5,
			</if>
			<if test="mobile != null">
				mobile,
			</if>
			<if test="couponId != null">
				coupon_id,
			</if>
			<if test="couponName != null">
				coupon_name,
			</if>
			<if test="couponCode != null">
				coupon_code,
			</if>
			<if test="status != null">
				status,
			</if>
			<if test="actionUserId != null">
				action_user_id,
			</if>
			<if test="writeOffTime == null">
				write_off_time,
			</if>
			<if test="reverseReason != null">
				reverse_reason,
			</if>
			<if test="reverseUserId != null">
				reverse_user_id,
			</if>
			<if test="reverseTime != null">
				reverse_time,
			</if>
			<if test="consumptionAmount != null">
				consumption_amount,
			</if>
			<if test="consumptionPreference != null">
				consumption_preference,
			</if>
			<if test="activityId != null">
				activity_id,
			</if>
			<if test="customerId != null">
				customer_id,
			</if>
			<if test="activity_type != null">
				activity_type,
			</if>
			<if test="sms_batch != null">
				sms_batch,
			</if>
			<if test="card_id != null">
				card_id,
			</if>
			<if test="coupon_model_id != null">
				coupon_model_id,
			</if>
			<if test="channel_type != null">
				channel_type,
			</if>
			
			<if test="longitude != null">
				longitude,
			</if>
			<if test="latitude != null">
				latitude,
			</if>
			<if test="province != null">
				province,
			</if>
			<if test="city != null">
				city,
			</if>
			<if test="district != null">
				district,
			</if>
			<if test="store_id != null">
				store_id,
			</if>
			<if test="coupon_batch != null">
				coupon_batch,
			</if>
			<if test="taskId != null">
				task_id,
			</if>
		</trim>
		<trim prefix="values (" suffix=")" suffixOverrides=",">
			<if test="id != null">
				#{id,jdbcType=INTEGER},
			</if>
			<if test="uuid != null">
				#{uuid,jdbcType=VARCHAR},
			</if>
			<if test="tenantId != null">
				#{tenantId,jdbcType=VARCHAR},
			</if>
			<if test="isDeleted != null">
				#{isDeleted,jdbcType=INTEGER},
			</if>
			<if test="createId != null">
				#{createId,jdbcType=BIGINT},
			</if>
			<if test="createTime != null">
				#{createTime,jdbcType=TIMESTAMP},
			</if>
			<if test="orderCode != null">
				#{orderCode,jdbcType=VARCHAR},
			</if>
			<if test="deleteTime != null">
				#{deleteTime,jdbcType=TIMESTAMP},
			</if>
			<if test="remarks != null">
				#{remarks,jdbcType=VARCHAR},
			</if>
			<if test="attachment != null">
				#{attachment,jdbcType=VARCHAR},
			</if>
			(SELECT bak1 from bm_coupon where id=#{couponId}),
			<if test="bak2 != null">
				#{bak2,jdbcType=VARCHAR},
			</if>
			<if test="bak3 != null">
				#{bak3,jdbcType=VARCHAR},
			</if>
			<if test="bak4 != null">
				#{bak4,jdbcType=VARCHAR},
			</if>
			<if test="bak5 != null">
				#{bak5,jdbcType=VARCHAR},
			</if>
			<if test="mobile != null">
				#{mobile,jdbcType=VARCHAR},
			</if>
			<if test="couponId != null">
				#{couponId,jdbcType=BIGINT},
			</if>
			<if test="couponName != null">
				#{couponName,jdbcType=VARCHAR},
			</if>
			<if test="couponCode != null">
				#{couponCode,jdbcType=VARCHAR},
			</if>
			<if test="status != null">
				#{status,jdbcType=INTEGER},
			</if>
			<if test="actionUserId != null">
				#{actionUserId,jdbcType=BIGINT},
			</if>
			<if test="writeOffTime == null">
				now(),
			</if>
			<if test="reverseReason != null">
				#{reverseReason,jdbcType=VARCHAR},
			</if>
			<if test="reverseUserId != null">
				#{reverseUserId,jdbcType=BIGINT},
			</if>
			<if test="reverseTime != null">
				#{reverseTime,jdbcType=TIMESTAMP},
			</if>
			<if test="consumptionAmount != null">
				#{consumptionAmount,jdbcType=DOUBLE},
			</if>
			<if test="consumptionPreference != null">
				#{consumptionPreference,jdbcType=VARCHAR},
			</if>
			<if test="activityId != null">
				#{activityId,jdbcType=BIGINT},
			</if>
			<if test="customerId != null">
				#{customerId,jdbcType=BIGINT},
			</if>
			<if test="activity_type != null">
				#{activity_type,jdbcType=INTEGER},
			</if>
			<if test="sms_batch != null">
				#{sms_batch,jdbcType=VARCHAR},
			</if>
			<if test="card_id != null">
				#{card_id,jdbcType=INTEGER},
			</if>
			<if test="coupon_model_id != null">
				#{coupon_model_id,jdbcType=INTEGER},
			</if>
			<if test="channel_type != null">
				#{channel_type,jdbcType=INTEGER},
			</if>
			<if test="longitude != null">
				#{longitude,jdbcType=VARCHAR},
			</if>
			<if test="latitude != null">
				#{latitude,jdbcType=VARCHAR},
			</if>			
			<if test="province != null">
				#{province,jdbcType=VARCHAR},
			</if>
			<if test="city != null">
				#{city,jdbcType=VARCHAR},
			</if>
			<if test="district != null">
				#{district,jdbcType=VARCHAR},
			</if>
			<if test="store_id != null">
				#{store_id,jdbcType=INTEGER},
			</if>
			<if test="coupon_batch != null">
				#{coupon_batch,jdbcType=INTEGER},
			</if>
			<if test="taskId != null">
				#{taskId,jdbcType=INTEGER},
			</if>
		</trim>
	</insert>

	<update id="updateByPrimaryKeySelective" parameterType="cn.cecook.model.business.markting.BmWriteOff">
		update bm_write_off
		<set>
			<if test="uuid != null">
				uuid = #{uuid,jdbcType=VARCHAR},
			</if>
			<if test="tenantId != null">
				tenant_id = #{tenantId,jdbcType=VARCHAR},
			</if>
			<if test="isDeleted != null">
				is_deleted = #{isDeleted,jdbcType=INTEGER},
			</if>
			<if test="createId != null">
				create_id = #{createId,jdbcType=BIGINT},
			</if>
			<if test="createTime != null">
				create_time = #{createTime,jdbcType=TIMESTAMP},
			</if>
			<if test="orderCode != null">
				order_code = #{orderCode,jdbcType=VARCHAR},
			</if>
			<if test="deleteTime != null">
				delete_time = #{deleteTime,jdbcType=TIMESTAMP},
			</if>
			<if test="remarks != null">
				remarks = #{remarks,jdbcType=VARCHAR},
			</if>
			<if test="attachment != null">
				attachment = #{attachment,jdbcType=VARCHAR},
			</if>
			<if test="bak1 != null">
				bak1 = #{bak1,jdbcType=VARCHAR},
			</if>
			<if test="bak2 != null">
				bak2 = #{bak2,jdbcType=VARCHAR},
			</if>
			<if test="bak3 != null">
				bak3 = #{bak3,jdbcType=VARCHAR},
			</if>
			<if test="bak4 != null">
				bak4 = #{bak4,jdbcType=VARCHAR},
			</if>
			<if test="bak5 != null">
				bak5 = #{bak5,jdbcType=VARCHAR},
			</if>
			<if test="mobile != null">
				mobile = #{mobile,jdbcType=VARCHAR},
			</if>
			<if test="couponId != null">
				coupon_id = #{couponId,jdbcType=BIGINT},
			</if>
			<if test="couponName != null">
				coupon_name = #{couponName,jdbcType=VARCHAR},
			</if>
			<if test="couponCode != null">
				coupon_code = #{couponCode,jdbcType=VARCHAR},
			</if>
			<if test="status != null">
				status = #{status,jdbcType=INTEGER},
			</if>
			<if test="actionUserId != null">
				action_user_id = #{actionUserId,jdbcType=BIGINT},
			</if>
			<if test="writeOffTime != null">
				write_off_time = #{writeOffTime,jdbcType=TIMESTAMP},
			</if>
			<if test="reverseReason != null">
				reverse_reason = #{reverseReason,jdbcType=VARCHAR},
			</if>
			<if test="reverseUserId != null">
				reverse_user_id = #{reverseUserId,jdbcType=BIGINT},
			</if>
			<if test="reverseTime != null">
				reverse_time = #{reverseTime,jdbcType=TIMESTAMP},
			</if>
			<if test="consumptionAmount != null">
				consumption_amount =
				#{consumptionAmount,jdbcType=DOUBLE},
			</if>
			<if test="consumptionPreference != null">
				consumption_preference =
				#{consumptionPreference,jdbcType=VARCHAR},
			</if>
		</set>
		where id = #{id,jdbcType=INTEGER}
	</update>



	<!-- 按条件查询时查询的总数 -->
	<select id="seachCount" parameterType="map" resultType="java.lang.Integer">
		select IFNULL(count(id),0) from bm_write_off
		<where>
			status=0 and
			is_deleted=0 and (
			<if test="mobile != null">
				mobile LIKE CONCAT('%',#{mobile,jdbcType=VARCHAR},'%')
			</if>
			<if test="coupon_code != null">
				OR coupon_code LIKE
				CONCAT('%',#{coupon_code,jdbcType=VARCHAR},'%')
			</if>
			)
		</where>
	</select>

	<!-- 核销列表 -->
	<select id="queryBmWriteOffList" parameterType="map"
		resultType="cn.cecook.bean.business.markting.WriteOffBean">
		select
		mobile, coupon_name,create_time, coupon_code, coupon_id ,
		customer_id, activity_id
		from
		bm_write_off
		<where>
			status=0 and
			is_deleted=0 and (
			<if test="mobile != null">
				mobile LIKE CONCAT('%',#{mobile,jdbcType=VARCHAR},'%')
				<!-- mobile = #{mobile,jdbcType=VARCHAR} -->

			</if>

			<if test="coupon_code != null">
				OR coupon_code LIKE CONCAT('%',#{coupon_code,jdbcType=VARCHAR},'%')
				<!-- or coupon_code = #{coupon_code,jdbcType=VARCHAR} -->

			</if>
			) limit #{startIndex},#{page_size}
		</where>
	</select>

	<!-- 反核销 -->
	<update id="ReverseWriteOff" parameterType="map">
		update bm_write_off
		<set>
			<if test="reverse_reason !=null">
				reverse_reason=#{reverse_reason,jdbcType=VARCHAR},
			</if>
			<!-- reverse_reason=#{reverse_reason,jdbcType=VARCHAR}, -->
			<if test="reverse_name != null">
				reverse_name=#{reverse_name,jdbcType=VARCHAR}
			</if>
			<!-- reverse_user_id=#{reverse_user_id,jdbcType=BIGINT} -->
		</set>
		where coupon_id = #{coupon_id,jdbcType=INTEGER} and is_deleted = 0
	</update>


	<!-- 核销编辑 -->
	<update id="editorWriteOff" parameterType="map">
		update bm_write_off
		<set>
			<if test="consumption_amount !=null ">
				consumption_amount=#{consumption_amount,jdbcType=DOUBLE},
			</if>
			<if test="consumption_preference !=null">
				consumption_preference=#{consumption_preference,jdbcType=VARCHAR}
			</if>
		</set>
		where id = #{verification_id,jdbcType=INTEGER}
	</update>


	<!--查询第一次消费时间 -->
	<select id="firstTime" parameterType="map" resultType="java.util.Date">
		select
		create_time from bm_write_off where customer_id =
		#{customerId,jdbcType=BIGINT} and status=0 limit 1
	</select>

	<!--该用户累计消费总金额 -->
	<select id="amount" parameterType="map" resultType="java.lang.Integer">
		select
		IFNULL(sum(consumption_amount),0) from bm_write_off where customer_id
		=#{customerId,jdbcType=BIGINT} and status = 0
	</select>

	<!--查询消费的总次数 -->
	<select id="count" parameterType="java.lang.Long" resultType="java.lang.Integer">
		select count(*) from bm_write_off where customer_id =
		#{customerId,jdbcType=BIGINT} and status = 0
	</select>

	<!--最后一次消费时间 -->
	<select id="lastTime" parameterType="map" resultType="java.util.Date">
		select
		create_time from bm_write_off where customer_id =
		#{customerId,jdbcType=BIGINT} and status = 0 order by create_time desc
		limit 1
	</select>

	<!--根据客户id查询第一条消费记录 --><!--后加入 -->
	<select id="firstRecord" parameterType="map"
		resultType="cn.cecook.bean.business.markting.WriteOffBean">
		select * from bm_write_off where customer_id =
		#{customerId,jdbcType=BIGINT} and status = 0 limit 1
	</select>

	<!--根据客户id查询最近一条消费记录 --><!--后加入 -->
	<select id="lastRecord" parameterType="map"
		resultType="cn.cecook.bean.business.markting.WriteOffBean">
		select * from bm_write_off where customer_id =
		#{customerId,jdbcType=BIGINT} and status = 0 and is_deleted=0 order by
		create_time desc
		limit 1
	</select>
	<select id="activityAmount" parameterType="java.lang.Long"
		resultType="java.lang.Double">
		select IFNULL(sum(consumption_amount),0) from bm_write_off
		where
		activity_id=#{activity_id,jdbcType=BIGINT} and activity_type=0
		and status=0

	</select>

	<select id="activityAmount2" parameterType="java.lang.Long"
		resultType="java.lang.Double">
		select IFNULL(sum(consumption_amount),0) from bm_write_off
		where
		activity_id=#{activity_id,jdbcType=BIGINT} and activity_type=1

	</select>


	<select id="countActivity" parameterType="java.lang.Long"
		resultType="java.lang.Integer">
		select IFNULL(count(id),0) from bm_write_off where is_deleted=0
		<if test="activity_id != 0">
			and activity_id=#{activity_id,jdbcType=BIGINT}
		</if>
		and status=0 and activity_type=0
	</select>

	<select id="countActivity2" parameterType="java.lang.Long"
		resultType="java.lang.Integer">
		select IFNULL(count(id),0) from bm_write_off where is_deleted=0
		<if test="activity_id != 0">
			and activity_id=#{activity_id,jdbcType=BIGINT}
		</if>
		and status=0 and activity_type=1
	</select>

	<select id="getActivityWriteOffList" parameterType="map"
		resultType="cn.cecook.bean.business.markting.WriteOffBean">
		select mobile, DATE_FORMAT(create_time,'%Y-%m-%d %H:%i:%S')
		as
		create_time,coupon_name, write_off_time,
		coupon_code,
		coupon_id,
		id
		verification_id,
		customer_id customer_id
		from
		bm_write_off where
		is_deleted=0
		<if test="activityIds != null and activityIds != ''">
			and activity_id in(${activityIds})
		</if>
		<if test="activity_id != 0">
			and activity_id=#{activity_id}
		</if>
		<if test="activity_type !=null">
			and activity_type=#{activity_type}
		</if>
		and status=0
		limit #{startIndex},#{page_size}
	</select>

	<!--更新核销表状态为1 -->
	<update id="updateBmstatus" parameterType="java.lang.Long">
		update bm_write_off
		<set>
			status = 1 ,reverse_time = (select now()),is_deleted=1
		</set>
		where coupon_id = #{coupon_id,jdbcType=INTEGER} and is_deleted=0
	</update>

	<!--判断是否已经反核销 -->
	<select id="selectStat" parameterType="java.lang.Long"
		resultType="java.lang.Integer">
		select status
		from bm_write_off
		where coupon_id =
		#{coupon_id,jdbcType=INTEGER} and is_deleted=0
	</select>


	<update id="deleted" parameterType="java.lang.Long">
		update bm_write_off set
		is_deleted=1 where id=#{id};

	</update>

	<!--查询所有核销记录 -->
	<select id="queryAll" parameterType="map"
		resultType="cn.cecook.bean.business.markting.WriteOffBean">
		select mobile, coupon_name,create_time, coupon_code,
		coupon_id ,
		customer_id, activity_id
		from
		bm_write_off where status=0 and
		is_deleted=0 order by create_time desc limit
		#{startIndex},#{page_size}
	</select>

	<!--查询核销总数 -->
	<select id="queryCount" resultType="java.lang.Integer">
		select count(*)
		from
		bm_write_off where status=0 and is_deleted=0
	</select>

	<!-- 查询客户第一次消费距离现在时间 -->
	<select id="distanceFirstConsume" parameterType="java.lang.Long"
		resultType="java.lang.Integer">
		SELECT TIMESTAMPDIFF(DAY,(select create_time from
		bm_write_off where
		customer_id=#{customer_id} order by
		create_time ASC
		LIMIT 1),NOW());
	</select>


	<!-- 查询客户第近一次消费距离现在时间 -->
	<select id="distanceLastConsume" parameterType="java.lang.Long"
		resultType="java.lang.Integer">
		SELECT
		TIMESTAMPDIFF(DAY,(select create_time from
		bm_write_off where
		customer_id=#{customer_id} order by
		create_time DESC
		LIMIT 1),NOW());
	</select>

	<select id="queryDimensionCount" parameterType="map"
		resultType="java.lang.Integer">
		SELECT COUNT(customer_id) FROM bm_write_off where
		create_time BETWEEN
		DATE_SUB(NOW(),INTERVAL
		#{days} DAY) and NOW() and
		customer_id=#{customer_id}
	</select>
	<!-- 查询第一次消费时间 、距离现在多少天 查询上一次消费时间 及距离现在多少天 -->
	<select id="queryConsumeTime" parameterType="java.lang.Long"
		resultType="map">
		SELECT t1.`name`, IFNULL(t1.birthday,"") AS
		birthday,DATE_FORMAT(MAX(t2.create_time),'%Y-%m-%d %H:%i:%S') AS
		lastConsumeTime,
		IFNULL(TIMESTAMPDIFF(DAY,MAX(t2.create_time),NOW()),0) as
		distanceLastConsumeDay,DATE_FORMAT(MIN(t2.create_time),'%Y-%m-%d
		%H:%i:%S') AS
		firstConsumeTime,IFNULL(TIMESTAMPDIFF(DAY,MIN(t2.create_time),NOW()),0)
		as
		distanceFirstConsumeDay from bc_customer t1
		LEFT JOIN bm_write_off t2
		on t1.id=t2.customer_id
		where t1.id=#{id} and t2.is_deleted=0
	</select>

	<select id="getWriteOffListByCouponBatch" parameterType="map"
		resultType="cn.cecook.bean.business.markting.CouponBatchClickStatistics">
		SELECT
		ifnull(t1.coupon_name,"——") AS couponName,
		ifnull(t1.create_time,"——") AS create_time,
		ifnull(t2.`name`,"——") as name,
		t2.phone,
		ifnull(t2.email,"——") as email,
		ifnull(t2.gender,"") as gender,
		ifnull(t2.city,"——") as city
		FROM
		bm_write_off t1
		LEFT JOIN bc_customer t2 ON t1.customer_id = t2.id
		WHERE
		t1.status=0 and t1.is_deleted=0 and t1.coupon_batch =#{batchId}
		order by t1.id desc
		<if test="startIndex!=null  and pageSize!=null ">
			limit #{startIndex},#{pageSize}
		</if>
	</select>

	<select id="countByCouponBatchId" parameterType="java.lang.Integer"
		resultType="java.lang.Integer">
		select count(1) from bm_write_off where is_deleted=0 and
		coupon_batch=#{batchId}

	</select>
	
	<select id="getListByCouponId" parameterType="map"
		resultType="cn.cecook.bean.business.markting.CouponBatchClickStatistics">
		SELECT
			IFNULL(t3.`name`, "——") AS `name`,
			IFNULL(t3.phone, "——") AS phone,
			IFNULL(t3.email, "——") AS email,
			IFNULL(t3.gender, "") AS gender,
			IFNULL(t3.city, "") AS city,
			IFNULL(
				DATE_FORMAT(
					t1.create_time,
					'%Y-%m-%d %T'
				),
				""
			) AS create_time,
			t1.coupon_name AS couponName
		FROM
			bm_write_off t1
		LEFT JOIN bc_customer t3 ON t1.customer_id = t3.id
		WHERE
			t1.is_deleted = 0 AND t1.`status`=0 and t1.coupon_model_id=#{coupon_model_id}
		ORDER BY
			t1.id DESC
		<if test="startIndex!=null and pageSize!=null">
			limit #{startIndex},#{pageSize}
		</if>
	</select>
	
	
	
	<select id="countTotalByCouponId" parameterType="java.lang.Integer"
		resultType="java.lang.Integer">
		select count(1) from bm_write_off where is_deleted=0 and
		coupon_model_id=#{socialCouponId}
	</select>
	<!-- 城市占比 -->
	<select id="countByCity" parameterType="map" resultType="map">
		SELECT
			IFNULL(count(t1.id),0) as value,t2.city AS name
		FROM
			bm_write_off t1,bm_coupon t2
		WHERE
		    t1.is_deleted=0 and t1.status=0 and
			t1.coupon_code=t2.coupon_code AND t1.create_time BETWEEN #{startTime} AND #{endTime}
			and t2.city is NOT null and t2.city!=''
        <if test="keyWord!=null and keyWord!=''">
		    and t1.coupon_name=#{keyWord}
		</if>
		GROUP BY
			name
		limit #{startIndex},#{endIndex};
	</select>
	
	<select id="countTotalByCity" parameterType="map" resultType="java.lang.Integer">
		SELECT
			count(t1.id) as value
		FROM
			bm_write_off t1,bm_coupon t2
		WHERE
		    t1.is_deleted=0 and t1.status=0 and
			t1.coupon_code=t2.coupon_code AND t1.create_time BETWEEN #{startTime} AND #{endTime}
			and t2.city is NOT null and t2.city!=''
        <if test="keyWord!=null and keyWord!=''">
		    and t1.coupon_name=#{keyWord}
		</if>
		
	</select>
	
	<select id="countByHour" resultType="map">
		SELECT
			count(id) as value,
			DATE_FORMAT(create_time, '%H') AS columnNo
		FROM
			bm_write_off
		WHERE
			is_deleted=0 and status=0 
			
		<if test="time!=null and time!=''">
		    and create_time LIKE CONCAT('%',DATE_FORMAT(#{time}, '%Y-%m-%d'),'%')
		</if>	
		<if test="time==null or time==''">
		    and create_time LIKE CONCAT('%',DATE_FORMAT(now(), '%Y-%m-%d'),'%')
		</if>
		
		<if test="keyWord!=null and keyWord!=''">
		    and coupon_name=#{keyWord}
		</if>
		GROUP BY
			columnNo;
	</select>
	
	<select id="countByWeek" resultType="map">
		SELECT
			count(id) AS
		value
			,
			CASE DATE_FORMAT(create_time, '%W')
		WHEN "Monday" THEN
			"星期一"
		WHEN "Tuesday" THEN
			"星期二"
		WHEN "Wednesday" THEN
			"星期三"
		WHEN "Thursday" THEN
			"星期四"
		WHEN "Friday" THEN
			"星期五"
		WHEN "Saturday" THEN
			"星期六"
		WHEN "Sunday" THEN
			"星期日"
		END AS "columnNo"
		FROM
			bm_write_off
		WHERE
			is_deleted = 0
		AND STATUS = 0
		AND create_time BETWEEN DATE_SUB(NOW(), INTERVAL 7 DAY)
		AND NOW()
		GROUP BY
			columnNo;
	</select>
	
	<select id="countByMonth" resultType="map" parameterType="map">
		SELECT
			count(id) as value,
			DATE_FORMAT(create_time, '%m-%d') AS columnNo,
			DATE_FORMAT(create_time, '%Y-%m-%d') AS createTime
		FROM
			bm_write_off
		WHERE
			is_deleted=0 and status=0 
			
			
		<if test="startTime!=null and startTime!='' and endTime!=null and endTime!=''">
			and create_time BETWEEN #{startTime}
			AND #{endTime}
		</if>	
		<if test="startTime==null or startTime=='' or endTime==null or endTime==''">
			and create_time BETWEEN DATE_SUB(NOW(), INTERVAL 30 DAY)
			AND NOW()
		</if>		
		<if test="keyWord!=null and keyWord!=''">
		    and coupon_name=#{keyWord}
		</if>
		GROUP BY
			columnNo
		ORDER BY createTime
			
			;
	</select>
	
	<select id="countByYear" resultType="map"  parameterType="map">
		SELECT
			count(id) as value,
			DATE_FORMAT(create_time, '%Y-%m') AS columnNo
		FROM
			bm_write_off
		WHERE
			is_deleted=0 and status=0 
			<if test="startTime!=null and startTime!='' and endTime!=null and endTime!=''">
			and create_time BETWEEN #{startTime}
			AND #{endTime}
		</if>	
		<if test="startTime==null or startTime=='' or endTime==null or endTime==''">
			and create_time BETWEEN DATE_SUB(NOW(), INTERVAL 30 DAY)
			AND NOW()
		</if>
		<if test="keyWord!=null and keyWord!=''">
		    and coupon_name=#{keyWord}
		</if>	
		GROUP BY
			columnNo;
	</select>

</mapper>