<?xml version="1.0" encoding="UTF-8" ?>
<!DOCTYPE mapper PUBLIC "-//mybatis.org//DTD Mapper 3.0//EN" "http://mybatis.org/dtd/mybatis-3-mapper.dtd" >
<mapper namespace="cn.cecook.dao.business.markting.GoodsStandardMapper" >
  
  <!-- 根据条形码查询药品基本信息 -->
  <select id="getDataByDrugScan" parameterType="java.lang.String" resultType="map">

	SELECT g.id, g.brand_name, g.category_name, g.goods_name, 
	g.goods_desc, g.specifications, g.price, g.goods_number, g.company, 
	g.bar_code, s.shelf_state, s.shelf_time, s.hot_goods,
	s.main_push, s.new_goods,g.error_correct, s.general_name, s.english_name, s.component, 
	s.adaptation_symptoms, s.usage_dosage, s.adverse_reaction, s.taboo,
	s.matters_attention, s.storagec, s.term_validity, s.approval_number, 
	s.production_company, s.production_address, s.enterprise_phone, 
	s.course_cycle FROM goods_standard g LEFT JOIN goods_standard_medicine s ON g.id = s.goods_id 
	where g.bar_code = #{barCode,jdbcType=VARCHAR} and s.is_deleted = 0 and g.is_deleted = 0 limit 1
  </select>
  
  
  <!-- 根据Id查询药品基本信息 -->
  <select id="getDataByDrugScanById" parameterType="java.lang.String" resultType="map">

	SELECT g.id, g.bar_code,g.brand_name, g.category_name, g.goods_name, 
	g.goods_desc, g.specifications, g.price, g.goods_number, g.company, 
	g.bar_code, s.shelf_state, s.shelf_time, s.hot_goods,
	s.main_push, s.new_goods,g.error_correct, s.general_name, s.english_name, s.component, 
	s.adaptation_symptoms, s.usage_dosage, s.adverse_reaction, s.taboo,
	s.matters_attention, s.storagec, s.term_validity, s.approval_number, 
	s.production_company, s.production_address, s.enterprise_phone, 
	s.course_cycle FROM goods_standard g LEFT JOIN goods_standard_medicine s ON g.id = s.goods_id 
	where g.id = #{id,jdbcType=VARCHAR} and s.is_deleted = 0 and g.is_deleted = 0 
  </select>
  <select id="getGoodsByName" parameterType="java.lang.String" resultType="map">
  	SELECT g.id, g.bar_code,g.brand_name, g.category_name, g.goods_name, 
	g.goods_desc, g.specifications, g.price, g.goods_number, g.company, 
	g.bar_code, s.shelf_state, s.shelf_time, s.hot_goods,
	s.main_push, s.new_goods,g.error_correct, s.general_name, s.english_name, s.component, 
	s.adaptation_symptoms, s.usage_dosage, s.adverse_reaction, s.taboo,
	s.matters_attention, s.storagec, s.term_validity, s.approval_number, 
	s.production_company, s.production_address, s.enterprise_phone, 
	s.course_cycle FROM goods_standard g LEFT JOIN goods_standard_medicine s ON g.id = s.goods_id 
	where g.goods_name LIKE CONCAT('%',#{name},'%') or  g.goods_number LIKE CONCAT('%',#{name},'%') and s.is_deleted = 0 and g.is_deleted = 0 
	limit 0,10
  </select>
  <select id="getDataByDrugScanByGoodsNumber" parameterType="java.lang.String" resultType="map">
  SELECT g.id, g.bar_code,g.brand_name, g.category_name, g.goods_name, 
	g.goods_desc, g.specifications, g.price, g.goods_number, g.company, 
	g.bar_code, s.shelf_state, s.shelf_time, s.hot_goods,
	s.main_push, s.new_goods,g.error_correct, s.general_name, s.english_name, s.component, 
	s.adaptation_symptoms, s.usage_dosage, s.adverse_reaction, s.taboo,
	s.matters_attention, s.storagec, s.term_validity, s.approval_number, 
	s.production_company, s.production_address, s.enterprise_phone, 
	s.course_cycle FROM goods_standard g LEFT JOIN goods_standard_medicine s ON g.id = s.goods_id 
	where g.goods_number=#{goodsNumber} and s.is_deleted = 0 and g.is_deleted = 0 
  </select>
  <select id="getDataByBarCode" parameterType="java.lang.String" resultType="map">
  SELECT g.id, g.bar_code,g.brand_name, g.category_name, g.goods_name, 
	g.goods_desc, g.specifications, g.price, g.goods_number, g.company, 
	g.bar_code, s.shelf_state, s.shelf_time, s.hot_goods,
	s.main_push, s.new_goods,g.error_correct, s.general_name, s.english_name, s.component, 
	s.adaptation_symptoms, s.usage_dosage, s.adverse_reaction, s.taboo,
	s.matters_attention, s.storagec, s.term_validity, s.approval_number, 
	s.production_company, s.production_address, s.enterprise_phone, 
	s.course_cycle FROM goods_standard g LEFT JOIN goods_standard_medicine s ON g.id = s.goods_id 
	where g.bar_code=#{barCode} and s.is_deleted = 0 and g.is_deleted = 0 
  </select>
  <!-- 进行纠错 -->  
  <update id="updateErrorCorrect" parameterType="java.lang.Integer">
		update goods_standard set error_correct = 1 
		where id = #{id}
	</update>
  
</mapper>