<?xml version="1.0" encoding="UTF-8" ?>
<!DOCTYPE mapper PUBLIC "-//mybatis.org//DTD Mapper 3.0//EN" "http://mybatis.org/dtd/mybatis-3-mapper.dtd" >
<mapper namespace="cn.cecook.dao.business.markting.GoodsSearchLogMapper" >
  <resultMap id="BaseResultMap" type="cn.cecook.model.business.markting.GoodsSearchLog" >
    <id column="id" property="id" jdbcType="BIGINT" />
    <result column="tenant_id" property="tenantId" jdbcType="VARCHAR" />
    <result column="uuid" property="uuid" jdbcType="VARCHAR" />
    <result column="is_deleted" property="isDeleted" jdbcType="INTEGER" />
    <result column="create_time" property="createTime" jdbcType="TIMESTAMP" />
    <result column="customer_name" property="customerName" jdbcType="VARCHAR" />
    <result column="store_id" property="storeId" jdbcType="INTEGER" />
    <result column="goods_number" property="goodsNumber" jdbcType="VARCHAR" />
    <result column="bar_code" property="barCode" jdbcType="VARCHAR" />
    <result column="create_user" property="createUser" jdbcType="VARCHAR" />
    <result column="goods_name" property="goodsName" jdbcType="VARCHAR" />
  </resultMap>
  <sql id="Base_Column_List" >
    id, tenant_id, uuid, is_deleted, create_time, customer_name, store_id, goods_number, 
    bar_code, create_user, goods_name
  </sql>
  <select id="selectByPrimaryKey" resultMap="BaseResultMap" parameterType="java.lang.Long" >
    select 
    <include refid="Base_Column_List" />
    from goods_search_log
    where id = #{id,jdbcType=BIGINT}
  </select>
  <delete id="deleteByPrimaryKey" parameterType="java.lang.Long" >
    delete from goods_search_log
    where id = #{id,jdbcType=BIGINT}
  </delete>
  <insert id="insert" parameterType="cn.cecook.model.business.markting.GoodsSearchLog" >
    insert into goods_search_log (id, tenant_id, uuid, 
      is_deleted, create_time, customer_name, 
      store_id, goods_number, bar_code, 
      create_user, goods_name)
    values (#{id,jdbcType=BIGINT}, #{tenantId,jdbcType=VARCHAR}, #{uuid,jdbcType=VARCHAR}, 
      #{isDeleted,jdbcType=INTEGER}, #{createTime,jdbcType=TIMESTAMP}, #{customerName,jdbcType=VARCHAR}, 
      #{storeId,jdbcType=INTEGER}, #{goodsNumber,jdbcType=VARCHAR}, #{barCode,jdbcType=VARCHAR}, 
      #{createUser,jdbcType=VARCHAR}, #{goodsName,jdbcType=VARCHAR})
  </insert>
  <insert id="insertSelective" parameterType="cn.cecook.model.business.markting.GoodsSearchLog" >
    insert into goods_search_log
    <trim prefix="(" suffix=")" suffixOverrides="," >
      <if test="id != null" >
        id,
      </if>
      <if test="tenantId != null" >
        tenant_id,
      </if>
      <if test="uuid != null" >
        uuid,
      </if>
      <if test="isDeleted != null" >
        is_deleted,
      </if>
      <if test="createTime != null" >
        create_time,
      </if>
      <if test="customerName != null" >
        customer_name,
      </if>
      <if test="storeId != null" >
        store_id,
      </if>
      <if test="goodsNumber != null" >
        goods_number,
      </if>
      <if test="barCode != null" >
        bar_code,
      </if>
      <if test="createUser != null" >
        create_user,
      </if>
      <if test="goodsName != null" >
        goods_name,
      </if>
      <if test="logType != null" >
        log_type,
      </if>
    </trim>
    <trim prefix="values (" suffix=")" suffixOverrides="," >
      <if test="id != null" >
        #{id,jdbcType=BIGINT},
      </if>
      <if test="tenantId != null" >
        #{tenantId,jdbcType=VARCHAR},
      </if>
      <if test="uuid != null" >
        #{uuid,jdbcType=VARCHAR},
      </if>
      <if test="isDeleted != null" >
        #{isDeleted,jdbcType=INTEGER},
      </if>
      <if test="createTime != null" >
        #{createTime,jdbcType=TIMESTAMP},
      </if>
      <if test="customerName != null" >
        #{customerName,jdbcType=VARCHAR},
      </if>
      <if test="storeId != null" >
        #{storeId,jdbcType=INTEGER},
      </if>
      <if test="goodsNumber != null" >
        #{goodsNumber,jdbcType=VARCHAR},
      </if>
      <if test="barCode != null" >
        #{barCode,jdbcType=VARCHAR},
      </if>
      <if test="createUser != null" >
        #{createUser,jdbcType=VARCHAR},
      </if>
      <if test="goodsName != null" >
        #{goodsName,jdbcType=VARCHAR},
      </if>
      <if test="logType != null" >
        #{logType,jdbcType=INTEGER},
      </if>
    </trim>
  </insert>
  <update id="updateByPrimaryKeySelective" parameterType="cn.cecook.model.business.markting.GoodsSearchLog" >
    update goods_search_log
    <set >
      <if test="tenantId != null" >
        tenant_id = #{tenantId,jdbcType=VARCHAR},
      </if>
      <if test="uuid != null" >
        uuid = #{uuid,jdbcType=VARCHAR},
      </if>
      <if test="isDeleted != null" >
        is_deleted = #{isDeleted,jdbcType=INTEGER},
      </if>
      <if test="createTime != null" >
        create_time = #{createTime,jdbcType=TIMESTAMP},
      </if>
      <if test="customerName != null" >
        customer_name = #{customerName,jdbcType=VARCHAR},
      </if>
      <if test="storeId != null" >
        store_id = #{storeId,jdbcType=INTEGER},
      </if>
      <if test="goodsNumber != null" >
        goods_number = #{goodsNumber,jdbcType=VARCHAR},
      </if>
      <if test="barCode != null" >
        bar_code = #{barCode,jdbcType=VARCHAR},
      </if>
      <if test="createUser != null" >
        create_user = #{createUser,jdbcType=VARCHAR},
      </if>
      <if test="goodsName != null" >
        goods_name = #{goodsName,jdbcType=VARCHAR},
      </if>
    </set>
    where id = #{id,jdbcType=BIGINT}
  </update>
  <update id="updateByPrimaryKey" parameterType="cn.cecook.model.business.markting.GoodsSearchLog" >
    update goods_search_log
    set tenant_id = #{tenantId,jdbcType=VARCHAR},
      uuid = #{uuid,jdbcType=VARCHAR},
      is_deleted = #{isDeleted,jdbcType=INTEGER},
      create_time = #{createTime,jdbcType=TIMESTAMP},
      customer_name = #{customerName,jdbcType=VARCHAR},
      store_id = #{storeId,jdbcType=INTEGER},
      goods_number = #{goodsNumber,jdbcType=VARCHAR},
      bar_code = #{barCode,jdbcType=VARCHAR},
      create_user = #{createUser,jdbcType=VARCHAR},
      goods_name = #{goodsName,jdbcType=VARCHAR}
    where id = #{id,jdbcType=BIGINT}
  </update>
</mapper>