<?xml version="1.0" encoding="UTF-8" ?>
<!DOCTYPE mapper PUBLIC "-//mybatis.org//DTD Mapper 3.0//EN" "http://mybatis.org/dtd/mybatis-3-mapper.dtd" >
<mapper namespace="cn.cecook.dao.business.markting.GoodsStandardMedicineMapper" >
  <resultMap id="BaseResultMap" type="cn.cecook.bean.business.markting.GoodsStandardMedicine" >
    <id column="id" property="id" jdbcType="BIGINT" />
    <result column="is_deleted" property="isDeleted" jdbcType="INTEGER" />
    <result column="create_time" property="createTime" jdbcType="TIMESTAMP" />
    <result column="goods_id" property="goodsId" jdbcType="BIGINT" />
    <result column="general_name" property="generalName" jdbcType="VARCHAR" />
    <result column="english_name" property="englishName" jdbcType="VARCHAR" />
    <result column="component" property="component" jdbcType="VARCHAR" />
    <result column="adaptation_symptoms" property="adaptationSymptoms" jdbcType="VARCHAR" />
    <result column="usage_dosage" property="usageDosage" jdbcType="VARCHAR" />
    <result column="adverse_reaction" property="adverseReaction" jdbcType="VARCHAR" />
    <result column="taboo" property="taboo" jdbcType="VARCHAR" />
    <result column="matters_attention" property="mattersAttention" jdbcType="VARCHAR" />
    <result column="storagec" property="storagec" jdbcType="VARCHAR" />
    <result column="term_validity" property="termValidity" jdbcType="VARCHAR" />
    <result column="approval_number" property="approvalNumber" jdbcType="VARCHAR" />
    <result column="production_company" property="productionCompany" jdbcType="VARCHAR" />
    <result column="production_address" property="productionAddress" jdbcType="VARCHAR" />
    <result column="enterprise_phone" property="enterprisePhone" jdbcType="VARCHAR" />
    <result column="course_cycle" property="courseCycle" jdbcType="VARCHAR" />
  </resultMap>
  <sql id="Base_Column_List" >
    id,is_deleted, create_time, goods_id, general_name, english_name, 
    component, adaptation_symptoms, usage_dosage, adverse_reaction, taboo, matters_attention, 
    storagec, term_validity, approval_number, production_company, production_address, 
    enterprise_phone, course_cycle
  </sql>
  <select id="selectByPrimaryKey" resultMap="BaseResultMap" parameterType="java.lang.Long" >
    select 
    <include refid="Base_Column_List" />
    from goods_standard_medicine
    where id = #{id,jdbcType=BIGINT}
  </select>
  <delete id="deleteByPrimaryKey" parameterType="java.lang.Long" >
    delete from goods_standard_medicine
    where id = #{id,jdbcType=BIGINT}
  </delete>
  <insert id="insert" parameterType="cn.cecook.bean.business.markting.GoodsStandardMedicine" >
    insert into goods_standard_medicine (id, 
      is_deleted, create_time, goods_id, 
      general_name, english_name, component, 
      adaptation_symptoms, usage_dosage, adverse_reaction, 
      taboo, matters_attention, storagec, 
      term_validity, approval_number, production_company, 
      production_address, enterprise_phone, course_cycle
      )
    values (#{id,jdbcType=BIGINT}, 
      #{isDeleted,jdbcType=INTEGER}, #{createTime,jdbcType=TIMESTAMP}, #{goodsId,jdbcType=BIGINT}, 
      #{generalName,jdbcType=VARCHAR}, #{englishName,jdbcType=VARCHAR}, #{component,jdbcType=VARCHAR}, 
      #{adaptationSymptoms,jdbcType=VARCHAR}, #{usageDosage,jdbcType=VARCHAR}, #{adverseReaction,jdbcType=VARCHAR}, 
      #{taboo,jdbcType=VARCHAR}, #{mattersAttention,jdbcType=VARCHAR}, #{storagec,jdbcType=VARCHAR}, 
      #{termValidity,jdbcType=VARCHAR}, #{approvalNumber,jdbcType=VARCHAR}, #{productionCompany,jdbcType=VARCHAR}, 
      #{productionAddress,jdbcType=VARCHAR}, #{enterprisePhone,jdbcType=VARCHAR}, #{courseCycle,jdbcType=VARCHAR}
      )
  </insert>
  <insert id="insertSelective" parameterType="cn.cecook.bean.business.markting.GoodsStandardMedicine" >
    insert into goods_standard_medicine
    <trim prefix="(" suffix=")" suffixOverrides="," >
      <if test="id != null" >
        id,
      </if>
      <if test="isDeleted != null" >
        is_deleted,
      </if>
      <if test="createTime != null" >
        create_time,
      </if>
      <if test="goodsId != null" >
        goods_id,
      </if>
      <if test="generalName != null" >
        general_name,
      </if>
      <if test="englishName != null" >
        english_name,
      </if>
      <if test="component != null" >
        component,
      </if>
      <if test="adaptationSymptoms != null" >
        adaptation_symptoms,
      </if>
      <if test="usageDosage != null" >
        usage_dosage,
      </if>
      <if test="adverseReaction != null" >
        adverse_reaction,
      </if>
      <if test="taboo != null" >
        taboo,
      </if>
      <if test="mattersAttention != null" >
        matters_attention,
      </if>
      <if test="storagec != null" >
        storagec,
      </if>
      <if test="termValidity != null" >
        term_validity,
      </if>
      <if test="approvalNumber != null" >
        approval_number,
      </if>
      <if test="productionCompany != null" >
        production_company,
      </if>
      <if test="productionAddress != null" >
        production_address,
      </if>
      <if test="enterprisePhone != null" >
        enterprise_phone,
      </if>
      <if test="courseCycle != null" >
        course_cycle,
      </if>
    </trim>
    <trim prefix="values (" suffix=")" suffixOverrides="," >
      <if test="id != null" >
        #{id,jdbcType=BIGINT},
      </if>
      <if test="isDeleted != null" >
        #{isDeleted,jdbcType=INTEGER},
      </if>
      <if test="createTime != null" >
        #{createTime,jdbcType=TIMESTAMP},
      </if>
      <if test="goodsId != null" >
        #{goodsId,jdbcType=BIGINT},
      </if>
      <if test="generalName != null" >
        #{generalName,jdbcType=VARCHAR},
      </if>
      <if test="englishName != null" >
        #{englishName,jdbcType=VARCHAR},
      </if>
      <if test="component != null" >
        #{component,jdbcType=VARCHAR},
      </if>
      <if test="adaptationSymptoms != null" >
        #{adaptationSymptoms,jdbcType=VARCHAR},
      </if>
      <if test="usageDosage != null" >
        #{usageDosage,jdbcType=VARCHAR},
      </if>
      <if test="adverseReaction != null" >
        #{adverseReaction,jdbcType=VARCHAR},
      </if>
      <if test="taboo != null" >
        #{taboo,jdbcType=VARCHAR},
      </if>
      <if test="mattersAttention != null" >
        #{mattersAttention,jdbcType=VARCHAR},
      </if>
      <if test="storagec != null" >
        #{storagec,jdbcType=VARCHAR},
      </if>
      <if test="termValidity != null" >
        #{termValidity,jdbcType=VARCHAR},
      </if>
      <if test="approvalNumber != null" >
        #{approvalNumber,jdbcType=VARCHAR},
      </if>
      <if test="productionCompany != null" >
        #{productionCompany,jdbcType=VARCHAR},
      </if>
      <if test="productionAddress != null" >
        #{productionAddress,jdbcType=VARCHAR},
      </if>
      <if test="enterprisePhone != null" >
        #{enterprisePhone,jdbcType=VARCHAR},
      </if>
      <if test="courseCycle != null" >
        #{courseCycle,jdbcType=VARCHAR},
      </if>
    </trim>
  </insert>
  <update id="updateByPrimaryKeySelective" parameterType="cn.cecook.bean.business.markting.GoodsStandardMedicine" >
    update goods_standard_medicine
    <set >
      <if test="isDeleted != null" >
        is_deleted = #{isDeleted,jdbcType=INTEGER},
      </if>
      <if test="createTime != null" >
        create_time = #{createTime,jdbcType=TIMESTAMP},
      </if>
      <if test="goodsId != null" >
        goods_id = #{goodsId,jdbcType=BIGINT},
      </if>
      <if test="generalName != null" >
        general_name = #{generalName,jdbcType=VARCHAR},
      </if>
      <if test="englishName != null" >
        english_name = #{englishName,jdbcType=VARCHAR},
      </if>
      <if test="component != null" >
        component = #{component,jdbcType=VARCHAR},
      </if>
      <if test="adaptationSymptoms != null" >
        adaptation_symptoms = #{adaptationSymptoms,jdbcType=VARCHAR},
      </if>
      <if test="usageDosage != null" >
        usage_dosage = #{usageDosage,jdbcType=VARCHAR},
      </if>
      <if test="adverseReaction != null" >
        adverse_reaction = #{adverseReaction,jdbcType=VARCHAR},
      </if>
      <if test="taboo != null" >
        taboo = #{taboo,jdbcType=VARCHAR},
      </if>
      <if test="mattersAttention != null" >
        matters_attention = #{mattersAttention,jdbcType=VARCHAR},
      </if>
      <if test="storagec != null" >
        storagec = #{storagec,jdbcType=VARCHAR},
      </if>
      <if test="termValidity != null" >
        term_validity = #{termValidity,jdbcType=VARCHAR},
      </if>
      <if test="approvalNumber != null" >
        approval_number = #{approvalNumber,jdbcType=VARCHAR},
      </if>
      <if test="productionCompany != null" >
        production_company = #{productionCompany,jdbcType=VARCHAR},
      </if>
      <if test="productionAddress != null" >
        production_address = #{productionAddress,jdbcType=VARCHAR},
      </if>
      <if test="enterprisePhone != null" >
        enterprise_phone = #{enterprisePhone,jdbcType=VARCHAR},
      </if>
      <if test="courseCycle != null" >
        course_cycle = #{courseCycle,jdbcType=VARCHAR},
      </if>
    </set>
    where id = #{id,jdbcType=BIGINT}
  </update>
  <update id="updateByPrimaryKey" parameterType="cn.cecook.bean.business.markting.GoodsStandardMedicine" >
    update goods_standard_medicine
    set is_deleted = #{isDeleted,jdbcType=INTEGER},
      create_time = #{createTime,jdbcType=TIMESTAMP},
      goods_id = #{goodsId,jdbcType=BIGINT},
      general_name = #{generalName,jdbcType=VARCHAR},
      english_name = #{englishName,jdbcType=VARCHAR},
      component = #{component,jdbcType=VARCHAR},
      adaptation_symptoms = #{adaptationSymptoms,jdbcType=VARCHAR},
      usage_dosage = #{usageDosage,jdbcType=VARCHAR},
      adverse_reaction = #{adverseReaction,jdbcType=VARCHAR},
      taboo = #{taboo,jdbcType=VARCHAR},
      matters_attention = #{mattersAttention,jdbcType=VARCHAR},
      storagec = #{storagec,jdbcType=VARCHAR},
      term_validity = #{termValidity,jdbcType=VARCHAR},
      approval_number = #{approvalNumber,jdbcType=VARCHAR},
      production_company = #{productionCompany,jdbcType=VARCHAR},
      production_address = #{productionAddress,jdbcType=VARCHAR},
      enterprise_phone = #{enterprisePhone,jdbcType=VARCHAR},
      course_cycle = #{courseCycle,jdbcType=VARCHAR}
    where id = #{id,jdbcType=BIGINT}
  </update>
  
    <!-- 进行纠错 -->  
  <update id="updateErrorCorrect" parameterType="java.lang.Integer">
		update goods_standard_medicine set error_correct = 1 
		where id = #{id}
</update>
</mapper>