<?xml version="1.0" encoding="UTF-8" ?>
<!DOCTYPE mapper PUBLIC "-//mybatis.org//DTD Mapper 3.0//EN" "http://mybatis.org/dtd/mybatis-3-mapper.dtd" >
<mapper namespace="cn.cecook.dao.business.markting.SocailCouponMapper">
	<resultMap id="BaseResultMap"
		type="cn.cecook.model.business.markting.SocailCoupon">
		<id column="id" property="id" jdbcType="INTEGER" />
		<result column="uuid" property="uuid" jdbcType="VARCHAR" />
		<result column="tenant_id" property="tenantId" jdbcType="VARCHAR" />
		<result column="is_deleted" property="isDeleted" jdbcType="INTEGER" />
		<result column="create_id" property="createId" jdbcType="BIGINT" />
		<result column="create_time" property="createTime" jdbcType="TIMESTAMP" />
		<result column="order_code" property="orderCode" jdbcType="VARCHAR" />
		<result column="delete_time" property="deleteTime" jdbcType="TIMESTAMP" />
		<result column="remarks" property="remarks" jdbcType="VARCHAR" />
		<result column="attachment" property="attachment" jdbcType="VARCHAR" />
		<result column="bak1" property="bak1" jdbcType="VARCHAR" />
		<result column="bak2" property="bak2" jdbcType="VARCHAR" />
		<result column="bak3" property="bak3" jdbcType="VARCHAR" />
		<result column="bak4" property="bak4" jdbcType="VARCHAR" />
		<result column="bak5" property="bak5" jdbcType="VARCHAR" />
		<result column="name" property="name" jdbcType="VARCHAR" />
		<result column="face_value" property="faceValue" jdbcType="INTEGER" />
		<result column="type" property="type" jdbcType="VARCHAR" />
		<result column="status" property="status" jdbcType="INTEGER" />
		<result column="validity_period_type" property="validity_period_type"
			jdbcType="INTEGER" />
		<result column="start_time" property="start_time" jdbcType="TIMESTAMP" />
		<result column="end_time" property="end_time" jdbcType="TIMESTAMP" />
		<result column="use_time_type" property="use_time_type"
			jdbcType="INTEGER" />
		<result column="period_time_week" property="period_time_week"
			jdbcType="VARCHAR" />
		<result column="period_time_hour" property="period_time_hour"
			jdbcType="VARCHAR" />
		<result column="limit_price" property="limit_price" jdbcType="INTEGER" />
		<result column="after_day" property="after_day" jdbcType="INTEGER" />
		
		<result column="use_rule" property="use_rule" jdbcType="INTEGER" />
		<result column="store_ids" property="store_ids" jdbcType="VARCHAR" />
		<result column="use_describe" property="useDescribe" jdbcType="VARCHAR" />
	</resultMap>
	<sql id="Base_Column_List">
		id, uuid, tenant_id, is_deleted, create_id, create_time,
		order_code,
		delete_time,
		remarks, attachment, bak1, bak2, bak3, bak4,
		bak5, name, face_value, type,
		status,validity_period_type,start_time,end_time,use_time_type,
		period_time_week,period_time_hour,limit_price,after_day,
		use_rule,store_ids,use_describe
		
	</sql>
	<select id="selectByPrimaryKey" resultMap="BaseResultMap"
		parameterType="java.lang.Integer">
		select
		<include refid="Base_Column_List" />
		from social_coupon
		where id = #{id,jdbcType=INTEGER}
	</select>
	<delete id="deleteByPrimaryKey" parameterType="java.lang.Integer">
		delete from
		social_coupon
		where id = #{id,jdbcType=INTEGER}
	</delete>
	<insert id="insertSelective"  useGeneratedKeys="true"
		keyProperty="id" parameterType="cn.cecook.model.business.markting.SocailCoupon">
		insert into social_coupon
		<trim prefix="(" suffix=")" suffixOverrides=",">
			<if test="id != null">
				id,
			</if>
			<if test="uuid != null">
				uuid,
			</if>
			<if test="tenantId != null">
				tenant_id,
			</if>
			<if test="isDeleted != null">
				is_deleted,
			</if>
			<if test="createId != null">
				create_id,
			</if>
			<if test="createTime != null">
				create_time,
			</if>
			<if test="orderCode != null">
				order_code,
			</if>
			<if test="deleteTime != null">
				delete_time,
			</if>
			<if test="remarks != null">
				remarks,
			</if>
			<if test="attachment != null">
				attachment,
			</if>
			<if test="bak1 != null">
				bak1,
			</if>
			<if test="bak2 != null">
				bak2,
			</if>
			<if test="bak3 != null">
				bak3,
			</if>
			<if test="bak4 != null">
				bak4,
			</if>
			<if test="bak5 != null">
				bak5,
			</if>
			<if test="name != null">
				name,
			</if>
			<if test="faceValue != null">
				face_value,
			</if>
			<if test="type != null">
				type,
			</if>
			<if test="status != null">
				status,
			</if>

			<if test="validity_period_type != null">
				validity_period_type,
			</if>
			<if test="start_time != null">
				start_time,
			</if>
			<if test="end_time != null">
				end_time,
			</if>
			<if test="use_time_type != null">
				use_time_type,
			</if>
			<if test="period_time_week != null">
				period_time_week,
			</if>
			<if test="period_time_hour != null">
				period_time_hour,
			</if>
			<if test="limit_price != null">
				limit_price,
			</if>
			<if test="after_day != null">
				after_day,
			</if>
			<if test="use_rule != null">
				use_rule,
			</if>
			
			<if test="store_ids != null">
				store_ids,
			</if>
			<if test="useDescribe != null">
				use_describe,
			</if>
		</trim>
		<trim prefix="values (" suffix=")" suffixOverrides=",">
			<if test="id != null">
				#{id,jdbcType=INTEGER},
			</if>
			<if test="uuid != null">
				#{uuid,jdbcType=VARCHAR},
			</if>
			<if test="tenantId != null">
				#{tenantId,jdbcType=VARCHAR},
			</if>
			<if test="isDeleted != null">
				#{isDeleted,jdbcType=INTEGER},
			</if>
			<if test="createId != null">
				#{createId,jdbcType=BIGINT},
			</if>
			<if test="createTime != null">
				#{createTime,jdbcType=TIMESTAMP},
			</if>
			<if test="orderCode != null">
				#{orderCode,jdbcType=VARCHAR},
			</if>
			<if test="deleteTime != null">
				#{deleteTime,jdbcType=TIMESTAMP},
			</if>
			<if test="remarks != null">
				#{remarks,jdbcType=VARCHAR},
			</if>
			<if test="attachment != null">
				#{attachment,jdbcType=VARCHAR},
			</if>
			<if test="bak1 != null">
				#{bak1,jdbcType=VARCHAR},
			</if>
			<if test="bak2 != null">
				#{bak2,jdbcType=VARCHAR},
			</if>
			<if test="bak3 != null">
				#{bak3,jdbcType=VARCHAR},
			</if>
			<if test="bak4 != null">
				#{bak4,jdbcType=VARCHAR},
			</if>
			<if test="bak5 != null">
				#{bak5,jdbcType=VARCHAR},
			</if>
			<if test="name != null">
				#{name,jdbcType=VARCHAR},
			</if>
			<if test="faceValue != null">
				#{faceValue,jdbcType=INTEGER},
			</if>
			<if test="type != null">
				#{type,jdbcType=VARCHAR},
			</if>
			<if test="status != null">
				#{status,jdbcType=INTEGER},
			</if>
			<if test="validity_period_type != null">
				#{validity_period_type,jdbcType=INTEGER},
			</if>
			<if test="start_time != null">
				#{start_time},
			</if>
			<if test="end_time != null">
				#{end_time},
			</if>
			<if test="use_time_type != null">
				#{use_time_type,jdbcType=INTEGER},
			</if>
			<if test="period_time_week != null">
				#{period_time_week,jdbcType=VARCHAR},
			</if>
			<if test="period_time_hour != null">
				#{period_time_hour,jdbcType=VARCHAR},
			</if>
			<if test="limit_price != null">
				#{limit_price,jdbcType=DOUBLE},
			</if>
			<if test="after_day != null">
				#{after_day,jdbcType=INTEGER},
			</if>
			
			<if test="use_rule != null">
				#{use_rule,jdbcType=INTEGER},
			</if>
			<if test="store_ids != null">
				#{store_ids,jdbcType=VARCHAR},
			</if>
			<if test="useDescribe != null">
				#{useDescribe,jdbcType=VARCHAR},
			</if>
		</trim>
	</insert>
	<update id="updateByPrimaryKeySelective" parameterType="cn.cecook.model.business.markting.SocailCoupon">
		update social_coupon
		<set>
			<if test="uuid != null">
				uuid = #{uuid,jdbcType=VARCHAR},
			</if>
			<if test="tenantId != null">
				tenant_id = #{tenantId,jdbcType=VARCHAR},
			</if>
			<if test="isDeleted != null">
				is_deleted = #{isDeleted,jdbcType=INTEGER},
			</if>
			<if test="createId != null">
				create_id = #{createId,jdbcType=BIGINT},
			</if>
			<if test="createTime != null">
				create_time = #{createTime,jdbcType=TIMESTAMP},
			</if>
			<if test="orderCode != null">
				order_code = #{orderCode,jdbcType=VARCHAR},
			</if>
			<if test="deleteTime != null">
				delete_time = #{deleteTime,jdbcType=TIMESTAMP},
			</if>
			<if test="remarks != null">
				remarks = #{remarks,jdbcType=VARCHAR},
			</if>
			<if test="attachment != null">
				attachment = #{attachment,jdbcType=VARCHAR},
			</if>
			<if test="bak1 != null">
				bak1 = #{bak1,jdbcType=VARCHAR},
			</if>
			<if test="bak2 != null">
				bak2 = #{bak2,jdbcType=VARCHAR},
			</if>
			<if test="bak3 != null">
				bak3 = #{bak3,jdbcType=VARCHAR},
			</if>
			<if test="bak4 != null">
				bak4 = #{bak4,jdbcType=VARCHAR},
			</if>
			<if test="bak5 != null">
				bak5 = #{bak5,jdbcType=VARCHAR},
			</if>
			<if test="name != null">
				name = #{name,jdbcType=VARCHAR},
			</if>
			<if test="faceValue != null">
				face_value = #{faceValue,jdbcType=INTEGER},
			</if>
			<if test="type != null">
				type = #{type,jdbcType=VARCHAR},
			</if>
			<if test="status != null">
				status = #{status,jdbcType=INTEGER},
			</if>
			<if test="validity_period_type != null">
				validity_period_type =
				#{validity_period_type,jdbcType=INTEGER},
			</if>
			<if test="start_time != null">
				start_time = #{start_time},
			</if>
			<if test="end_time != null">
				end_time = #{end_time},
			</if>
			<if test="use_time_type != null">
				use_time_type = #{use_time_type,jdbcType=INTEGER},
			</if>
			<if test="period_time_week != null">
				period_time_week = #{period_time_week,jdbcType=VARCHAR},
			</if>
			<if test="period_time_hour != null">
				period_time_hour = #{period_time_hour,jdbcType=VARCHAR},
			</if>
			<if test="limit_price != null">
				limit_price = #{limit_price},
			</if>
			<if test="after_day != null">
				after_day = #{after_day},
			</if>
			<if test="use_rule != null">
				use_rule = #{use_rule},
			</if>
			<if test="store_ids != null">
				store_ids = #{store_ids},
			</if>
			<if test="useDescribe != null">
				use_describe = #{useDescribe},
			</if>
		</set>
		where id = #{id,jdbcType=INTEGER}
	</update>

	<select id="isExist" resultType="java.lang.Integer">
		select count(1) from social_coupon where is_deleted=0 and name=#{name}
		<if test="id!=null and id!='' ">
			and id=#{id}
		</if>
	</select>


	<select id="getList" parameterType="map" resultType="map">
		SELECT
			id,
			name,
			face_value,
			status,
			DATE_FORMAT(create_time, '%Y-%m-%d') AS createTime,
			DATE_FORMAT(create_time, '%Y-%m-%d %T') AS create_time,
			type,
			limit_price,
			IFNULL(period_time_week, "") AS period_time_week,
			IFNULL(period_time_hour, "") AS period_time_hour,
			IFNULL(use_time_type, "") AS use_time_type,
			IFNULL(
				DATE_FORMAT(start_time, '%Y-%m-%d'),
				""
			) AS start_time,
			IFNULL(
				DATE_FORMAT(end_time, '%Y-%m-%d'),
				""
			) AS end_time,validity_period_type,after_day
		FROM
			social_coupon
		WHERE
			is_deleted = 0
		<if test="keyWord!=null and keyWord!=''">
			and name LIKE CONCAT('%',#{keyWord},'%')
		</if>
		<if test="status!=null">
			and status=#{status}
		</if>
		<if
			test="startTime!=null and startTime!='' and endTime!=null and endTime!=''">
			and create_time BETWEEN #{startTime} and #{endTime}
		</if>
		<if test="type!=null and type!=''">
			and type=#{type}
		</if>
		<if test="validityPeriodType!=null and validityPeriodType!=''">
			and validity_period_type=#{validityPeriodType}
		</if>
		
		<if test="orderBy!=null and orderBy!=''">
			order by ${orderBy}
		</if>
		limit
		#{startIndex},#{pageSize}
	</select>

	<select id="countTotal" parameterType="map" resultType="java.lang.Integer">
		select
		count(1)
		from social_coupon where is_deleted=0
		<if test="status!=null and status!=''">
			and status=#{status}
		</if>
		<if test="keyWord!=null and keyWord!=''">
			and name LIKE CONCAT('%',#{keyWord},'%')
		</if>
		<if
			test="startTime!=null and startTime!='' and endTime!=null and endTime!=''">
			and create_time BETWEEN #{startTime} and #{endTime}
		</if>

		<if test="orderBy!=null and orderBy!=''">
			order by #{orderBy}
		</if>
	</select>
	<update id="delete" parameterType="java.lang.Integer">
		update social_coupon set
		is_deleted=1 , delete_time=now() where id=#{id}
	</update>

	<update id="OnTheShelves" parameterType="java.lang.Integer">
		update social_coupon set
		status=1 where id=#{id}
	</update>
	<update id="OffTheShelves" parameterType="java.lang.Integer">
		update social_coupon
		set status=0 where id=#{id}
	</update>
	<update id="deleteBatch">
		update social_coupon set is_deleted=1 , delete_time=now()
		where id in
		<foreach item="item" index="index" collection="list" open="("
			separator="," close=")">
			#{item}
		</foreach>
	</update>

	<update id="offSgelvesBatch">
		update social_coupon set status=0
		where id in
		<foreach item="item" index="index" collection="list" open="("
			separator="," close=")">
			#{item}
		</foreach>
	</update>
    <select id="getListByIds" parameterType="map" resultMap="BaseResultMap">
		select
		<include refid="Base_Column_List" />
		from social_coupon
		where is_deleted=0 and id in 
		<foreach item="item" index="index" collection="list" open="("
			separator="," close=")">
			${item}
		</foreach>
		<if test="tenant_id!=null and tenant_id!=''">
		    cecook2017${tenant_id}
		</if>
	</select>
	
	<!-- 判断优惠券是否被使用 -->
	
	<select id="isUsedById" parameterType="java.lang.Integer" resultType="java.lang.Integer">
	  select count(1) from bm_coupon where couponId=#{id}
	</select>
	
    <select id="isUsedByIds" resultType="java.lang.Integer">
		select count(1) from bm_coupon where couponId in 
		<foreach item="item" index="index" collection="list" open="("
			separator="," close=")">
			${item}
		</foreach>
	</select>
	<!-- 更新状态 -->
	<update id="updateStatus">
		UPDATE social_coupon
		SET status = 0
		WHERE
			status = 1
		AND end_time  &lt; NOW()
		AND validity_period_type = 0
	</update>
	
</mapper>