<?xml version="1.0" encoding="UTF-8" ?>
<!DOCTYPE mapper PUBLIC "-//mybatis.org//DTD Mapper 3.0//EN" "http://mybatis.org/dtd/mybatis-3-mapper.dtd" >
<mapper namespace="cn.cecook.dao.business.markting.SocialEmayReportMapper" >
  <resultMap id="BaseResultMap" type="cn.cecook.model.business.markting.SocialEmayReport" >
    <id column="id" property="id" jdbcType="INTEGER" />
    <result column="uuid" property="uuid" jdbcType="VARCHAR" />
    <result column="tenant_id" property="tenantId" jdbcType="VARCHAR" />
    <result column="is_deleted" property="isDeleted" jdbcType="INTEGER" />
    <result column="create_id" property="createId" jdbcType="BIGINT" />
    <result column="create_time" property="createTime" jdbcType="TIMESTAMP" />
    <result column="order_code" property="orderCode" jdbcType="VARCHAR" />
    <result column="delete_time" property="deleteTime" jdbcType="TIMESTAMP" />
    <result column="remarks" property="remarks" jdbcType="VARCHAR" />
    <result column="attachment" property="attachment" jdbcType="VARCHAR" />
    <result column="send_object" property="sendObject" jdbcType="VARCHAR" />
    <result column="error_code" property="errorCode" jdbcType="VARCHAR" />
    <result column="mobile" property="mobile" jdbcType="VARCHAR" />
    <result column="submit_date" property="submitDate" jdbcType="VARCHAR" />
    <result column="receive_date" property="receiveDate" jdbcType="VARCHAR" />
    <result column="report_state" property="reportStatus" jdbcType="VARCHAR" />
    <result column="seq_id" property="seqID" jdbcType="BIGINT" />
    <result column="service_code_add" property="serviceCodeAdd" jdbcType="VARCHAR" />
    <result column="batch" property="batch" jdbcType="INTEGER" />
    <result column="bak1" property="bak1" jdbcType="VARCHAR" />
    <result column="bak2" property="bak2" jdbcType="VARCHAR" />
    <result column="bak3" property="bak3" jdbcType="VARCHAR" />
    <result column="bak4" property="bak4" jdbcType="VARCHAR" />
    <result column="bak5" property="bak5" jdbcType="VARCHAR" />
  </resultMap>
  
  <sql id="Base_Column_List" >
    id, uuid, tenant_id, is_deleted, create_id, create_time, order_code, delete_time, 
    remarks, attachment, send_object, error_code, mobile, submit_date, receive_date, 
    report_state, seq_id, service_code_add, bak1, bak2, bak3, bak4, bak5,batch
  </sql>
 
  <select id="selectByPrimaryKey" resultMap="BaseResultMap" parameterType="java.lang.Integer" >
    select 
    <include refid="Base_Column_List" />
    from social_emay_report
    where id = #{id,jdbcType=INTEGER}
  </select>
  <delete id="deleteByPrimaryKey" parameterType="java.lang.Integer" >
    delete from social_emay_report
    where id = #{id,jdbcType=INTEGER}
  </delete>
  
  
  <insert id="insertSelective" parameterType="cn.cecook.model.business.markting.SocialEmayReport" >
    insert into social_emay_report
    <trim prefix="(" suffix=")" suffixOverrides="," >
      <if test="id != null" >
        id,
      </if>
      <if test="uuid != null" >
        uuid,
      </if>
      <if test="tenantId != null" >
        tenant_id,
      </if>
      <if test="isDeleted != null" >
        is_deleted,
      </if>
      <if test="createId != null" >
        create_id,
      </if>
      <if test="createTime != null" >
        create_time,
      </if>
      <if test="orderCode != null" >
        order_code,
      </if>
      <if test="deleteTime != null" >
        delete_time,
      </if>
      <if test="remarks != null" >
        remarks,
      </if>
      <if test="attachment != null" >
        attachment,
      </if>
      <if test="sendObject != null" >
        send_object,
      </if>
      <if test="errorCode != null" >
        error_code,
      </if>
      <if test="mobile != null" >
        mobile,
      </if>
      <if test="submitDate != null" >
        submit_date,
      </if>
      <if test="receiveDate != null" >
        receive_date,
      </if>
      <if test="reportStatus != null" >
        report_state,
      </if>
      <if test="seqID != null" >
        seq_id,
      </if>
      <if test="serviceCodeAdd != null" >
        service_code_add,
      </if>
      <if test="bak1 != null" >
        bak1,
      </if>
      <if test="bak2 != null" >
        bak2,
      </if>
      <if test="bak3 != null" >
        bak3,
      </if>
      <if test="bak4 != null" >
        bak4,
      </if>
      <if test="bak5 != null" >
        bak5,
      </if>
      <if test="batch != null" >
        batch,
      </if>
      
    </trim>
    <trim prefix="values (" suffix=")" suffixOverrides="," >
      <if test="id != null" >
        #{id,jdbcType=INTEGER},
      </if>
      <if test="uuid != null" >
        #{uuid,jdbcType=VARCHAR},
      </if>
      <if test="tenantId != null" >
        #{tenantId,jdbcType=VARCHAR},
      </if>
      <if test="isDeleted != null" >
        #{isDeleted,jdbcType=INTEGER},
      </if>
      <if test="createId != null" >
        #{createId,jdbcType=BIGINT},
      </if>
      <if test="createTime != null" >
        #{createTime,jdbcType=TIMESTAMP},
      </if>
      <if test="orderCode != null" >
        #{orderCode,jdbcType=VARCHAR},
      </if>
      <if test="deleteTime != null" >
        #{deleteTime,jdbcType=TIMESTAMP},
      </if>
      <if test="remarks != null" >
        #{remarks,jdbcType=VARCHAR},
      </if>
      <if test="attachment != null" >
        #{attachment,jdbcType=VARCHAR},
      </if>
      <if test="sendObject != null" >
        #{sendObject,jdbcType=VARCHAR},
      </if>
      <if test="errorCode != null" >
        #{errorCode,jdbcType=VARCHAR},
      </if>
      <if test="mobile != null" >
        #{mobile,jdbcType=VARCHAR},
      </if>
      <if test="submitDate != null" >
        #{submitDate,jdbcType=VARCHAR},
      </if>
      <if test="receiveDate != null" >
        #{receiveDate,jdbcType=VARCHAR},
      </if>
      <if test="reportStatus != null" >
        #{reportStatus,jdbcType=VARCHAR},
      </if>
      <if test="seqID != null" >
        #{seqID,jdbcType=BIGINT},
      </if>
      <if test="serviceCodeAdd != null" >
        #{serviceCodeAdd,jdbcType=VARCHAR},
      </if>
      <if test="bak1 != null" >
        #{bak1,jdbcType=VARCHAR},
      </if>
      <if test="bak2 != null" >
        #{bak2,jdbcType=VARCHAR},
      </if>
      <if test="bak3 != null" >
        #{bak3,jdbcType=VARCHAR},
      </if>
      <if test="bak4 != null" >
        #{bak4,jdbcType=VARCHAR},
      </if>
      <if test="bak5 != null" >
        #{bak5,jdbcType=VARCHAR},
      </if>
      
      <if test="batch != null" >
        #{batch,jdbcType=INTEGER},
      </if>
    </trim>
    
    cecook2017${tenantId}
  </insert>
 
  
  
  <update id="updateByPrimaryKeySelective" parameterType="cn.cecook.model.business.markting.SocialEmayReport" >
    update social_emay_report
    <set >
      <if test="uuid != null" >
        uuid = #{uuid,jdbcType=VARCHAR},
      </if>
      <if test="tenantId != null" >
        tenant_id = #{tenantId,jdbcType=VARCHAR},
      </if>
      <if test="isDeleted != null" >
        is_deleted = #{isDeleted,jdbcType=INTEGER},
      </if>
      <if test="createId != null" >
        create_id = #{createId,jdbcType=BIGINT},
      </if>
      <if test="createTime != null" >
        create_time = #{createTime,jdbcType=TIMESTAMP},
      </if>
      <if test="orderCode != null" >
        order_code = #{orderCode,jdbcType=VARCHAR},
      </if>
      <if test="deleteTime != null" >
        delete_time = #{deleteTime,jdbcType=TIMESTAMP},
      </if>
      <if test="remarks != null" >
        remarks = #{remarks,jdbcType=VARCHAR},
      </if>
      <if test="attachment != null" >
        attachment = #{attachment,jdbcType=VARCHAR},
      </if>
      <if test="sendObject != null" >
        send_object = #{sendObject,jdbcType=VARCHAR},
      </if>
      <if test="errorCode != null" >
        error_code = #{errorCode,jdbcType=VARCHAR},
      </if>
      <if test="mobile != null" >
        mobile = #{mobile,jdbcType=VARCHAR},
      </if>
      <if test="submitDate != null" >
        submit_date = #{submitDate,jdbcType=VARCHAR},
      </if>
      <if test="receiveDate != null" >
        receive_date = #{receiveDate,jdbcType=VARCHAR},
      </if>
      <if test="reportStatus != null" >
        report_state = #{reportStatus,jdbcType=VARCHAR},
      </if>
      <if test="seqID != null" >
        seq_id = #{seqID,jdbcType=BIGINT},
      </if>
      <if test="serviceCodeAdd != null" >
        service_code_add = #{serviceCodeAdd,jdbcType=VARCHAR},
      </if>
      <if test="bak1 != null" >
        bak1 = #{bak1,jdbcType=VARCHAR},
      </if>
      <if test="bak2 != null" >
        bak2 = #{bak2,jdbcType=VARCHAR},
      </if>
      <if test="bak3 != null" >
        bak3 = #{bak3,jdbcType=VARCHAR},
      </if>
      <if test="bak4 != null" >
        bak4 = #{bak4,jdbcType=VARCHAR},
      </if>
      <if test="bak5 != null" >
        bak5 = #{bak5,jdbcType=VARCHAR},
      </if>
    </set>
    where id = #{id,jdbcType=INTEGER}
  </update>
 
</mapper>