<?xml version="1.0" encoding="UTF-8" ?>
<!DOCTYPE mapper PUBLIC "-//mybatis.org//DTD Mapper 3.0//EN" "http://mybatis.org/dtd/mybatis-3-mapper.dtd" >
<mapper namespace="cn.cecook.dao.business.markting.SocialCouponBrowseMapper" >
  <resultMap id="BaseResultMap" type="cn.cecook.model.business.markting.SocialCouponBrowse" >
    <id column="id" property="id" jdbcType="INTEGER" />
    <result column="uuid" property="uuid" jdbcType="VARCHAR" />
    <result column="tenant_id" property="tenantId" jdbcType="VARCHAR" />
    <result column="is_deleted" property="isDeleted" jdbcType="INTEGER" />
    <result column="create_time" property="createTime" jdbcType="TIMESTAMP" />
    <result column="coupon_batch" property="couponBatch" jdbcType="INTEGER" />
    <result column="customer_id" property="customerId" jdbcType="INTEGER" />
    <result column="contacted" property="contacted" jdbcType="VARCHAR" />
    <result column="longitude" property="longitude" jdbcType="VARCHAR" />
    <result column="latitude" property="latitude" jdbcType="VARCHAR" />
    <result column="province" property="province" jdbcType="VARCHAR" />
    <result column="city" property="city" jdbcType="VARCHAR" />
    <result column="ip" property="ip" jdbcType="VARCHAR" />
  </resultMap>
  
  <sql id="Base_Column_List" >
    id, uuid, tenant_id, is_deleted, create_time, coupon_batch, customer_id, contacted, 
    longitude, latitude, province, city, ip
  </sql>
  
  <select id="selectByPrimaryKey" resultMap="BaseResultMap" parameterType="java.lang.Integer" >
    select 
    <include refid="Base_Column_List" />
    from social_coupon_browse
    where id = #{id,jdbcType=INTEGER}
  </select>
  <delete id="deleteByPrimaryKey" parameterType="java.lang.Integer" >
    delete from social_coupon_browse
    where id = #{id,jdbcType=INTEGER}
  </delete>

  <insert id="insert" parameterType="cn.cecook.model.business.markting.SocialCouponBrowse" >
    insert into social_coupon_browse (id, uuid, tenant_id, 
      is_deleted, create_time, coupon_batch, 
      customer_id, contacted, longitude, 
      latitude, province, city, 
      ip)
    values (#{id,jdbcType=INTEGER}, #{uuid,jdbcType=VARCHAR}, #{tenantId,jdbcType=VARCHAR}, 
      #{isDeleted,jdbcType=INTEGER}, #{createTime,jdbcType=TIMESTAMP}, #{couponBatch,jdbcType=INTEGER}, 
      #{customerId,jdbcType=INTEGER}, #{contacted,jdbcType=VARCHAR}, #{longitude,jdbcType=VARCHAR}, 
      #{latitude,jdbcType=VARCHAR}, #{province,jdbcType=VARCHAR}, #{city,jdbcType=VARCHAR}, 
      #{ip,jdbcType=VARCHAR})
  </insert>
  <insert id="insertSelective" parameterType="cn.cecook.model.business.markting.SocialCouponBrowse" >
    insert into social_coupon_browse
    <trim prefix="(" suffix=")" suffixOverrides="," >
      <if test="id != null" >
        id,
      </if>
      <if test="uuid != null" >
        uuid,
      </if>
      <if test="tenantId != null" >
        tenant_id,
      </if>
      <if test="isDeleted != null" >
        is_deleted,
      </if>
      <if test="createTime != null" >
        create_time,
      </if>
      <if test="couponBatch != null" >
        coupon_batch,
      </if>
      <if test="customerId != null" >
        customer_id,
      </if>
      <if test="contacted != null" >
        contacted,
      </if>
      <if test="longitude != null" >
        longitude,
      </if>
      <if test="latitude != null" >
        latitude,
      </if>
      <if test="province != null" >
        province,
      </if>
      <if test="city != null" >
        city,
      </if>
      <if test="ip != null" >
        ip,
      </if>
    </trim>
    <trim prefix="values (" suffix=")" suffixOverrides="," >
      <if test="id != null" >
        #{id,jdbcType=INTEGER},
      </if>
      <if test="uuid != null" >
        #{uuid,jdbcType=VARCHAR},
      </if>
      <if test="tenantId != null" >
        #{tenantId,jdbcType=VARCHAR},
      </if>
      <if test="isDeleted != null" >
        #{isDeleted,jdbcType=INTEGER},
      </if>
      <if test="createTime != null" >
        #{createTime,jdbcType=TIMESTAMP},
      </if>
      <if test="couponBatch != null" >
        #{couponBatch,jdbcType=INTEGER},
      </if>
      <if test="customerId != null" >
        #{customerId,jdbcType=INTEGER},
      </if>
      <if test="contacted != null" >
        #{contacted,jdbcType=VARCHAR},
      </if>
      <if test="longitude != null" >
        #{longitude,jdbcType=VARCHAR},
      </if>
      <if test="latitude != null" >
        #{latitude,jdbcType=VARCHAR},
      </if>
      <if test="province != null" >
        #{province,jdbcType=VARCHAR},
      </if>
      <if test="city != null" >
        #{city,jdbcType=VARCHAR},
      </if>
      <if test="ip != null" >
        #{ip,jdbcType=VARCHAR},
      </if>
    </trim>
  </insert>
  
  
  <update id="updateByPrimaryKeySelective" parameterType="cn.cecook.model.business.markting.SocialCouponBrowse" >
    update social_coupon_browse
    <set >
      <if test="uuid != null" >
        uuid = #{uuid,jdbcType=VARCHAR},
      </if>
      <if test="tenantId != null" >
        tenant_id = #{tenantId,jdbcType=VARCHAR},
      </if>
      <if test="isDeleted != null" >
        is_deleted = #{isDeleted,jdbcType=INTEGER},
      </if>
      <if test="createTime != null" >
        create_time = #{createTime,jdbcType=TIMESTAMP},
      </if>
      <if test="couponBatch != null" >
        coupon_batch = #{couponBatch,jdbcType=INTEGER},
      </if>
      <if test="customerId != null" >
        customer_id = #{customerId,jdbcType=INTEGER},
      </if>
      <if test="contacted != null" >
        contacted = #{contacted,jdbcType=VARCHAR},
      </if>
      <if test="longitude != null" >
        longitude = #{longitude,jdbcType=VARCHAR},
      </if>
      <if test="latitude != null" >
        latitude = #{latitude,jdbcType=VARCHAR},
      </if>
      <if test="province != null" >
        province = #{province,jdbcType=VARCHAR},
      </if>
      <if test="city != null" >
        city = #{city,jdbcType=VARCHAR},
      </if>
      <if test="ip != null" >
        ip = #{ip,jdbcType=VARCHAR},
      </if>
    </set>
    where id = #{id,jdbcType=INTEGER}
  </update>
  
  
  <select id="countClickNum" resultType="java.lang.Integer">
     select count(id) from social_coupon_browse where coupon_batch=#{batchId}
  </select>
 
 
 
 <select id="getListByCouponBatchId" parameterType="map"
		resultType="cn.cecook.bean.business.markting.CouponBatchClickStatistics">
		SELECT
			IFNULL(t3.`name`, "——") AS `name`,
			IFNULL(t3.phone, "——") AS phone,
			IFNULL(t3.email, "——") AS email,
			IFNULL(t3.gender, "") AS gender,
			IFNULL(t1.city, "") AS city,
			IFNULL(
				DATE_FORMAT(
					t1.create_time,
					'%Y-%m-%d %T'
				),
				""
			) AS create_time
		FROM
			social_coupon_browse t1
		LEFT JOIN bc_customer t3 ON t1.customer_id = t3.id
		where
		t1.is_deleted=0 and t1.coupon_batch =#{batchId}
		order by t1.id desc
		<if test="startIndex!=null   and pageSize!=null ">
			limit #{startIndex},#{pageSize}
		</if>
	</select>

	<select id="countByCouponBatchId" parameterType="java.lang.Integer"
		resultType="java.lang.Integer">
		select count(1) from social_coupon_browse where is_deleted=0 and
		coupon_batch=#{batchId}

	</select>
</mapper>