<?xml version="1.0" encoding="UTF-8" ?>
<!DOCTYPE mapper PUBLIC "-//mybatis.org//DTD Mapper 3.0//EN" "http://mybatis.org/dtd/mybatis-3-mapper.dtd" >
<mapper namespace="cn.cecook.dao.business.markting.SocialCouponExpireQuartzMapper">
	<resultMap id="BaseResultMap"
		type="cn.cecook.model.business.markting.SocialCouponExpireQuartz">
		<id column="id" property="id" jdbcType="INTEGER" />
		<result column="tenant_id" property="tenantId" jdbcType="VARCHAR" />
		<result column="uuid" property="uuid" jdbcType="VARCHAR" />
		<result column="is_deleted" property="isDeleted" jdbcType="INTEGER" />
		<result column="execution_time" property="executionTime"
			jdbcType="TIMESTAMP" />
		<result column="status" property="status" jdbcType="VARCHAR" />
		<result column="sms_content" property="smsContent" jdbcType="VARCHAR" />
		<result column="coupon_id" property="couponId" jdbcType="INTEGER" />
		<result column="coupon_code" property="couponCode" jdbcType="INTEGER" />
		<result column="coupon_batch" property="couponBatch" jdbcType="INTEGER" />
		<result column="mobile" property="mobile" jdbcType="VARCHAR" />
		<result column="customer_id" property="customer_id" jdbcType="INTEGER" />
	</resultMap>

	<sql id="Base_Column_List">
		id, tenant_id, uuid, is_deleted, execution_time, status, sms_content,
		coupon_id,coupon_code,coupon_batch,mobile,customer_id
	</sql>

	<select id="selectByPrimaryKey" resultMap="BaseResultMap"
		parameterType="java.lang.Integer">
		select
		<include refid="Base_Column_List" />
		from social_coupon_expire_quartz
		where id = #{id,jdbcType=INTEGER}
	</select>
	<delete id="deleteByPrimaryKey" parameterType="java.lang.Integer">
		delete from social_coupon_expire_quartz
		where id = #{id,jdbcType=INTEGER}
	</delete>


	<insert id="insertSelective"
		parameterType="cn.cecook.model.business.markting.SocialCouponExpireQuartz">
		insert into social_coupon_expire_quartz
		<trim prefix="(" suffix=")" suffixOverrides=",">
			<if test="id != null">
				id,
			</if>
			<if test="tenantId != null">
				tenant_id,
			</if>
			<if test="uuid != null">
				uuid,
			</if>
			<if test="isDeleted != null">
				is_deleted,
			</if>
			<if test="executionTime != null">
				execution_time,
			</if>
			<if test="status != null">
				status,
			</if>
			<if test="smsContent != null">
				sms_content,
			</if>
			<if test="couponId != null">
				coupon_id,
			</if>
			<if test="couponCode != null">
				coupon_code,
			</if>
			<if test="couponBatch != null">
				coupon_batch,
			</if>
			<if test="mobile != null">
				mobile,
			</if>
			<if test="customerId != null">
				customer_id,
			</if>
		</trim>
		<trim prefix="values (" suffix=")" suffixOverrides=",">
			<if test="id != null">
				#{id,jdbcType=INTEGER},
			</if>
			<if test="tenantId != null">
				#{tenantId,jdbcType=VARCHAR},
			</if>
			<if test="uuid != null">
				#{uuid,jdbcType=VARCHAR},
			</if>
			<if test="isDeleted != null">
				#{isDeleted,jdbcType=INTEGER},
			</if>
			<if test="executionTime != null">
				#{executionTime,jdbcType=TIMESTAMP},
			</if>
			<if test="status != null">
				#{status,jdbcType=VARCHAR},
			</if>
			<if test="smsContent != null">
				#{smsContent,jdbcType=VARCHAR},
			</if>
			<if test="couponId != null">
				#{couponId,jdbcType=INTEGER},
			</if>
			<if test="couponCode != null">
				#{couponCode,jdbcType=VARCHAR},
			</if>
			<if test="couponBatch != null">
				#{couponBatch,jdbcType=INTEGER},
			</if>
			<if test="mobile != null">
				#{mobile,jdbcType=VARCHAR},
			</if>
			<if test="customerId != null">
				#{customerId,jdbcType=INTEGER},
			</if>
		</trim>
	</insert>



	<update id="updateByPrimaryKeySelective"
		parameterType="cn.cecook.model.business.markting.SocialCouponExpireQuartz">
		update social_coupon_expire_quartz
		<set>
			<if test="tenantId != null">
				tenant_id = #{tenantId,jdbcType=VARCHAR},
			</if>
			<if test="uuid != null">
				uuid = #{uuid,jdbcType=VARCHAR},
			</if>
			<if test="isDeleted != null">
				is_deleted = #{isDeleted,jdbcType=INTEGER},
			</if>
			<if test="executionTime != null">
				execution_time = #{executionTime,jdbcType=TIMESTAMP},
			</if>
			<if test="status != null">
				status = #{status,jdbcType=VARCHAR},
			</if>
			<if test="smsContent != null">
				sms_content = #{smsContent,jdbcType=VARCHAR},
			</if>
			<if test="couponId != null">
				coupon_id = #{couponId,jdbcType=INTEGER},
			</if>
			<if test="mobile != null">
				mobile = #{mobile,jdbcType=VARCHAR},
			</if>
			<if test="customerId != null">
				customer_id = #{customerId,jdbcType=INTEGER},
			</if>
		</set>
		where id = #{id,jdbcType=INTEGER}
	</update>




	<insert id="insertByBatch" parameterType="map">
		insert into social_coupon_expire_quartz
		(uuid, tenant_id,
		coupon_code,sms_content,execution_time,coupon_batch,mobile,customer_id)
		values
		<foreach collection="list" item="item" index="index"
			separator=",">
			(
			#{item.uuid}, #{item.tenantId},
			#{item.couponCode},
			#{item.smsContent},
			#{item.executionTime},
			#{item.couponBatch},
			#{item.mobile},
			#{item.customer_id}
			)
		</foreach>
		<if test="tenantId!=null and tenantId!=''">
			cecook2017${tenantId}
		</if>
	</insert>
	
	<select id="getList" parameterType="map" resultMap="BaseResultMap">
	    select 
	       <include refid="Base_Column_List" />
		from social_coupon_expire_quartz
		where is_deleted=0 and status=0
		<if test="execution_time!=null and execution_time!=''">
			and execution_time LIKE CONCAT('%',#{execution_time,jdbcType=VARCHAR},'%')
		</if>
		limit ${startIndex},${endIndex};
		<if test="tenantId!=null and tenantId!=''">
			cecook2017${tenantId}
		</if>
	</select>
	
	 <update id="updateStatusByBatch" parameterType="map">
		update social_coupon_expire_quartz set status=1
		where is_deleted=0 and id in 
		<foreach item="item" index="index" collection="list" open="("
			separator="," close=")">
			${item}
		</foreach>
		<if test="tenant_id!=null and tenant_id!=''">
		    cecook2017${tenant_id}
		</if>
	</update>
</mapper>