<?xml version="1.0" encoding="UTF-8" ?>
<!DOCTYPE mapper PUBLIC "-//mybatis.org//DTD Mapper 3.0//EN" "http://mybatis.org/dtd/mybatis-3-mapper.dtd" >
<mapper namespace="cn.cecook.dao.business.markting.SocialQrcodeBrowseMapper">
	<resultMap id="BaseResultMap" type="cn.cecook.model.business.markting.SocialQrcodeBrowse">
		<id column="id" property="id" jdbcType="BIGINT" />
		<result column="uuid" property="uuid" jdbcType="VARCHAR" />
		<result column="tenant_id" property="tenantId" jdbcType="VARCHAR" />
		<result column="is_delete" property="isDelete" jdbcType="INTEGER" />
		<result column="create_id" property="createId" jdbcType="BIGINT" />
		<result column="create_time" property="createTime" jdbcType="DATE" />
		<result column="order_code" property="orderCode" jdbcType="VARCHAR" />
		<result column="delete_time" property="deleteTime" jdbcType="DATE" />
		<result column="remarks" property="remarks" jdbcType="VARCHAR" />
		<result column="attachment" property="attachment" jdbcType="VARCHAR" />
		<result column="bak1" property="bak1" jdbcType="VARCHAR" />
		<result column="bak2" property="bak2" jdbcType="VARCHAR" />
		<result column="bak3" property="bak3" jdbcType="VARCHAR" />
		<result column="bak4" property="bak4" jdbcType="VARCHAR" />
		<result column="bak5" property="bak5" jdbcType="VARCHAR" />
		<result column="code_id" property="codeId" jdbcType="INTEGER"/>
		<result column="click_ip" property="clickIp" jdbcType="VARCHAR"/>
	</resultMap>
	<sql id="Base_Column_List">
	    id, uuid, tenant_id, is_delete, create_id, create_time,
		order_code,
		delete_time,
		remarks, attachment, bak1, bak2, bak3, bak4,
		bak5,code_id,click_ip
	</sql>
	<insert id="addSocialQrcodeBrowse" parameterType="cn.cecook.model.business.markting.SocialQrcodeBrowse" 
	    useGeneratedKeys="true" keyProperty="id">
	    insert into social_qrcode_browse
	    (
	    	is_delete, create_id, create_time,
			order_code,
			delete_time,
			remarks, attachment, bak1, bak2, bak3, bak4,
			bak5,code_id,click_ip
	     )
		values 
		(
	      #{isDeleted,jdbcType=INTEGER}, #{createId,jdbcType=BIGINT}, #{createTime,jdbcType=TIMESTAMP}, 
	      #{orderCode,jdbcType=VARCHAR}, #{deleteTime,jdbcType=TIMESTAMP}, #{remarks,jdbcType=VARCHAR}, 
	      #{attachment,jdbcType=VARCHAR},#{bak1,jdbcType=VARCHAR}, #{bak2,jdbcType=VARCHAR}, #{bak3,jdbcType=VARCHAR}, #{bak4,jdbcType=VARCHAR}, 
	      #{bak5,jdbcType=VARCHAR},#{codeId,jdbcType=INTEGER},#{clickIp,jdbcType=VARCHAR}
		)
	</insert>
</mapper>