<?xml version="1.0" encoding="UTF-8" ?>
<!DOCTYPE mapper PUBLIC "-//mybatis.org//DTD Mapper 3.0//EN" "http://mybatis.org/dtd/mybatis-3-mapper.dtd" >
<mapper namespace="cn.cecook.dao.business.markting.SocialCouponBatchMapper">
	<resultMap id="BaseResultMap"
		type="cn.cecook.model.business.markting.SocialCouponBatch">
		<id column="id" property="id" jdbcType="INTEGER" />
		<result column="uuid" property="uuid" jdbcType="VARCHAR" />
		<result column="tenant_id" property="tenantId" jdbcType="VARCHAR" />
		<result column="is_deleted" property="isDeleted" jdbcType="INTEGER" />
		<result column="create_id" property="createId" jdbcType="INTEGER" />
		<result column="create_time" property="createTime" jdbcType="TIMESTAMP" />
		<result column="remarks" property="remarks" jdbcType="VARCHAR" />
		<result column="name" property="name" jdbcType="VARCHAR" />
		<result column="autograph" property="autograph" jdbcType="VARCHAR" />
		<result column="content" property="content" jdbcType="VARCHAR" />
		<result column="sms_equivalen_num" property="smsEquivalenNum"
			jdbcType="INTEGER" />
		<result column="sms_remind_equivalen_num" property="smsRemindEquivalenNum"
			jdbcType="INTEGER" />
		<result column="sms_content" property="smsContent" jdbcType="VARCHAR" />
		<result column="remind_content" property="remindContent"
			jdbcType="VARCHAR" />
		<result column="expire_remind_flag" property="expireRemindFlag"
			jdbcType="INTEGER" />
		<result column="activity_id" property="activityId" jdbcType="INTEGER" />
		<result column="activity_url" property="activityUrl" jdbcType="VARCHAR" />
		<result column="coupon_ids" property="couponIds" jdbcType="INTEGER" />
		<result column="status" property="status" jdbcType="INTEGER" />
		<result column="send_status" property="sendStatus" jdbcType="INTEGER" />
		<result column="coupon_num" property="couponNum" jdbcType="INTEGER" />
		<result column="customer_num" property="customerNum" jdbcType="INTEGER" />
		<result column="send_object_type" property="sendObjectType"
			jdbcType="INTEGER" />
		<result column="group_id" property="groupId" jdbcType="VARCHAR" />
		<result column="batch" property="batch" jdbcType="INTEGER" />
		<result column="start_send_time" property="startSendTime"
			jdbcType="VARCHAR" />
		<result column="end_send_time" property="endSendTime" jdbcType="VARCHAR" />
		<result column="format_time" property="formatTime" jdbcType="VARCHAR" />
		<result column="sms_inform_flag" property="smsInformFlag" jdbcType="VARCHAR" />
		<result column="expire_day" property="expireDay" jdbcType="INTEGER" />
		<result column="type" property="type" jdbcType="INTEGER" />
		<result column="template_id" property="templateId" jdbcType="INTEGER" />
		<result column="coupon_model_type" property="couponModelType" jdbcType="INTEGER" />
	</resultMap>

	<sql id="Base_Column_List">
		id, uuid, tenant_id, is_deleted, create_id, create_time,
		remarks, name,
		autograph,
		content, sms_equivalen_num,
		sms_remind_equivalen_num, sms_content,
		remind_content,
		expire_remind_flag, activity_id, activity_url, coupon_ids, status,
		send_status,
		coupon_num,
		customer_num, send_object_type, IFNULL(group_id,"") as group_id,
		batch, start_send_time, end_send_time,sms_inform_flag,IFNULL(expire_day,0) AS expire_day,
		template_id,ifnull(type,0) as type,coupon_model_type
	</sql>

	<select id="selectByPrimaryKey" resultMap="BaseResultMap"
		parameterType="java.lang.Integer">
		select
		<include refid="Base_Column_List" />
		from social_coupon_batch
		where id = #{id,jdbcType=INTEGER}
	</select>
	<update id="deleteByPrimaryKey" parameterType="java.lang.Integer">
		update social_coupon_batch
		set is_deleted=1
		where id = #{id,jdbcType=INTEGER}
	</update>


	<insert id="insertSelective" useGeneratedKeys="true"
		keyProperty="id" parameterType="cn.cecook.model.business.markting.SocialCouponBatch">
		insert into social_coupon_batch
		<trim prefix="(" suffix=")" suffixOverrides=",">
			<if test="id != null">
				id,
			</if>
			<if test="uuid != null">
				uuid,
			</if>
			<if test="tenantId != null">
				tenant_id,
			</if>
			<if test="isDeleted != null">
				is_deleted,
			</if>
			<if test="createId != null">
				create_id,
			</if>
			<if test="createTime != null">
				create_time,
			</if>
			<if test="remarks != null">
				remarks,
			</if>
			<if test="name != null">
				name,
			</if>
			<if test="autograph != null">
				autograph,
			</if>
			<if test="content != null">
				content,
			</if>
			<if test="smsEquivalenNum != null">
				sms_equivalen_num,
			</if>
			<if test="smsRemindEquivalenNum != null">
				sms_remind_equivalen_num,
			</if>
			<if test="smsContent != null">
				sms_content,
			</if>
			<if test="remindContent != null">
				remind_content,
			</if>
			<if test="expireRemindFlag != null">
				expire_remind_flag,
			</if>
			<if test="activityId != null">
				activity_id,
			</if>
			<if test="activityUrl != null">
				activity_url,
			</if>
			<if test="couponIds != null">
				coupon_ids,
			</if>
			<if test="status != null">
				status,
			</if>
			<if test="sendStatus != null">
				send_status,
			</if>
			<if test="couponNum != null">
				coupon_num,
			</if>
			<if test="customerNum != null">
				customer_num,
			</if>
			<if test="sendObjectType != null">
				send_object_type,
			</if>
			<if test="groupId != null and groupId!=''">
				group_id,
			</if>
			<if test="batch != null">
				batch,
			</if>
			<if test="startSendTime != null">
				start_send_time,
			</if>
			<if test="endSendTime != null">
				end_send_time,
			</if>
			<if test="smsInformFlag != null">
				sms_inform_flag,
			</if>
			<if test="expireDay != null">
				expire_day,
			</if>
			 <if test="type != null">
				type,
			</if>
			<if test="templateId != null">
				template_id,
			</if>
			<if test="couponModelType != null">
				coupon_model_type,
			</if>
		</trim>
		<trim prefix="values (" suffix=")" suffixOverrides=",">
			<if test="id != null">
				#{id,jdbcType=INTEGER},
			</if>
			<if test="uuid != null">
				#{uuid,jdbcType=VARCHAR},
			</if>
			<if test="tenantId != null">
				#{tenantId,jdbcType=VARCHAR},
			</if>
			<if test="isDeleted != null">
				#{isDeleted,jdbcType=INTEGER},
			</if>
			<if test="createId != null">
				#{createId,jdbcType=INTEGER},
			</if>
			<if test="createTime != null">
				#{createTime,jdbcType=TIMESTAMP},
			</if>
			<if test="remarks != null">
				#{remarks,jdbcType=VARCHAR},
			</if>
			<if test="name != null">
				#{name,jdbcType=VARCHAR},
			</if>
			<if test="autograph != null">
				#{autograph,jdbcType=VARCHAR},
			</if>
			<if test="content != null">
				#{content,jdbcType=VARCHAR},
			</if>
			<if test="smsEquivalenNum != null">
				#{smsEquivalenNum,jdbcType=INTEGER},
			</if>
			<if test="smsRemindEquivalenNum != null">
				#{smsRemindEquivalenNum,jdbcType=INTEGER},
			</if>
			<if test="smsContent != null">
				#{smsContent,jdbcType=VARCHAR},
			</if>
			<if test="remindContent != null">
				#{remindContent,jdbcType=VARCHAR},
			</if>
			<if test="expireRemindFlag != null">
				#{expireRemindFlag,jdbcType=INTEGER},
			</if>
			<if test="activityId != null">
				#{activityId,jdbcType=INTEGER},
			</if>
			<if test="activityUrl != null">
				#{activityUrl,jdbcType=VARCHAR},
			</if>
			<if test="couponIds != null">
				#{couponIds,jdbcType=INTEGER},
			</if>
			<if test="status != null">
				#{status,jdbcType=INTEGER},
			</if>
			<if test="sendStatus != null">
				#{sendStatus,jdbcType=INTEGER},
			</if>
			<if test="couponNum != null">
				#{couponNum,jdbcType=INTEGER},
			</if>
			<if test="customerNum != null">
				#{customerNum,jdbcType=INTEGER},
			</if>
			<if test="sendObjectType != null">
				#{sendObjectType,jdbcType=INTEGER},
			</if>
			<if test="groupId != null and groupId!=''">
				#{groupId,jdbcType=VARCHAR},
			</if>
			<if test="batch != null">
				#{batch,jdbcType=INTEGER},
			</if>
			<if test="startSendTime != null">
				#{startSendTime,jdbcType=VARCHAR},
			</if>
			<if test="endSendTime != null">
				#{endSendTime,jdbcType=VARCHAR},
			</if>
			<if test="smsInformFlag != null">
				#{smsInformFlag,jdbcType=INTEGER},
			</if>
			<if test="expireDay != null">
				#{expireDay,jdbcType=INTEGER},
			</if>
			<if test="type != null">
				#{type,jdbcType=INTEGER},
			</if>
			<if test="templateId != null">
				#{templateId,jdbcType=INTEGER},
			</if>
			<if test="couponModelType != null">
				#{couponModelType,jdbcType=INTEGER},
			</if>
		</trim>
	</insert>


	<update id="updateByPrimaryKeySelective" parameterType="cn.cecook.model.business.markting.SocialCouponBatch">
		update social_coupon_batch
		<set>
			<if test="uuid != null">
				uuid = #{uuid,jdbcType=VARCHAR},
			</if>
			<if test="tenantId != null">
				tenant_id = #{tenantId,jdbcType=VARCHAR},
			</if>
			<if test="isDeleted != null">
				is_deleted = #{isDeleted,jdbcType=INTEGER},
			</if>
			<if test="createId != null">
				create_id = #{createId,jdbcType=INTEGER},
			</if>
			<if test="createTime != null">
				create_time = #{createTime,jdbcType=TIMESTAMP},
			</if>
			<if test="remarks != null">
				remarks = #{remarks,jdbcType=VARCHAR},
			</if>
			<if test="name != null">
				name = #{name,jdbcType=VARCHAR},
			</if>
			<if test="autograph != null">
				autograph = #{autograph,jdbcType=VARCHAR},
			</if>
			<if test="content != null">
				content = #{content,jdbcType=VARCHAR},
			</if>
			<if test="smsEquivalenNum != null">
				sms_equivalen_num = #{smsEquivalenNum,jdbcType=INTEGER},
			</if>
			<if test="smsRemindEquivalenNum != null">
				sms_remind_equivalen_num =
				#{smsRemindEquivalenNum,jdbcType=INTEGER},
			</if>
			<if test="smsContent != null">
				sms_content = #{smsContent,jdbcType=VARCHAR},
			</if>
			<if test="remindContent != null">
				remind_content = #{remindContent,jdbcType=VARCHAR},
			</if>
			<if test="expireRemindFlag != null">
				expire_remind_flag =
				#{expireRemindFlag,jdbcType=INTEGER},
			</if>
			<if test="activityId != null">
				activity_id = #{activityId,jdbcType=INTEGER},
			</if>
			<if test="activityUrl != null">
				activity_url = #{activityUrl,jdbcType=VARCHAR},
			</if>
			<if test="couponIds != null">
				coupon_ids = #{couponIds,jdbcType=VARCHAR},
			</if>
			<if test="status != null">
				status = #{status,jdbcType=INTEGER},
			</if>
			<if test="sendStatus != null">
				send_status = #{sendStatus,jdbcType=INTEGER},
			</if>
			<if test="couponNum != null">
				coupon_num = #{couponNum,jdbcType=INTEGER},
			</if>
			<if test="customerNum != null">
				customer_num = #{customerNum,jdbcType=INTEGER},
			</if>
			<if test="sendObjectType != null">
				send_object_type = #{sendObjectType,jdbcType=INTEGER},
			</if>
			<if test="groupId != null">
				group_id = #{groupId,jdbcType=VARCHAR},
			</if>
			<if test="batch != null">
				batch = #{batch,jdbcType=INTEGER},
			</if>
			<if test="startSendTime != null">
				start_send_time = #{startSendTime,jdbcType=VARCHAR},
			</if>
			<if test="endSendTime != null">
				end_send_time = #{endSendTime,jdbcType=VARCHAR},
			</if>
			<if test="smsInformFlag != null">
				sms_inform_flag = #{smsInformFlag,jdbcType=INTEGER},
			</if>
			<if test="expireDay != null">
				expire_day = #{expireDay,jdbcType=INTEGER},
			</if>
			<if test="templateId != null">
				template_id = #{templateId,jdbcType=INTEGER},
			</if>
			<if test="couponModelType != null">
				coupon_model_type = #{couponModelType,jdbcType=INTEGER},
			</if>
		</set>
		where id = #{id,jdbcType=INTEGER}
		<if test="tenantId!=null and tenantId!=''">
			cecook2017${tenantId}
		</if>	
	</update>
	<update id="insertBatch">
		update social_coupon_batch set batch=#{batch} where
		id=#{id}
	</update>
	<select id="getCouponBatchList" parameterType="map" resultMap="BaseResultMap">
		select
		id, uuid, tenant_id, is_deleted, create_id, create_time,
		remarks, name,
		autograph,
		content, sms_equivalen_num,
		sms_remind_equivalen_num, sms_content,
		remind_content,
		expire_remind_flag, activity_id, activity_url, coupon_ids, status,
		send_status,
		coupon_num,
		customer_num, send_object_type, group_id,
		batch, start_send_time, end_send_time,DATE_FORMAT(create_time,'%Y %m %d %T') as format_time,ifnull(type,0) as type
		from social_coupon_batch
		where is_deleted=0
		<if test="status!=null and status!='' ">
			and send_status=#{status}
		</if>
		<if test="keyWord!=null and keyWord!=''">
			and name LIKE CONCAT('%',#{keyWord},'%')
		</if>
		<if test="type!=null and type!='' ">
			and type=#{type}
		</if>
		<if
			test="startTime!=null and startTime!='' and endTime!=null and endTime!=''">
			and create_time BETWEEN #{startTime}
			and #{endTime}
		</if>
		order by id desc
		limit #{startIndex},#{pageSize}
	</select>
	<select id="countCouponBatch" parameterType="map" resultType="java.lang.Integer">

		select
		count(1)
		from social_coupon_batch where is_deleted=0
		<if test="status!=null and status!='' ">
			and send_status=#{status}
		</if>
		<if test="keyWord!=null and keyWord!=''">
			and name LIKE CONCAT('%',#{keyWord},'%')
		</if>
		<if
			test="startTime!=null and startTime!='' and endTime!=null and endTime!=''">
			and create_time BETWEEN #{startTime}
			and #{endTime}
		</if>
		<if test="type!=null and type!='' ">
			and type=#{type}
		</if>
	</select>
	
	<select id="getSendStatus" resultType="java.lang.Integer">
		select ifNull(send_status,0) as send_status from social_coupon_batch where id=#{id} and is_deleted=0
		<if test="tenant_id!=null and tenant_id!=''">
			cecook2017${tenant_id}
		</if>
	</select>
	
	<!-- 批量删除 -->
	<update id="deleteBatch">
		update social_coupon_batch set is_deleted=1
		where id in
		<foreach item="item" index="index" collection="list" open="("
			separator="," close=")">
			#{item}
		</foreach>
	</update>
	
	<select id="couponStatistics" parameterType="map" resultType="cn.cecook.bean.business.markting.ExportCouponBatchStatistics">
		SELECT
			t1.id AS id,
			IFNULL(t1.customer_num, 0) AS sendNum,
			IFNULL(t4.converNum, 0) AS converNum,
			IFNULL(t4.converTotalMoney, 0) AS converTotalMoney,
			t1. NAME AS NAME,
			IFNULL(t1.activity_id, 0) AS activityId,
			DATE_FORMAT(
				t1.create_time,
				'%Y-%m-%d
											%T'
			) AS createTime
		FROM
			social_coupon_batch t1
		LEFT JOIN (
			SELECT
				COUNT(1) AS converNum,
				SUM(consumption_amount) AS converTotalMoney,
				coupon_batch AS batch
			FROM
				bm_write_off
			WHERE
				is_deleted = 0
			GROUP BY
				coupon_batch
		) t4 ON t4.batch = t1.batch
		WHERE
			t1.is_deleted = 0
		<if test="keyWord!=null and keyWord!=''">
			and name LIKE CONCAT('%',#{keyWord},'%')
		</if>
		<if
			test="startTime!=null and startTime!='' and endTime!=null and endTime!=''">
			and create_time BETWEEN #{startTime}
			and #{endTime}
		</if>
		<if test="id!=null and id!=''">
		   and t1.id=#{id}
		</if>
		<if test="orderBy!=null and orderBy!=''">
			order by ${orderBy}
		</if>
		<if test="startIndex!=null and pageSize!=null ">
			limit #{startIndex},#{pageSize}
		</if>
		
		
		
	</select>
	
	
	<select id="countStatisticsTotal" parameterType="map" resultType="java.lang.Integer">
		select
		count(1)
		from social_coupon_batch where is_deleted=0
		<if test="keyWord!=null and keyWord!=''">
			and name LIKE CONCAT('%',#{keyWord},'%')
		</if>
		<if
			test="startTime!=null and startTime!='' and endTime!=null and endTime!=''">
			and create_time BETWEEN #{startTime}
			and #{endTime}
		</if>
		<if test="id!=null and id!=''">
		   and id=#{id}
		</if>
	</select>
    <update id="updateStatus">
       update social_coupon_batch set send_status=${status} where id=${id} 
       <if test="tenant_id!=null and tenant_id!=''">
           cecook2017${tenant_id}
       </if>
    </update>
    
    <update id="sendComplete" parameterType="map">
		UPDATE social_coupon_batch
		SET send_status=#{status},end_send_time=#{endTime}
		<if test="isTask!=null and isTask==0">
		    ,customer_num =#{sendNum},coupon_num=#{couponNum}
		</if>
		<if test="isTask!=null and isTask==1">
			,customer_num = customer_num+ #{sendNum}
			,coupon_num=coupon_num + #{couponNum}
		</if>
		WHERE
			id = #{id}
		<if test="tenant_id!=null and tenant_id!=''">
			cecook2017${tenant_id}
		</if>	
	</update>
	<select id="queryContentByIds" resultType="map">
		SELECT
			CONCAT(
				"【",
				autograph,
				"】",
				content
			) AS content,
			activity_url AS url
		FROM
			social_coupon_batch
		WHERE is_deleted=0
		And id in 	
		<foreach item="item" index="index" collection="list" open="("
			separator="," close=")">
			#{item}
		</foreach>
	</select>
	<update id="updateStstuaByIds" parameterType="map">
	   update social_coupon_batch set send_status=#{status} where is_deleted=0 and id in 
	    <foreach item="item" index="index" collection="list" open="("
			separator="," close=")">
			#{item}
		</foreach>
	</update>
	
	<select id="countUnAuditeByTemplateId" resultType="java.lang.Integer">
	   select IFNULL(count(1),0) AS unAuditeNum from social_coupon_batch where is_deleted=0 and type=1 and send_status in(0,4) and  template_id=#{templateId}
	</select>
	
   	<select id="unAuditIdsByTemplateId" resultType="java.lang.Integer">
	   select id from social_coupon_batch where is_deleted=0 and type=1 and send_status in(0,2,4) and send_status!=1 and  template_id=#{templateId}
	</select>
	
	<select id="getTemplateIdById" resultType="java.lang.Integer">
       select IFNULL(template_id,0) AS template_id from  social_coupon_batch where is_deleted=0 and type=1 and id=#{id}
    </select>
    
    
    <update id="deleteByTemplateId">
      update social_coupon_batch set is_deleted=1 where template_id=#{templateId};
    </update>
    
    <select id="getTemplateStatusBySocialSmsId" resultType="java.lang.Integer">
      select t2.is_deleted from social_coupon_batch t1, auto_market_template t2 where t1.template_id=t2.id and t1.id=#{id} limit 1
    </select>
    
    
    <select id="batchNameListByThirdCouponModelId" resultType="java.lang.String">
        SELECT CONCAT('注券：',`name`) FROM social_coupon_batch WHERE find_in_set(#{modelId}, coupon_ids) and coupon_model_type=1 and is_deleted=0;
    </select>
    
</mapper>