<?xml version="1.0" encoding="UTF-8" ?>
<!DOCTYPE mapper PUBLIC "-//mybatis.org//DTD Mapper 3.0//EN" "http://mybatis.org/dtd/mybatis-3-mapper.dtd" >
<mapper namespace="cn.cecook.dao.business.markting.SocialQrcodeInfoMapper">
	<resultMap id="BaseResultMap" type="cn.cecook.model.business.markting.SocialQrcodeInfo">
		<id column="id" property="id" jdbcType="BIGINT" />
		<result column="uuid" property="uuid" jdbcType="VARCHAR" />
		<result column="tenant_id" property="tenantId" jdbcType="VARCHAR" />
		<result column="is_delete" property="isDelete" jdbcType="INTEGER" />
		<result column="create_id" property="createId" jdbcType="BIGINT" />
		<result column="create_time" property="createTime" jdbcType="DATE" />
		<result column="order_code" property="orderCode" jdbcType="VARCHAR" />
		<result column="delete_time" property="deleteTime" jdbcType="DATE" />
		<result column="remarks" property="remarks" jdbcType="VARCHAR" />
		<result column="attachment" property="attachment" jdbcType="VARCHAR" />
		<result column="bak1" property="bak1" jdbcType="VARCHAR" />
		<result column="bak2" property="bak2" jdbcType="VARCHAR" />
		<result column="bak3" property="bak3" jdbcType="VARCHAR" />
		<result column="bak4" property="bak4" jdbcType="VARCHAR" />
		<result column="bak5" property="bak5" jdbcType="VARCHAR" />
		<result column="store_id" property="storeId" jdbcType="INTEGER"/>
		<result column="code_type" property="codeType" jdbcType="INTEGER"/>
		<result column="bind_type" property="bindType" jdbcType="INTEGER"/>
		<result column="link_url" property="linkUrl" jdbcType="VARCHAR"/>
		<result column="bind_info" property="bindInfo" jdbcType="VARCHAR"/>
		<result column="code_info" property="codeInfo" jdbcType="VARCHAR"/>
	</resultMap>
	<sql id="Base_Column_List">
	    id, uuid, tenant_id, is_delete, create_id, create_time,
		order_code,
		delete_time,
		remarks, attachment, bak1, bak2, bak3, bak4,
		bak5,store_id,code_type,bind_type,link_url,bind_info,code_info
	</sql>
	<select id="findById" parameterType="java.lang.Integer" resultMap="BaseResultMap">
	    select 
	    <include refid="Base_Column_List"></include>
	    from social_qrcode_info
	    where id=#{id}    
	</select>
	<insert id="addSocialQrcodeInfo" parameterType="cn.cecook.model.business.markting.SocialQrcodeInfo" 
	    useGeneratedKeys="true" keyProperty="id">
	    insert into social_qrcode_info
	    (
	    	is_delete, create_id, create_time,order_code,delete_time,
	    	remarks,attachment, bak1, bak2, bak3, bak4,bak5,
	     	store_id,code_type,bind_type,link_url,bind_info,code_info
	     )
		values 
		(
	      #{isDelete,jdbcType=INTEGER}, #{createId,jdbcType=BIGINT}, #{createTime,jdbcType=TIMESTAMP}, 
	      #{orderCode,jdbcType=VARCHAR}, #{deleteTime,jdbcType=TIMESTAMP}, #{remarks,jdbcType=VARCHAR}, 
	      #{attachment,jdbcType=VARCHAR},#{bak1,jdbcType=VARCHAR}, #{bak2,jdbcType=VARCHAR}, #{bak3,jdbcType=VARCHAR}, #{bak4,jdbcType=VARCHAR}, 
	      #{bak5,jdbcType=VARCHAR},#{storeId,jdbcType=INTEGER},#{codeType,jdbcType=INTEGER},#{bindType,jdbcType=INTEGER},
	      #{linkUrl,jdbcType=VARCHAR},#{bindInfo,jdbcType=VARCHAR},#{codeInfo,jdbcType=VARCHAR}
		)
	</insert>
	<select id="isExistSocialQrcodeInfo" parameterType="cn.cecook.model.business.markting.SocialQrcodeInfo" resultType="java.lang.Integer">
		select count(id) from social_qrcode_info
		where is_delete=0
		<if test="codeType!=null">
		    and code_type=#{codeType}
		</if>
		<if test="bindType!=null">
		    and bind_type=#{bindType}
		</if>
		<if test="bindInfo!=null">
		    and bind_info=#{bindInfo}
		</if>
		<if test="storeId!=null">
		    and store_id=#{storeId}
		</if>
	</select>
	<update id="deleteSocialQrcodeInfo" parameterType="java.lang.String">
	    update social_qrcode_info
	    set is_delete=1
	    where id=#{id}	    
	</update>
	<update id="deleteQrcodeByStoreId" parameterType="map">
	    update social_qrcode_info
	    set is_delete=1
	    where store_id=#{storeId} and code_type=#{codeType}	    
	</update>
	<update id="updateSocialQrcodeInfoById" parameterType="cn.cecook.model.business.markting.SocialQrcodeInfo">
	    update social_qrcode_info
	    set code_info=#{codeInfo}
	    where id=#{id}	    
	</update>
	<select id="getAllBrowseByUrlAndStore" parameterType="map" resultType="map">	    
	   select c.name,c.id as storeId,a.id as codeId,count(b.id) as clickCount,count(DISTINCT b.click_ip) as clickMemberCount
		from bm_store c,social_qrcode_info a left join social_qrcode_browse b
		on  b.code_id=a.id 
		and b.create_time>=DATE_FORMAT(#{date},'%Y-%m-%d')
		where a.store_id=c.id
		and a.code_type=0
		and a.is_delete=0
		group by a.store_id
		<if test="clickSort!=null or clickMemberSort!=null">
		     order by 
		</if>
		<if test="clickSort!=null">
		   clickCount ${clickSort}
		</if>
		<if test="clickMemberSort!=null">
		    <if test="clickSort!=null">
		        ,
		    </if>
		    clickMemberCount ${clickMemberSort} 
		</if>
		limit #{startIndex},#{pageSize}		
	</select>
	<select id="getAllBrowseByUrl" parameterType="map" resultType="map">
	    select a.bind_info,a.id as codeId,count(b.id) as clickCount,count(DISTINCT b.click_ip) as clickMemberCount,a.code_info as url
		from social_qrcode_info a left join social_qrcode_browse b
		on  b.code_id=a.id 
		and b.create_time>=DATE_FORMAT(#{date},'%Y-%m-%d')
		where a.code_type=0		
		and a.bind_type=${bindType}
		and a.is_delete=0
		and a.store_id=${storeId}
		group by a.bind_info
		<if test="clickSort!=null or clickMemberSort!=null">
		     order by 
		</if>
		<if test="clickSort!=null">
		   clickCount ${clickSort}
		</if>
		<if test="clickMemberSort!=null">
		    <if test="clickSort!=null">
		        ,
		    </if>
		    clickMemberCount ${clickMemberSort} 
		</if>
		limit #{startIndex},#{pageSize} 
	</select>
	<!-- <select id="getAllBrowseByActivityAndStore" parameterType="map" resultType="map">	   
	   select e.name,e.id as storeId,a.id as codeId,count(b.id) as clickCount,count(DISTINCT b.browse_ip) as clickMemberCount
		,count(c.id) as changeCount,count(d.id) as cancelCount,a.code_info as codeInfo
		from bm_store e,social_qrcode_info a left join bm_activity_browse b on  b.channel_type=a.id 
		and b.create_time>=DATE_FORMAT(#{date},'%Y-%m-%d'),
		social_qrcode_info a1 left join bm_write_off c on c.channel_type=a1.id
		and c.create_time>=DATE_FORMAT(#{date},'%Y-%m-%d'),
		social_qrcode_info a2 left join bm_coupon d on d.channel_type=a2.id
		and d.create_time>=DATE_FORMAT(#{date},'%Y-%m-%d')	
		where a.store_id=e.id
		and a.code_type=1
		and a.is_delete=0
		group by a.store_id
		limit #{startIndex},#{pageSize}
	</select>
	<select id="getAllBrowseByActivity" parameterType="map" resultType="map">	   
	select a.bind_info,a.id as codeId,count(b.id) as clickCount,count(DISTINCT b.browse_ip) as clickMemberCount
		,count(c.id) as changeCount,count(d.id) as cancelCount,a.code_info as codeInfo
		from social_qrcode_info a left join bm_activity_browse b on  b.channel_type=a.id 
		and b.create_time>=DATE_FORMAT(#{date},'%Y-%m-%d'),
		social_qrcode_info a1 left join bm_write_off c on c.channel_type=a1.id
		and c.create_time>=DATE_FORMAT(#{date},'%Y-%m-%d'),
		social_qrcode_info a2 left join bm_coupon d on d.channel_type=a2.id
		and d.create_time>=DATE_FORMAT(#{date},'%Y-%m-%d')
		where a.code_type=1		
		and a.bind_type=${bindType}
		and a.is_delete=0
		and a.store_id=${storeId}
		group by a.bind_info
		limit #{startIndex},#{pageSize} 
	</select> -->
	<select id="getAllBrowseCountByStore" parameterType="java.lang.String" resultType="java.lang.Integer">	    
	    select count(distinct store_id) as count
		from social_qrcode_info
		where code_type=#{codeType}
		and is_delete=0
	</select>
	<select id="getAllBrowseCount" parameterType="map" resultType="java.lang.Integer">	    
	    select count(distinct bind_info) as count
		from social_qrcode_info
		where code_type=${codeType} and bind_type=${bindType}
		and store_id=${storeId}
		and is_delete=0
	</select>
		<!-- 统计方法 -->
	<select id="isActivity" parameterType="java.lang.String" resultType="java.lang.Integer">	    
	    select id from social_qrcode_info
	    where id=#{codeId} and code_type=1
	</select>
	<select id="getNowCountByActivity" parameterType="map" resultType="map">	    
	   select hour(b.create_time) as time,count(b.id) as clickCount,count(DISTINCT b.browse_ip) as clickMemberCount
	   ,count(c.id) as changeCount,count(d.id) as cancelCount
		from bm_write_off c , bm_coupon d, social_qrcode_info a left join bm_activity_browse b
		on  b.channel_type=a.id 
		where DATE_FORMAT(b.create_time,'%Y-%m-%d')=#{startDate}
		and a.id=#{codeId} and a.is_delete=0
		and c.channel_type=a.id
		and d.channel_type=a.id
		GROUP BY DATE_FORMAT(b.create_time,"%Y-%m-%d %H")
	</select>
	<select id="getCountByActivity" parameterType="map" resultType="map">	    
	    select DATE_FORMAT(b.create_time,"%Y-%m-%d") as time,count(b.id) as clickCount,count(DISTINCT b.browse_ip) as clickMemberCount
		,count(c.id) as changeCount,count(d.id) as cancelCount
		from bm_write_off c , bm_coupon d, social_qrcode_info a left join bm_activity_browse b
		on  b.channel_type=a.id 
		where DATE_FORMAT(b.create_time,'%Y-%m-%d')>=#{startDate} and  
		#{endDate}>=DATE_FORMAT(b.create_time,'%Y-%m-%d')
		and a.id=#{codeId} and a.is_delete=0
		and c.channel_type=a.id
		and d.channel_type=a.id
		GROUP BY DATE_FORMAT(b.create_time,"%Y-%m-%d") 
	</select>
	<select id="getNowCountByActivityAndStore" parameterType="map" resultType="map">	    
	   select hour(b.create_time) as time,count(b.id) as clickCount,count(DISTINCT b.browse_ip) as clickMemberCount
		,count(c.id) as changeCount,count(d.id) as cancelCount
		from bm_write_off c , bm_coupon d, social_qrcode_info a left join bm_activity_browse b
		on  b.channel_type=a.id 
		where DATE_FORMAT(b.create_time,'%Y-%m-%d')=#{startDate}
		and a.store_id=#{storeId} and a.is_delete=0
		and c.channel_type=a.id
		and d.channel_type=a.id
		GROUP BY DATE_FORMAT(b.create_time,"%Y-%m-%d %H")
	</select>
	<select id="getCountByActivityAndStore" parameterType="map" resultType="map">	    
	    select DATE_FORMAT(b.create_time,"%Y-%m-%d") as time,count(b.id) as clickCount,count(DISTINCT b.browse_ip) as clickMemberCount
		,count(c.id) as changeCount,count(d.id) as cancelCount
		from bm_write_off c , bm_coupon d, social_qrcode_info a left join bm_activity_browse b
		on  b.channel_type=a.id 
		where DATE_FORMAT(b.create_time,'%Y-%m-%d')>=#{startDate} and  
		#{endDate}>=DATE_FORMAT(b.create_time,'%Y-%m-%d')
		and a.store_id=#{storeId} and a.is_delete=0
		and c.channel_type=a.id
		and d.channel_type=a.id
		GROUP BY DATE_FORMAT(b.create_time,"%Y-%m-%d") 
	</select>
		<select id="getNowCountByUrl" parameterType="map" resultType="map">	    
	  select hour(b.create_time) as time,count(b.id) as clickCount,count(DISTINCT b.click_ip) as clickMemberCount
		from social_qrcode_info a left join social_qrcode_browse b
		on  b.code_id=a.id 
		where DATE_FORMAT(b.create_time,'%Y-%m-%d')=#{startDate}
		and a.id=#{codeId} and a.is_delete=0
		GROUP BY DATE_FORMAT(b.create_time,"%Y-%m-%d %H")
	</select>
	<select id="getCountByUrl" parameterType="map" resultType="map">	    
	    select DATE_FORMAT(b.create_time,"%Y-%m-%d") as time,count(b.id) as clickCount,count(DISTINCT b.click_ip) as clickMemberCount
		from social_qrcode_info a left join social_qrcode_browse b
		on  b.code_id=a.id  
		where DATE_FORMAT(b.create_time,'%Y-%m-%d')>=#{startDate} and  
		#{endDate}>=DATE_FORMAT(b.create_time,'%Y-%m-%d')
		and a.id=#{codeId} and a.is_delete=0
		GROUP BY DATE_FORMAT(b.create_time,"%Y-%m-%d") 
	</select>
	<select id="getNowCountByUrlAndStore" parameterType="map" resultType="map">	    
	   select hour(b.create_time) as time,count(b.id) as clickCount,count(DISTINCT b.click_ip) as clickMemberCount
		from social_qrcode_info a left join social_qrcode_browse b
		on  b.code_id=a.id 
		where DATE_FORMAT(b.create_time,'%Y-%m-%d')=#{startDate}
		and a.store_id=#{storeId} and a.is_delete=0
		GROUP BY DATE_FORMAT(b.create_time,"%Y-%m-%d %H")
	</select>
	<select id="getCountByUrlAndStore" parameterType="map" resultType="map">	    
	   select DATE_FORMAT(b.create_time,"%Y-%m-%d") as time,count(b.id) as clickCount,count(DISTINCT b.click_ip) as clickMemberCount
		from social_qrcode_info a left join social_qrcode_browse b
		on  b.code_id=a.id   
		where DATE_FORMAT(b.create_time,'%Y-%m-%d')>=#{startDate} and  
		#{endDate}>=DATE_FORMAT(b.create_time,'%Y-%m-%d')
		and a.store_id=#{storeId} and a.is_delete=0
		GROUP BY DATE_FORMAT(b.create_time,"%Y-%m-%d") 
	</select>
	<select id="getNowChangeCount" parameterType="map" resultType="map">	    
	 select hour(b.create_time) as time,count(b.id) as changeCount
		from social_qrcode_info a left join bm_coupon b
		on  b.channel_type=a.id 
		where DATE_FORMAT(b.create_time,'%Y-%m-%d')=#{startDate}
		and a.is_delete=0
		and code_type=1
		<if test="storeId!=null and storeId!=''">
		    and a.store_id=#{storeId} 
		</if>
		<if test="codeId!=null and codeId!=''">
		    and a.code_id=#{codeId} 
		</if>
		GROUP BY DATE_FORMAT(b.create_time,"%Y-%m-%d %H")
	</select>
	<select id="getNowClickCount" parameterType="map" resultType="map">	    
	 select hour(b.create_time) as time,count(b.id) as clickCount,count(DISTINCT b.browse_ip) as clickMemberCount
		from social_qrcode_info a left join bm_activity_browse b
		on  b.channel_type=a.id 
		where DATE_FORMAT(b.create_time,'%Y-%m-%d')=#{startDate}
		and a.is_delete=0
		and code_type=1
		<if test="storeId!=null and storeId!=''">
		    and a.store_id=#{storeId} 
		</if>
		<if test="codeId!=null and codeId!=''">
		    and a.code_id=#{codeId} 
		</if>
		GROUP BY DATE_FORMAT(b.create_time,"%Y-%m-%d %H")
	</select>
	<select id="getNowCancelCount" parameterType="map" resultType="map">	    
	 select hour(b.create_time) as time,count(b.id) as cancelCount
		from social_qrcode_info a left join bm_write_off b
		on  b.channel_type=a.id 
		where DATE_FORMAT(b.create_time,'%Y-%m-%d')=#{startDate}
		and a.is_delete=0
		and code_type=1
		<if test="storeId!=null and storeId!=''">
		    and a.store_id=#{storeId} 
		</if>
		<if test="codeId!=null and codeId!=''">
		    and a.code_id=#{codeId} 
		</if>
		GROUP BY DATE_FORMAT(b.create_time,"%Y-%m-%d %H")
	</select>
	<select id="getChangeCount" parameterType="map" resultType="map">	    
	 select DATE_FORMAT(b.create_time,"%Y-%m-%d") as time,count(b.id) as changeCount
		from social_qrcode_info a left join bm_coupon b
		on  b.channel_type=a.id 
		where DATE_FORMAT(b.create_time,'%Y-%m-%d')>=#{startDate} and  
		#{endDate}>=DATE_FORMAT(b.create_time,'%Y-%m-%d')
		and a.is_delete=0
		and code_type=1
		<if test="storeId!=null and storeId!=''">
		    and a.store_id=#{storeId} 
		</if>
		<if test="codeId!=null and codeId!=''">
		    and a.code_id=#{codeId} 
		</if>
		GROUP BY DATE_FORMAT(b.create_time,"%Y-%m-%d ")
	</select>
	<select id="getClickCount" parameterType="map" resultType="map">	    
	 select DATE_FORMAT(b.create_time,"%Y-%m-%d") as time,count(b.id) as clickCount,count(DISTINCT b.browse_ip) as clickMemberCount
		from social_qrcode_info a left join bm_activity_browse b
		on  b.channel_type=a.id 
		where DATE_FORMAT(b.create_time,'%Y-%m-%d')>=#{startDate} and  
		#{endDate}>=DATE_FORMAT(b.create_time,'%Y-%m-%d')
		and a.is_delete=0
		and code_type=1
		<if test="storeId!=null and storeId!=''">
		    and a.store_id=#{storeId} 
		</if>
		<if test="codeId!=null and codeId!=''">
		    and a.code_id=#{codeId} 
		</if>
		GROUP BY DATE_FORMAT(b.create_time,"%Y-%m-%d ")
	</select>
	<select id="getCancelCount" parameterType="map" resultType="map">	    
	 select DATE_FORMAT(b.create_time,"%Y-%m-%d") as time,count(b.id) as cancelCount
		from social_qrcode_info a left join bm_write_off b
		on  b.channel_type=a.id 
		where DATE_FORMAT(b.create_time,'%Y-%m-%d')>=#{startDate} and  
		#{endDate}>=DATE_FORMAT(b.create_time,'%Y-%m-%d')
		and a.is_delete=0
		and code_type=1
		<if test="storeId!=null and storeId!=''">
		    and a.store_id=#{storeId} 
		</if>
		<if test="codeId!=null and codeId!=''">
		    and a.code_id=#{codeId} 
		</if>
		GROUP BY DATE_FORMAT(b.create_time,"%Y-%m-%d ")
	</select>
		<select id="getChangeCountByStore" parameterType="map" resultType="map">	    
	  select c.name,c.id as storeId,a.id as codeId,count(b.id) as changeCount
		from bm_store c,social_qrcode_info a left join bm_coupon b
		on  b.channel_type=a.id 
		and b.create_time>=DATE_FORMAT(#{date},'%Y-%m-%d')
		where a.store_id=c.id
		and a.code_type=1
		and a.is_delete=0
		group by a.store_id
		limit #{startIndex},#{pageSize}
	</select>
	<select id="getClickCountByStore" parameterType="map" resultType="map">	    
	  select c.name,c.id as storeId,a.id as codeId,count(b.id) as clickCount,count(DISTINCT b.browse_ip) as clickMemberCount
		from bm_store c,social_qrcode_info a left join bm_activity_browse b
		on  b.channel_type=a.id 
		and b.create_time>=DATE_FORMAT(#{date},'%Y-%m-%d')
		where a.store_id=c.id
		and a.code_type=1
		and a.is_delete=0
		group by a.store_id
		<if test="clickSort!=null or clickMemberSort!=null">
		     order by 
		</if>
		<if test="clickSort!=null">
		   clickCount ${clickSort}
		</if>
		<if test="clickMemberSort!=null">
		    <if test="clickSort!=null">
		        ,
		    </if>
		    clickMemberCount ${clickMemberSort} 
		</if>
		limit #{startIndex},#{pageSize}
	</select>
	<select id="getCancelCountByStore" parameterType="map" resultType="map">	    
	 select c.name,c.id as storeId,a.id as codeId,count(b.id) as cancelCount
		from bm_store c,social_qrcode_info a left join bm_write_off b
		on  b.channel_type=a.id 
		and b.create_time>=DATE_FORMAT(#{date},'%Y-%m-%d')
		where a.store_id=c.id
		and a.code_type=1
		and a.is_delete=0
		group by a.store_id
		limit #{startIndex},#{pageSize}
	</select>
	<select id="getChangeCountByDetail" parameterType="map" resultType="map">	    
	select a.bind_info,a.id as codeId,count(b.id) as changeCount
		from social_qrcode_info a left join bm_coupon b
		on  b.channel_type=a.id 
		and b.create_time>=DATE_FORMAT(#{date},'%Y-%m-%d')
		where a.code_type=1		
		and a.bind_type=${bindType}
		and a.is_delete=0
		and a.store_id=${storeId}
		group by a.bind_info
		limit #{startIndex},#{pageSize} 
	</select>
	<select id="getClickCountByDetail" parameterType="map" resultType="map">	    
	 select a.bind_info,a.id as codeId,count(b.id) as clickCount,count(DISTINCT b.browse_ip) as clickMemberCount,a.code_info as url
		from social_qrcode_info a left join bm_activity_browse b
		on  b.channel_type=a.id 
		and b.create_time>=DATE_FORMAT(#{date},'%Y-%m-%d')
		where a.code_type=1		
		and a.bind_type=${bindType}
		and a.is_delete=0
		and a.store_id=${storeId}
		group by a.bind_info
		<if test="clickSort!=null or clickMemberSort!=null">
		     order by 
		</if>
		<if test="clickSort!=null">
		   clickCount ${clickSort}
		</if>
		<if test="clickMemberSort!=null">
		    <if test="clickSort!=null">
		        ,
		    </if>
		    clickMemberCount ${clickMemberSort} 
		</if>
		limit #{startIndex},#{pageSize} 
	</select>
	<select id="getCancelCountByDetail" parameterType="map" resultType="map">	    
	 select a.bind_info,a.id as codeId,count(b.id) as cancelCount
		from social_qrcode_info a left join bm_write_off b
		on  b.channel_type=a.id 
		and b.create_time>=DATE_FORMAT(#{date},'%Y-%m-%d')
		where a.code_type=1		
		and a.bind_type=${bindType}
		and a.is_delete=0
		and a.store_id=${storeId}
		group by a.bind_info
		limit #{startIndex},#{pageSize} 
	</select>
</mapper>