<?xml version="1.0" encoding="UTF-8" ?>
<!DOCTYPE mapper PUBLIC "-//mybatis.org//DTD Mapper 3.0//EN" "http://mybatis.org/dtd/mybatis-3-mapper.dtd" >
<mapper namespace="cn.cecook.dao.business.markting.SocialSmsMapper">
	<resultMap id="BaseResultMap" type="cn.cecook.model.business.markting.SocialSms">
		<id column="id" property="id" jdbcType="INTEGER" />
		<result column="uuid" property="uuid" jdbcType="VARCHAR" />
		<result column="tenant_id" property="tenantId" jdbcType="VARCHAR" />
		<result column="is_deleted" property="isDeleted" jdbcType="INTEGER" />
		<result column="create_id" property="createId" jdbcType="BIGINT" />
		<result column="create_time" property="createTime" jdbcType="TIMESTAMP" />
		<result column="order_code" property="orderCode" jdbcType="VARCHAR" />
		<result column="delete_time" property="deleteTime" jdbcType="TIMESTAMP" />
		<result column="remarks" property="remarks" jdbcType="VARCHAR" />
		<result column="attachment" property="attachment" jdbcType="VARCHAR" />
		<result column="name" property="name" jdbcType="VARCHAR" />
		<result column="autograph" property="autograph" jdbcType="VARCHAR" />
		<result column="content" property="content" jdbcType="VARCHAR" />
		<result column="send_time" property="sendTime" jdbcType="VARCHAR" />
		<result column="send_time_type" property="sendTimeType" jdbcType="INTEGER" />
		<result column="tag" property="tag" jdbcType="VARCHAR" />
		<result column="activity_id" property="activityId" jdbcType="BIGINT" />
		<result column="status" property="status" jdbcType="INTEGER" />
		<result column="send_status" property="sendStatus" jdbcType="INTEGER" />
		<result column="send_num" property="sendNum" jdbcType="INTEGER" />
		<result column="send_object" property="sendObject" jdbcType="VARCHAR" />
		<result column="bak1" property="bak1" jdbcType="VARCHAR" />
		<result column="bak2" property="bak2" jdbcType="VARCHAR" />
		<result column="bak3" property="bak3" jdbcType="VARCHAR" />
		<result column="bak4" property="bak4" jdbcType="VARCHAR" />
		<result column="bak5" property="bak5" jdbcType="VARCHAR" />
		<result column="activity_url" property="activity_url" jdbcType="VARCHAR" />
		<result column="non_cause" property="non_cause" jdbcType="VARCHAR" />
		<result column="equivalen_num" property="equivalen_num"
			jdbcType="INTEGER" />
		<result column="send_object_type" property="send_object_type"
			jdbcType="INTEGER" />
		<result column="group_id" property="group_id" jdbcType="VARCHAR" />
        <result column="type" property="type" jdbcType="INTEGER" />
        <result column="template_id" property="templateId" jdbcType="INTEGER" />
	</resultMap>


	<sql id="Base_Column_List">
		id, uuid, tenant_id, is_deleted, create_id, create_time,
		order_code,
		delete_time,
		remarks, attachment, name, autograph, content,
		send_time, tag, activity_id,
		status,
		send_status, send_num, send_object,
		bak1, bak2, bak3, bak4,
		bak5,activity_url,non_cause,equivalen_num,send_object_type,group_id,ifnull(type,0) as type,template_id
	</sql>

	<select id="selectByPrimaryKey" resultMap="BaseResultMap"
		parameterType="java.lang.Integer">
		select
		<include refid="Base_Column_List" />
		from social_sms
		where id = #{id,jdbcType=INTEGER}
	</select>
	<update id="deleteByPrimaryKey" parameterType="java.lang.Integer">
		update social_sms
		set is_deleted=1
		where id = #{id,jdbcType=INTEGER}
	</update>


	<insert id="insertSelective" useGeneratedKeys="true"
		keyProperty="id" parameterType="cn.cecook.model.business.markting.SocialSms">
		insert into social_sms
		<trim prefix="(" suffix=")" suffixOverrides=",">
			<if test="id != null">
				id,
			</if>
			<if test="uuid != null">
				uuid,
			</if>
			<if test="tenantId != null">
				tenant_id,
			</if>
			<if test="isDeleted != null">
				is_deleted,
			</if>
			<if test="createId != null">
				create_id,
			</if>
			<if test="createTime != null">
				create_time,
			</if>
			<if test="orderCode != null">
				order_code,
			</if>
			<if test="deleteTime != null">
				delete_time,
			</if>
			<if test="remarks != null">
				remarks,
			</if>
			<if test="attachment != null">
				attachment,
			</if>
			<if test="name != null">
				name,
			</if>
			<if test="autograph != null">
				autograph,
			</if>
			<if test="content != null">
				content,
			</if>
			<if test="sendTime != null">
				send_time,
			</if>
			<if test="tag != null">
				tag,
			</if>
			<if test="activityId != null">
				activity_id,
			</if>
			<if test="status != null">
				status,
			</if>
			<if test="sendStatus != null">
				send_status,
			</if>
			<if test="sendNum != null">
				send_num,
			</if>
			<if test="sendObject != null">
				send_object,
			</if>
			<if test="bak1 != null">
				bak1,
			</if>
			<if test="bak2 != null">
				bak2,
			</if>
			<if test="bak3 != null">
				bak3,
			</if>
			<if test="bak4 != null">
				bak4,
			</if>
			<if test="bak5 != null">
				bak5,
			</if>
			<if test="activity_url != null">
				activity_url,
			</if>
			<if test="equivalen_num != null">
				equivalen_num,
			</if>
			<if test="send_object_type != null">
				send_object_type,
			</if>
			<if test="group_id != null">
				group_id,
			</if>
            <if test="type != null">
				type,
			</if>
			<if test="templateId != null">
				template_id,
			</if>
		</trim>
		<trim prefix="values (" suffix=")" suffixOverrides=",">
			<if test="id != null">
				#{id,jdbcType=INTEGER},
			</if>
			<if test="uuid != null">
				#{uuid,jdbcType=VARCHAR},
			</if>
			<if test="tenantId != null">
				#{tenantId,jdbcType=VARCHAR},
			</if>
			<if test="isDeleted != null">
				#{isDeleted,jdbcType=INTEGER},
			</if>
			<if test="createId != null">
				#{createId,jdbcType=BIGINT},
			</if>
			<if test="createTime != null">
				#{createTime,jdbcType=TIMESTAMP},
			</if>
			<if test="orderCode != null">
				#{orderCode,jdbcType=VARCHAR},
			</if>
			<if test="deleteTime != null">
				#{deleteTime,jdbcType=TIMESTAMP},
			</if>
			<if test="remarks != null">
				#{remarks,jdbcType=VARCHAR},
			</if>
			<if test="attachment != null">
				#{attachment,jdbcType=VARCHAR},
			</if>
			<if test="name != null">
				#{name,jdbcType=VARCHAR},
			</if>
			<if test="autograph != null">
				#{autograph,jdbcType=VARCHAR},
			</if>
			<if test="content != null">
				#{content,jdbcType=VARCHAR},
			</if>
			<if test="sendTime != null">
				#{sendTime,jdbcType=VARCHAR},
			</if>
			<if test="tag != null">
				#{tag,jdbcType=VARCHAR},
			</if>
			<if test="activityId != null">
				#{activityId,jdbcType=BIGINT},
			</if>
			<if test="status != null">
				#{status,jdbcType=INTEGER},
			</if>
			<if test="sendStatus != null">
				#{sendStatus,jdbcType=INTEGER},
			</if>
			<if test="sendNum != null">
				#{sendNum,jdbcType=INTEGER},
			</if>
			<if test="sendObject != null">
				#{sendObject,jdbcType=VARCHAR},
			</if>
			<if test="bak1 != null">
				#{bak1,jdbcType=VARCHAR},
			</if>
			<if test="bak2 != null">
				#{bak2,jdbcType=VARCHAR},
			</if>
			<if test="bak3 != null">
				#{bak3,jdbcType=VARCHAR},
			</if>
			<if test="bak4 != null">
				#{bak4,jdbcType=VARCHAR},
			</if>
			<if test="bak5 != null">
				#{bak5,jdbcType=VARCHAR},
			</if>
			<if test="activity_url != null">
				#{activity_url,jdbcType=VARCHAR},
			</if>
			<if test="equivalen_num != null">
				#{equivalen_num,jdbcType=INTEGER},
			</if>
			<if test="send_object_type != null">
				#{send_object_type,jdbcType=INTEGER},
			</if>
			<if test="group_id != null">
				#{group_id,jdbcType=VARCHAR},
			</if>
            <if test="type != null">
				#{type,jdbcType=INTEGER},
			</if>
            <if test="templateId != null">
				#{templateId,jdbcType=INTEGER},
			</if>
		</trim>
	</insert>



	<update id="updateByPrimaryKeySelective" parameterType="cn.cecook.model.business.markting.SocialSms">
		update social_sms
		<set>
			<if test="uuid != null">
				uuid = #{uuid,jdbcType=VARCHAR},
			</if>
			<if test="tenantId != null">
				tenant_id = #{tenantId,jdbcType=VARCHAR},
			</if>
			<if test="isDeleted != null">
				is_deleted = #{isDeleted,jdbcType=INTEGER},
			</if>
			<if test="createId != null">
				create_id = #{createId,jdbcType=BIGINT},
			</if>
			<if test="createTime != null">
				create_time = #{createTime,jdbcType=TIMESTAMP},
			</if>
			<if test="orderCode != null">
				order_code = #{orderCode,jdbcType=VARCHAR},
			</if>
			<if test="deleteTime != null">
				delete_time = #{deleteTime,jdbcType=TIMESTAMP},
			</if>
			<if test="remarks != null">
				remarks = #{remarks,jdbcType=VARCHAR},
			</if>
			<if test="attachment != null">
				attachment = #{attachment,jdbcType=VARCHAR},
			</if>
			<if test="name != null">
				name = #{name,jdbcType=VARCHAR},
			</if>
			<if test="autograph != null">
				autograph = #{autograph,jdbcType=VARCHAR},
			</if>
			<if test="content != null">
				content = #{content,jdbcType=VARCHAR},
			</if>
			<if test="sendTime != null">
				send_time = #{sendTime,jdbcType=VARCHAR},
			</if>
			<if test="tag != null">
				tag = #{tag,jdbcType=VARCHAR},
			</if>
			<if test="activityId != null">
				activity_id = #{activityId,jdbcType=BIGINT},

				activity_url=(SELECT web_url from bm_activity WHERE
				id=#{activityId}),
			</if>
			<if test="status != null">
				status = #{status,jdbcType=INTEGER},
			</if>
			<if test="sendStatus != null">
				send_status = #{sendStatus,jdbcType=INTEGER},
			</if>
			<if test="sendNum != null">
				send_num = #{sendNum,jdbcType=INTEGER},
			</if>
			<if test="sendObject != null">
				send_object = #{sendObject,jdbcType=VARCHAR},
			</if>
			<if test="bak1 != null">
				bak1 = #{bak1,jdbcType=VARCHAR},
			</if>
			<if test="bak2 != null">
				bak2 = #{bak2,jdbcType=VARCHAR},
			</if>
			<if test="bak3 != null">
				bak3 = #{bak3,jdbcType=VARCHAR},
			</if>
			<if test="bak4 != null">
				bak4 = #{bak4,jdbcType=VARCHAR},
			</if>
			<if test="bak5 != null">
				bak5 = #{bak5,jdbcType=VARCHAR},
			</if>
			<if test="non_cause != null">
				non_cause = #{non_cause,jdbcType=VARCHAR},
			</if>
			<if test="equivalen_num != null">
				equivalen_num = #{equivalen_num,jdbcType=INTEGER},
			</if>
			<if test="send_object_type != null">
				send_object_type = #{send_object_type,jdbcType=INTEGER},
			</if>
			<if test="group_id != null">
				group_id = #{group_id,jdbcType=VARCHAR},
			</if>
			<if test="sendTimeType != null">
				send_time_type = #{sendTimeType,jdbcType=INTEGER},
			</if>
			<if test="templateId != null">
				template_id = #{templateId,jdbcType=INTEGER},
			</if>
		</set>
		where id = #{id,jdbcType=INTEGER}
	</update>

	<!-- 激活 -->
	<update id="activate" parameterType="java.lang.Integer">
		update social_sms set
		status=1
		where id = #{id,jdbcType=INTEGER}
	</update>
	<!-- 暂停 -->
	<update id="suspend" parameterType="java.lang.Integer">
		update social_sms set
		status=0
		where id = #{id,jdbcType=INTEGER}
	</update>
	<!-- 批量删除 -->
	<update id="deleteBatch">
		update social_sms set is_deleted=1
		where id in
		<foreach item="item" index="index" collection="list" open="("
			separator="," close=")">
			#{item}
		</foreach>
	</update>

	<select id="getDetail" 
		resultType="map">
		select t1.*,t2.name as activityName,t2.web_url as
		activityUrl from social_sms
		t1
		LEFT JOIN bm_activity t2 ON
		t1.activity_id=t2.id
		where
		t1.is_deleted=0 and
		t1.id=#{id}
		<if test="tenant_id!=null and tenant_id!=''">
			cecook2017${tenant_id}
		</if>
	</select>

	<select id="getList" parameterType="map" resultType="map">
		select
		id, uuid, tenant_id, is_deleted, create_id, create_time,
		order_code,
		delete_time,
		remarks, attachment, name, autograph, content,
		send_time, tag, activity_id,
		status,
		send_status,
		send_num,activity_url,non_cause,send_time_type,ifnull(type,0) as type
		from social_sms where is_deleted=0
		<if test="status!=null and status!='' ">
			and send_status=#{status}
		</if>
		<if test="type!=null and type!='' ">
			and type=#{type}
		</if>
		<if test="keyWord!=null and keyWord!=''">
			and name LIKE CONCAT('%',#{keyWord},'%')
		</if>
		<if test="orderBy!=null and orderBy!=''">
			order by ${orderBy}
		</if>

		limit #{startIndex},#{pageSize}
	</select>

	<select id="countTotal" parameterType="map" resultType="java.lang.Integer">

		select
		count(1)
		from social_sms where is_deleted=0
		<if test="status!=null and status!='' ">
			and send_status=#{status}
		</if>
		<if test="keyWord!=null and keyWord!=''">
			and name LIKE CONCAT('%',#{keyWord},'%')
		</if>
        <if test="type!=null and type!='' ">
			and type=#{type}
		</if>
	</select>


	<update id="insertBatch">
		update social_sms set batch=#{batch} where id=#{id}

	</update>


	<select id="smsStatistics" parameterType="map" resultType="map">
		SELECT
			t1.`name`,
			t1.id,
			IFNULL(t4.openNum, 0) AS openNum,
			IFNULL(t7.converNum, 0) AS converNum,
			IFNULL(t10.sendNum, 0) AS sendNum,
			IFNULL(t1.send_time, "") AS sendTime,
			IFNULL(t12.receiveNum, 0) AS receiveNum
		FROM
			social_sms t1
		LEFT JOIN (
			SELECT
				COUNT(1) AS sendNum,
				t9.batch
			FROM
				bm_sms_send t8,
				social_sms t9
			WHERE
				t8.batch = t9.batch
			GROUP BY
				t9.batch
		) t10 ON t10.batch = t1.batch
		LEFT JOIN (
			SELECT
				count(1) AS openNum,
				t3.batch
			FROM
				bm_activity_browse t2,
				social_sms t3
			WHERE
				t2.activity_id = t3.activity_id
			AND t2.sms_batch = t3.batch
			GROUP BY
				t3.batch
		) t4 ON t4.batch = t1.batch
		LEFT JOIN (
			SELECT
				COUNT(t5.id) AS converNum,
				t5.sms_batch AS batch,
				DATE_FORMAT(
					t5.create_time,
					'%Y-%m-%d %T'
				) AS convertTime
			FROM
				bm_coupon t5
			WHERE
				t5.is_deleted = 0
			GROUP BY
				t5.sms_batch
		) t7 ON t7.batch = t1.batch
		LEFT JOIN (
			SELECT
				t11.batch,
				COUNT(1) AS receiveNum
			FROM
				bm_sms_send t11
			WHERE
				state = 'DELIVRD'
			GROUP BY
				t11.batch
		) t12 ON t12.batch = t1.batch
		WHERE
	      t1.is_deleted = 0
		<if test="keyWord!=null and keyWord!=''">
			and t1.name LIKE CONCAT('%',#{keyWord},'%')
		</if>
		<if
			test="startTime!=null and startTime!='' and endTime!=null and endTime!=''">
			and t1.create_time BETWEEN #{startTime}
			and #{endTime}
		</if>
		GROUP BY t1.id
		<if test="orderBy!=null and orderBy!=''">
			order by ${orderBy}
		</if>
		limit
		#{startIndex},#{pageSize}

	</select>

	<select id="countStatisticsTotal" parameterType="map"
		resultType="java.lang.Integer">
		select count(1) from social_sms where is_deleted=0
		<if test="keyWord!=null and keyWord!=''">
			and name LIKE CONCAT('%',#{keyWord},'%')
		</if>
		<if
			test="startTime!=null and startTime!='' and endTime!=null and endTime!=''">
			and create_time BETWEEN #{startTime} and #{endTime}
		</if>

	</select>


	<select id="exportStatistics" parameterType="map"
		resultType="cn.cecook.bean.business.markting.StatisticsBean">
		select t1.`name` ,t1.id,IFNULL(t4.openNum,0) AS
		openNum,IFNULL(t7.converNum,0) AS converNum,IFNULL(t10.sendNum,0) AS
		sendNum,IFNULL(t7.convertTime,"") AS convertTime FROM social_sms t1
		LEFT JOIN (SELECT COUNT(1) AS sendNum,t9.batch FROM bm_sms_send
		t8,social_sms t9 WHERE t8.batch =t9.batch) t10 ON t10.batch=t1.batch
		LEFT JOIN (SELECT count(1) AS openNum,t3.batch FROM bm_activity_browse
		t2,social_sms t3 where t2.activity_id=t3.activity_id AND
		t2.sms_batch=t3.batch) t4 ON t4.batch=t1.batch
		LEFT JOIN (SELECT
		COUNT(1) AS
		converNum,t6.batch,DATE_FORMAT(t5.create_time,'%Y-%m-%d %T') as
		convertTime FROM bm_write_off t5,social_sms t6 WHERE
		t5.sms_batch=t6.batch) t7 ON t7.batch=t1.batch

		WHERE t1.is_deleted=0
		<if test="keyWord!=null and keyWord!=''">
			and name LIKE CONCAT('%',#{keyWord},'%')
		</if>
		<if
			test="startTime!=null and startTime!='' and endTime!=null and endTime!=''">
			and create_time BETWEEN #{startTime} and #{endTime}
		</if>
		GROUP BY t1.id
		<if test="orderBy!=null and orderBy!=''">
			order by #{orderBy}
		</if>


	</select>

	<update id="updateState">
		update social_sms set send_status=#{state}
		<if test="send_time!=null and send_time!=''">
			,send_time=#{send_time}
		</if>
		where id=#{id} cecook2017${tenantId}
	</update>

	<select id="clickList" parameterType="map" resultType="map">

		SELECT
		IFNULL(t3.`name`,"——") AS `name`,IFNULL(t3.phone,"——")
		AS
		phone,IFNULL(t3.email,"——") AS email,IFNULL(t3.gender,"") AS
		gender,IFNULL(t1.browse_ip,"") AS
		ip,IFNULL(DATE_FORMAT(t1.create_time,'%Y-%m-%d %T'),"") AS
		create_time from bm_activity_browse t1
		LEFT JOIN social_sms t2 ON
		t1.sms_batch=t2.batch
		LEFT JOIN bc_customer t3 ON t1.customer_id=t3.id
		WHERE t2.id=#{id}
		order by t1.id desc
		limit #{startIndex},#{pageSize}
	</select>
	<select id="converList" parameterType="map" resultType="map">
		SELECT
		IFNULL(t3.`name`,"——") AS `name`,IFNULL(t3.phone,"——")
		AS
		phone,IFNULL(t3.email,"——") AS email,IFNULL(t3.gender,"") AS
		gender,IFNULL(t3.city,"") AS
		ip,IFNULL(DATE_FORMAT(t1.create_time,'%Y-%m-%d %T'),"") AS
		create_time from bm_coupon t1
		LEFT JOIN social_sms t2 ON
		t1.sms_batch=t2.batch
		LEFT JOIN bc_customer t3 ON t1.customer_id=t3.id
		WHERE t2.id=#{id}
		limit #{startIndex},#{pageSize}
	</select>

	<select id="clickListTotal" parameterType="java.lang.Integer"
		resultType="java.lang.Integer">
		SELECT count(1) from bm_activity_browse t1
		LEFT JOIN
		social_sms t2 ON
		t1.sms_batch=t2.batch
		LEFT JOIN bc_customer t3 ON
		t1.customer_id=t3.id
		WHERE t2.id=#{id}
	</select>
	<select id="converListTotal" parameterType="java.lang.Integer"
		resultType="java.lang.Integer">
		SELECT count(1) from bm_coupon t1
		LEFT JOIN social_sms t2
		ON
		t1.sms_batch=t2.batch
		LEFT JOIN bc_customer t3 ON
		t1.customer_id=t3.id
		WHERE t2.id=#{id}
	</select>
	<!-- 导出转化列表 -->
	<select id="exportConverList" parameterType="java.lang.Integer"
		resultType="cn.cecook.bean.business.markting.ClickFormBean">
		SELECT IFNULL(t3.`name`,"——") AS
		`name`,IFNULL(t3.phone,"——")
		AS
		phone,IFNULL(t3.email,"——") AS
		email,IFNULL(t3.gender,"") AS
		gender,IFNULL(t3.city,"") AS
		ip,IFNULL(DATE_FORMAT(t1.create_time,'%Y-%m-%d %T'),"") AS
		create_time from bm_coupon t1
		LEFT JOIN social_sms t2 ON
		t1.sms_batch=t2.batch
		LEFT JOIN bc_customer t3 ON t1.customer_id=t3.id
		WHERE t2.id=#{id}
	</select>
	<!-- 导出点击列表 -->
	<select id="exportClickList" parameterType="java.lang.Integer"
		resultType="cn.cecook.bean.business.markting.ClickFormBean">

		SELECT IFNULL(t3.`name`,"——") AS
		`name`,IFNULL(t3.phone,"——")
		AS phone,IFNULL(t3.email,"——") AS
		email,IFNULL(t3.gender,"") AS
		gender,IFNULL(t1.browse_ip,"") AS
		ip,IFNULL(DATE_FORMAT(t1.create_time,'%Y-%m-%d %T'),"") AS
		create_time from bm_activity_browse t1
		LEFT JOIN social_sms t2 ON
		t1.sms_batch=t2.batch
		LEFT JOIN bc_customer t3 ON t1.customer_id=t3.id
		WHERE t2.id=#{id}
	</select>

	<!-- 审核未通过 -->
	<update id="NonApproval" parameterType="map">
		update social_sms set
		non_cause=#{cause},send_status=4 where id=#{id} and is_deleted=0
	</update>

	<select id="getState" resultType="java.lang.Integer">
		select ifNull(send_status,0) as send_status from social_sms where id=#{id} and is_deleted=0
		<if test="tenant_id!=null and tenant_id!=''">
			cecook2017${tenant_id}
		</if>
	</select>
	<update id="updateSendObject" parameterType="map">
		update social_sms set send_object=#{sendObj} where id=#{id}
		<if test="tenant_id!=null and tenant_id!=''">
			cecook2017${tenant_id}
		</if>
	</update>
	
	<update id="sendComplete" parameterType="map">
		UPDATE social_sms
		
		SET send_status=#{status},send_time=#{endTime}
		<if test="isTask!=null and isTask==0">
		   ,send_num =#{sendNum}
		</if>
		<if test="isTask!=null and isTask==1">
			,send_num =send_num + #{sendNum}
		</if>
		WHERE
			id = #{id}
		<if test="tenant_id!=null and tenant_id!=''">
			cecook2017${tenant_id}
		</if>	
	</update>
	
	
	<select id="queryContentByIds" resultType="map">
		SELECT
			CONCAT(
				"【",
				autograph,
				"】",
				content
			) AS content,
			activity_url AS url
		FROM
			social_sms
		WHERE is_deleted=0
		And id in 	
		<foreach item="item" index="index" collection="list" open="("
			separator="," close=")">
			#{item}
		</foreach>
	</select>
	
	<update id="updateStstuaByIds" parameterType="map">
	   update social_sms set send_status=#{status} where is_deleted=0 and id in 
	    <foreach item="item" index="index" collection="list" open="("
			separator="," close=")">
			#{item}
		</foreach>
	</update>
	
	<select id="countUnAuditeByTemplateId" resultType="java.lang.Integer">
	   select IFNULL(count(1),0) AS unAuditeNum from social_sms where is_deleted=0 and type=1 and send_status in(0,4) and  template_id=#{templateId}
	</select>
	
	<select id="unAuditIdsByTemplateId" resultType="java.lang.Integer">
	   select id from social_sms where is_deleted=0 and type=1 and send_status in(0,2,4) and  template_id=#{templateId}
	</select>
	
    <select id="getTemplateIdById" resultType="java.lang.Integer">
       select IFNULL(template_id,0) AS template_id from  social_sms where is_deleted=0 and type=1 and id=#{id}
    </select>
    
     <update id="deleteByTemplateId">
       update social_sms set is_deleted=1 where template_id=#{templateId};
    </update>
    
     <select id="getTemplateStatusBySocialSmsId" resultType="java.lang.Integer">
      select t2.is_deleted from social_sms t1, auto_market_template t2 where t1.template_id=t2.id and t1.id=#{id} limit 1
    </select>
</mapper>