<?xml version="1.0" encoding="UTF-8" ?>
<!DOCTYPE mapper PUBLIC "-//mybatis.org//DTD Mapper 3.0//EN" "http://mybatis.org/dtd/mybatis-3-mapper.dtd" >
<mapper namespace="cn.cecook.dao.business.markting.StatisticalReportMapper">
	<select id="cardOpenCount" parameterType="map" resultType="java.lang.Long">
		select count(1) from bm_company_browse 
		<where>
			<if test="startTime != null">
				create_time >= #{startTime}
			</if>
			<if test="endTime != null">
				and create_time &lt;= #{endTime}
			</if>
		</where>
	</select>
	<select id="cardShareCount" parameterType="map" resultType="java.lang.Long">
		select count(1) from bm_card_transmit 
		<where>
			<if test="startTime != null">
				create_time >= #{startTime}
			</if>
			<if test="endTime != null">
				and create_time &lt;= #{endTime}
			</if>
		</where>
	</select>
	<select id="activityOpenCount" parameterType="map" resultType="java.lang.Long">
		select count(1) from bm_activity_browse where card_id>0 
		<if test="startTime != null">
			and create_time >= #{startTime}
		</if>
		<if test="endTime != null">
			and create_time &lt;= #{endTime}
		</if>
	</select>
	<select id="activityCommitCount" parameterType="map" resultType="java.lang.Long">
		select count(1) from bm_coupon where card_id>0 
		<if test="startTime != null">
			and create_time >= #{startTime}
		</if>
		<if test="endTime != null">
			and create_time &lt;= #{endTime}
		</if>
	</select>
	
	<!-- ================================================================================================== -->
	
	<select id="cardOpenCountByDay" parameterType="map" resultType="map">
		select DATE_FORMAT(create_time,'%Y%m%d') day,count(1) count from bm_company_browse 
		<where>
			<if test="startTime != null">
				create_time >= #{startTime}
			</if>
			<if test="endTime != null">
				and create_time &lt;= #{endTime}
			</if>
		</where>
		group by day
	</select>
	<select id="cardShareCountByDay" parameterType="map" resultType="map">
		select DATE_FORMAT(create_time,'%Y%m%d') day,count(1) count from bm_card_transmit 
		<where>
			<if test="startTime != null">
				create_time >= #{startTime}
			</if>
			<if test="endTime != null">
				and create_time &lt;= #{endTime}
			</if>
		</where>
		group by day
	</select>
	<select id="activityOpenCountByDay" parameterType="map" resultType="map">
		select DATE_FORMAT(create_time,'%Y%m%d') day,count(1) count from bm_activity_browse where card_id>0 
		<if test="startTime != null">
			and create_time >= #{startTime}
		</if>
		<if test="endTime != null">
			and create_time &lt;= #{endTime}
		</if>
		group by day
	</select>
	<select id="activityCommitCountByDay" parameterType="map" resultType="map">
		select DATE_FORMAT(create_time,'%Y%m%d') day,count(1) count from bm_coupon where card_id>0 
		<if test="startTime != null">
			and create_time >= #{startTime}
		</if>
		<if test="endTime != null">
			and create_time &lt;= #{endTime}
		</if>
		group by day
	</select>
	
	<!-- ================================================================================================== -->
	
	<select id="cardOpenCountGroupUser" parameterType="map" resultType="map">
		select user_id userId,count(1) count 
		from bm_company_browse t1 left join bm_company_card t2 on t1.card_id=t2.id 
		where t1.create_time >= #{startTime} and t1.create_time &lt;= #{endTime}
			group by user_id order by count desc limit ${top}
	</select>
	<select id="cardShareCountByUserIds" parameterType="map" resultType="map">
		select user_id userId,count(1) count 
		from bm_card_transmit t1 left join bm_company_card t2 on t1.card_id=t2.id 
		where user_id in('${userIds}') and t1.create_time >= #{startTime} and t1.create_time &lt;= #{endTime}
			group by user_id
	</select>
	<select id="activityOpenCountByUserIds" parameterType="map" resultType="map">
		select user_id userId,count(1) count 
		from bm_activity_browse t1 left join bm_company_card t2 on t1.card_id=t2.id
		where user_id in('${userIds}') and t1.create_time >= #{startTime} and t1.create_time &lt;= #{endTime}
			group by user_id
	</select>
	<select id="activityCommitCountByUserIds" parameterType="map" resultType="map">
		select user_id userId,count(1) count 
		from bm_coupon t1 left join bm_company_card t2 on t1.card_id=t2.id
		where user_id in('${userIds}') and t1.create_time >= #{startTime} and t1.create_time &lt;= #{endTime}
			group by user_id
	</select>
	
	<!-- ================================================================================================== -->
	
	<select id="cardOpenCountGroupCity" parameterType="map" resultType="map">
		select city,count(1) count 
		from bm_company_browse t1 
		where t1.create_time >= #{startTime} and t1.create_time &lt;= #{endTime} and t1.card_id>0
			group by city order by count desc limit ${top}
	</select>
	<select id="cardShareCountGroupCity" parameterType="map" resultType="map">
		select city,count(1) count 
		from bm_card_transmit t1 
		where t1.create_time >= #{startTime} and t1.create_time &lt;= #{endTime} and t1.card_id>0
			group by city order by count desc limit ${top}
	</select>
	<select id="activityOpenCountGroupCity" parameterType="map" resultType="map">
		select city,count(1) count 
		from bm_activity_browse t1 
		where t1.create_time >= #{startTime} and t1.create_time &lt;= #{endTime} and t1.card_id>0
			group by city order by count desc limit ${top}
	</select>
	<select id="activityCommitCountGroupCity" parameterType="map" resultType="map">
		select city,count(1) count 
		from bm_coupon t1 
		where t1.create_time >= #{startTime} and t1.create_time &lt;= #{endTime} and t1.card_id>0
			group by city order by count desc limit ${top}
	</select>
	<select id="cardOpenCountByParam" parameterType="map" resultType="long">
		select count(1) from bm_company_browse t1 where t1.create_time >= #{startTime} and t1.create_time &lt;= #{endTime}
	</select>
	<select id="cardShareCountByParam" parameterType="map" resultType="long">
		select count(1) from bm_card_transmit t1 where t1.create_time >= #{startTime} and t1.create_time &lt;= #{endTime}
	</select>
	<select id="activityOpenCountByParam" parameterType="map" resultType="long">
		select count(1) from bm_activity_browse t1 where t1.card_id>0 and t1.create_time >= #{startTime} and t1.create_time &lt;= #{endTime}
	</select>
	<select id="activityCommitCountByParam" parameterType="map" resultType="long">
		select count(1) from bm_coupon t1 where t1.card_id>0 and t1.create_time >= #{startTime} and t1.create_time &lt;= #{endTime}
	</select>
	
	<select id="cardOpenCountGroupStore" parameterType="map" resultType="map">
		SELECT t3.store_id storeId,t4.name storeName,count(1) count
		FROM bm_company_browse t1 LEFT JOIN bm_company_card t2 ON t1.card_id = t2.id
			LEFT JOIN bm_user_store t3 ON t3.user_id = t2.user_id
			LEFT JOIN bm_store t4 ON t3.store_id = t4.id
		where t1.create_time >= #{startTime} and t1.create_time &lt;= #{endTime}
			GROUP BY t3.store_id ORDER BY count DESC limit ${top}
	</select>
	<select id="cardShareCountByStoreIds" parameterType="map" resultType="map">
		SELECT t3.store_id storeId,count(1) count
		FROM bm_card_transmit t1 LEFT JOIN bm_company_card t2 ON t1.card_id = t2.id
			LEFT JOIN bm_user_store t3 ON t3.user_id = t2.user_id
		where t3.store_id in('${storeIds}') t1.create_time >= #{startTime} and t1.create_time &lt;= #{endTime}
			GROUP BY t3.store_id ORDER BY count DESC
	</select>
	<select id="activityOpenCountByStoreIds" parameterType="map" resultType="map">
		SELECT t3.store_id storeId,count(1) count
		FROM bm_activity_browse t1 LEFT JOIN bm_company_card t2 ON t1.card_id = t2.id
			LEFT JOIN bm_user_store t3 ON t3.user_id = t2.user_id
		where t3.store_id in('${storeIds}') t1.create_time >= #{startTime} and t1.create_time &lt;= #{endTime}
			GROUP BY t3.store_id ORDER BY count DESC
	</select>
	<select id="activityCommitCountByStoreIds" parameterType="map" resultType="map">
		SELECT t3.store_id storeId,count(1) count
		FROM bm_coupon t1 LEFT JOIN bm_company_card t2 ON t1.card_id = t2.id
			LEFT JOIN bm_user_store t3 ON t3.user_id = t2.user_id
		where t3.store_id in('${storeIds}') t1.create_time >= #{startTime} and t1.create_time &lt;= #{endTime}
			GROUP BY t3.store_id ORDER BY count DESC
	</select>
	
	<select id="listDeptUserRelation" parameterType="map" resultType="map">
		SELECT t1.name deptName,GROUP_CONCAT(t2.id) userIds 
		FROM sys_department t1 LEFT JOIN sys_user t2 ON t2.department_id = t1.id
		where t1.tenant_id=#{tenantId}
			GROUP BY t1.id 
	</select>
	
	<select id="getPageGroupUser" parameterType="map" resultType="map">
		SELECT t1.user_id userId,
			(select count(1) from bm_company_browse a where a.card_id=t1.id 
				<if test="startTime != null">and a.create_time >= #{startTime}</if>
				<if test="endTime != null">and a.create_time &lt;= #{endTime}</if>
			) cardOpenCount,
			(select count(1) from bm_card_transmit a where a.card_id=t1.id
				<if test="startTime != null">and a.create_time >= #{startTime}</if>
				<if test="endTime != null">and a.create_time &lt;= #{endTime}</if>
			) cardShareCount,
			(select count(1) from bm_activity_browse a where a.card_id=t1.id
				<if test="startTime != null">and a.create_time >= #{startTime}</if>
				<if test="endTime != null">and a.create_time &lt;= #{endTime}</if>
			) activityOpenCount,
			(select count(1) from bm_coupon a where a.card_id=t1.id
				<if test="startTime != null">and a.create_time >= #{startTime}</if>
				<if test="endTime != null">and a.create_time &lt;= #{endTime}</if>
			) activityCommitCount
		FROM bm_company_card t1
		WHERE is_deleted=0 and t1.user_id>0
		GROUP BY t1.user_id 
		<if test="orderBy != null">
			ORDER BY ${orderBy} 
		</if>
		limit ${startIndex}, ${pageSize}
	</select>
	
	<select id="getPageGroupStore" parameterType="map" resultType="map">
		SELECT t3.name storeName,
			(select count(1) from bm_company_browse a where a.card_id=t1.id 
				<if test="startTime != null">and a.create_time >= #{startTime}</if>
				<if test="endTime != null">and a.create_time &lt;= #{endTime}</if>
			) cardOpenCount,
			(select count(1) from bm_card_transmit a where a.card_id=t1.id
				<if test="startTime != null">and a.create_time >= #{startTime}</if>
				<if test="endTime != null">and a.create_time &lt;= #{endTime}</if>
			) cardShareCount,
			(select count(1) from bm_activity_browse a where a.card_id=t1.id
				<if test="startTime != null">and a.create_time >= #{startTime}</if>
				<if test="endTime != null">and a.create_time &lt;= #{endTime}</if>
			) activityOpenCount,
			(select count(1) from bm_coupon a where a.card_id=t1.id
				<if test="startTime != null">and a.create_time >= #{startTime}</if>
				<if test="endTime != null">and a.create_time &lt;= #{endTime}</if>
			) activityCommitCount
		FROM bm_company_card t1 LEFT JOIN bm_user_store t2 ON t1.user_id=t2.user_id
		LEFT JOIN bm_store t3 on t3.id=t2.store_id
		WHERE t1.is_deleted=0 and t2.is_deleted=0
		GROUP BY t2.store_id
		<if test="orderBy != null">
			ORDER BY ${orderBy} 
		</if>
		limit ${startIndex}, ${pageSize}
	</select>
	
	<select id="getPageGroupActivity" parameterType="map" resultType="map">
		select t1.name activityName,
			(select count(1) from bm_activity_browse a where a.activity_id=t1.id 
				<if test="startTime != null">and a.create_time >= #{startTime}</if>
				<if test="endTime != null">and a.create_time &lt;= #{endTime}</if>
			) activityOpenCount,
			(select count(1) from bm_coupon a where a.activity_id=t1.id 
				<if test="startTime != null">and a.create_time >= #{startTime}</if>
				<if test="endTime != null">and a.create_time &lt;= #{endTime}</if>
			) activityCommitCount 
		from bm_activity t1 
		where t1.is_deleted=0
		<if test="orderBy != null">
			ORDER BY ${orderBy} 
		</if>
		limit ${startIndex}, ${pageSize}
	</select>
	
	<select id="getPageCardMember" parameterType="map" resultType="map">
		SELECT
			t1.id couponId,t2.id memberId,t1.activity_name activityName,t1.contacted contacted,t2.name name,
			t2.phone phone,t2.gender gender,t2.email email,
			(select a.user_id from bm_company_card a where a.id=t1.card_id) userId
		FROM bm_coupon t1 LEFT JOIN bc_customer t2 ON t2.id = t1.customer_id
		WHERE t1.is_deleted=0 and t2.is_deleted=0 and t1.card_id > 0
			<if test="contacted != null">
				and t1.contacted = #{contacted}
			</if>
			<if test="name != null">
				and t2.name = '${name}'
			</if>
		limit ${startIndex}, ${pageSize}
	</select>
	<select id="getPageCardMemberCount" parameterType="map" resultType="long">
		SELECT count(1)
		FROM bm_coupon t1 LEFT JOIN bc_customer t2 ON t2.id = t1.customer_id 
		WHERE t1.is_deleted=0 and t1.card_id > 0
			<if test="contacted != null">
				and t1.contacted = #{contacted}
			</if>
			<if test="name != null">
				and t2.name = '${name}'
			</if>
	</select>
	<select id="listCardMember" resultType="map">
		SELECT
			t1.id couponId,t2.id memberId,t1.activity_name activityName,t1.contacted contacted,t2.name name,
			t2.phone phone,t2.gender gender,t2.email email,
			(select a.user_id from bm_company_card a where a.id=t1.card_id) userId
		FROM bm_coupon t1 LEFT JOIN bc_customer t2 ON t2.id = t1.customer_id
		WHERE t1.is_deleted=0 and t2.is_deleted=0 and t1.card_id > 0
	</select>
	
	<update id="markContacted" parameterType="int">
		update bm_coupon set contacted=1 where id=#{id}
	</update>
</mapper>