<?xml version="1.0" encoding="UTF-8" ?>
<!DOCTYPE mapper PUBLIC "-//mybatis.org//DTD Mapper 3.0//EN" "http://mybatis.org/dtd/mybatis-3-mapper.dtd" >
<mapper namespace="cn.cecook.dao.business.markting.SysTenantDatabaseMapper">
	<resultMap id="BaseResultMap" type="cn.cecook.model.business.markting.SysTenantDatabase">
		<id column="id" property="id" jdbcType="INTEGER" />
		<result column="uuid" property="uuid" jdbcType="VARCHAR" />
		<result column="tenant_id" property="tenantId" jdbcType="VARCHAR" />
		<result column="is_deleted" property="isDeleted" jdbcType="INTEGER" />
		<result column="create_time" property="createTime" jdbcType="TIMESTAMP" />
		<result column="delete_time" property="deleteTime" jdbcType="TIMESTAMP" />
		<result column="schema_name" property="database" jdbcType="VARCHAR" />
		<result column="bak1" property="bak1" jdbcType="VARCHAR" />
		<result column="bak2" property="bak2" jdbcType="VARCHAR" />
		<result column="bak3" property="bak3" jdbcType="VARCHAR" />
		<result column="bak4" property="bak4" jdbcType="VARCHAR" />
		<result column="bak5" property="bak5" jdbcType="VARCHAR" />
	</resultMap>

	<sql id="Base_Column_List">
		id, uuid, tenant_id, is_deleted, create_time, delete_time, schema_name,
		bak1, bak2,
		bak3, bak4, bak5
	</sql>

	<select id="selectByPrimaryKey" resultMap="BaseResultMap"
		parameterType="java.lang.Integer">
		select
		<include refid="Base_Column_List" />
		from sys_tenant_database
		where id = #{id,jdbcType=INTEGER}
	</select>
	<update id="deleteByPrimaryKey" parameterType="java.lang.String">
		update sys_tenant_database set is_deleted=1,delete_time=now()
		where tenant_id = #{tenant_id}
	</update>

	<insert id="insertSelective" parameterType="cn.cecook.model.business.markting.SysTenantDatabase">
		insert into sys_tenant_database
		<trim prefix="(" suffix=")" suffixOverrides=",">
			<if test="id != null">
				id,
			</if>
			<if test="uuid != null">
				uuid,
			</if>
			<if test="tenantId != null">
				tenant_id,
			</if>
			<if test="isDeleted != null">
				is_deleted,
			</if>
			<if test="createTime != null">
				create_time,
			</if>
			<if test="deleteTime != null">
				delete_time,
			</if>
			<if test="database != null">
				schema_name,
			</if>
			<if test="bak1 != null">
				bak1,
			</if>
			<if test="bak2 != null">
				bak2,
			</if>
			<if test="bak3 != null">
				bak3,
			</if>
			<if test="bak4 != null">
				bak4,
			</if>
			<if test="bak5 != null">
				bak5,
			</if>
		</trim>
		<trim prefix="values (" suffix=")" suffixOverrides=",">
			<if test="id != null">
				#{id,jdbcType=INTEGER},
			</if>
			<if test="uuid != null">
				#{uuid,jdbcType=VARCHAR},
			</if>
			<if test="tenantId != null">
				#{tenantId,jdbcType=VARCHAR},
			</if>
			<if test="isDeleted != null">
				#{isDeleted,jdbcType=INTEGER},
			</if>
			<if test="createTime != null">
				#{createTime,jdbcType=TIMESTAMP},
			</if>
			<if test="deleteTime != null">
				#{deleteTime,jdbcType=TIMESTAMP},
			</if>
			<if test="database != null">
				#{database,jdbcType=VARCHAR},
			</if>
			<if test="bak1 != null">
				#{bak1,jdbcType=VARCHAR},
			</if>
			<if test="bak2 != null">
				#{bak2,jdbcType=VARCHAR},
			</if>
			<if test="bak3 != null">
				#{bak3,jdbcType=VARCHAR},
			</if>
			<if test="bak4 != null">
				#{bak4,jdbcType=VARCHAR},
			</if>
			<if test="bak5 != null">
				#{bak5,jdbcType=VARCHAR},
			</if>
		</trim>
	</insert>


	<update id="updateByPrimaryKeySelective" parameterType="cn.cecook.model.business.markting.SysTenantDatabase">
		update sys_tenant_database
		<set>
			<if test="uuid != null">
				uuid = #{uuid,jdbcType=VARCHAR},
			</if>
			<if test="tenantId != null">
				tenant_id = #{tenantId,jdbcType=VARCHAR},
			</if>
			<if test="isDeleted != null">
				is_deleted = #{isDeleted,jdbcType=INTEGER},
			</if>
			<if test="createTime != null">
				create_time = #{createTime,jdbcType=TIMESTAMP},
			</if>
			<if test="deleteTime != null">
				delete_time = #{deleteTime,jdbcType=TIMESTAMP},
			</if>
			<if test="database != null">
				schema_name = #{database,jdbcType=VARCHAR},
			</if>
			<if test="bak1 != null">
				bak1 = #{bak1,jdbcType=VARCHAR},
			</if>
			<if test="bak2 != null">
				bak2 = #{bak2,jdbcType=VARCHAR},
			</if>
			<if test="bak3 != null">
				bak3 = #{bak3,jdbcType=VARCHAR},
			</if>
			<if test="bak4 != null">
				bak4 = #{bak4,jdbcType=VARCHAR},
			</if>
			<if test="bak5 != null">
				bak5 = #{bak5,jdbcType=VARCHAR},
			</if>
		</set>
		where id = #{id,jdbcType=INTEGER}
	</update>

	<select id="getTenantSchema" parameterType="java.lang.String"
		resultType="java.lang.String">
		select schema_name from sys_tenant_database where tenant_id=#{tenant_id} and
		is_deleted=0
	</select>
	<select id="getTenantNum" parameterType="java.lang.String"
		resultType="java.lang.Integer">
		select IFNULL(id,0) AS id from sys_tenant_database where tenant_id=#{tenant_id} and
		is_deleted=0
	</select>


	<select id="getLastID" resultType="java.lang.Integer">
		select id from
		sys_tenant_database ORDER BY id DESC LIMIT 1
	</select>

	<select id="sameName" resultType="java.lang.Integer"
		parameterType="java.lang.String">
		select count(id) from sys_tenant_database where
		schema_name=#{name};
	</select>
<!-- 查询所有租户的租户id -->
	<select id="tenantIdList" resultType="java.lang.String">
		select tenant_id from sys_tenant_database where is_deleted=0

	</select>

</mapper>