<?xml version="1.0" encoding="UTF-8" ?>
<!DOCTYPE mapper PUBLIC "-//mybatis.org//DTD Mapper 3.0//EN" "http://mybatis.org/dtd/mybatis-3-mapper.dtd" >
<mapper namespace="cn.cecook.dao.business.markting.TempMapper">

	<select id="ListTempCustomer" resultType="map">
		select id,phone from temp_customer where is_deleted=0;
	</select>
	<insert id="insertCoupon" parameterType="cn.cecook.model.business.markting.BmCoupon">
		insert into bm_coupon
		<trim prefix="(" suffix=")" suffixOverrides=",">
			<if test="id != null">
				id,
			</if>
			<if test="uuid != null">
				uuid,
			</if>
			<if test="tenantId != null">
				tenant_id,
			</if>
			<if test="isDeleted != null">
				is_deleted,
			</if>
			<if test="createId != null">
				create_id,
			</if>
			<if test="createTime != null">
				create_time,
			</if>
			<if test="orderCode != null">
				order_code,
			</if>
			<if test="deleteTime != null">
				delete_time,
			</if>
			<if test="remarks != null">
				remarks,
			</if>
			<if test="attachment != null">
				attachment,
			</if>
			<if test="describe != null">
				describe,
			</if>
			<if test="expiryDate != null">
				expiry_date,
			</if>
			<if test="faceValue != null">
				face_value,
			</if>
			<if test="faceValueType != null">
				face_value_type,
			</if>
			<if test="type != null">
				type,
			</if>
			<if test="isUsed != null">
				is_used,
			</if>
			<if test="usingTime != null">
				using_time,
			</if>
			<if test="bak1 != null">
				bak1,
			</if>
			<if test="bak2 != null">
				bak2,
			</if>
			<if test="bak3 != null">
				bak3,
			</if>
			<if test="bak4 != null">
				bak4,
			</if>
			<if test="bak5 != null">
				bak5,
			</if>
			<if test="activityId != null">
				activity_id,
			</if>
			<if test="activityName != null">
				activity_name,
			</if>
			<if test="customerName != null">
				customer_name,
			</if>
			<if test="customerId != null">
				customer_id,
			</if>
			<if test="customerPhone != null">
				customer_phone,
			</if>
			<if test="receiveWay != null">
				receive_way,
			</if>
			<if test="couponCode != null">
				coupon_code,
			</if>
			<if test="send_status != null">
				send_status,
			</if>
			<if test="activity_type != null">
				activity_type,
			</if>
			<if test="couponName != null">
				coupon_name,
			</if>
			<if test="sms_batch != null">
				sms_batch,
			</if>
			<if test="couponId != null">
				couponId
			</if>
		</trim>
		<trim prefix="values (" suffix=")" suffixOverrides=",">
			<if test="id != null">
				#{id,jdbcType=INTEGER},
			</if>
			<if test="uuid != null">
				#{uuid,jdbcType=VARCHAR},
			</if>
			<if test="tenantId != null">
				#{tenantId,jdbcType=VARCHAR},
			</if>
			<if test="isDeleted != null">
				#{isDeleted,jdbcType=INTEGER},
			</if>
			<if test="createId != null">
				#{createId,jdbcType=BIGINT},
			</if>
			<if test="createTime != null">
				#{createTime,jdbcType=TIMESTAMP},
			</if>
			<if test="orderCode != null">
				#{orderCode,jdbcType=VARCHAR},
			</if>
			<if test="deleteTime != null">
				#{deleteTime,jdbcType=TIMESTAMP},
			</if>
			<if test="remarks != null">
				#{remarks,jdbcType=VARCHAR},
			</if>
			<if test="attachment != null">
				#{attachment,jdbcType=VARCHAR},
			</if>
			<if test="describe != null">
				#{describe,jdbcType=VARCHAR},
			</if>
			<if test="expiryDate != null">
				#{expiryDate,jdbcType=TIMESTAMP},
			</if>
			<if test="faceValue != null">
				#{faceValue,jdbcType=DOUBLE},
			</if>
			<if test="faceValueType != null">
				#{faceValueType,jdbcType=VARCHAR},
			</if>
			<if test="type != null">
				#{type,jdbcType=INTEGER},
			</if>
			<if test="isUsed != null">
				#{isUsed,jdbcType=INTEGER},
			</if>
			<if test="usingTime != null">
				#{usingTime,jdbcType=TIMESTAMP},
			</if>
			<if test="bak1 != null">
				#{bak1,jdbcType=VARCHAR},
			</if>
			<if test="bak2 != null">
				#{bak2,jdbcType=VARCHAR},
			</if>
			<if test="bak3 != null">
				#{bak3,jdbcType=VARCHAR},
			</if>
			<if test="bak4 != null">
				#{bak4,jdbcType=VARCHAR},
			</if>
			<if test="bak5 != null">
				#{bak5,jdbcType=VARCHAR},
			</if>
			<if test="activityId != null">
				#{activityId,jdbcType=BIGINT},
			</if>
			<if test="activityName != null">
				#{activityName,jdbcType=VARCHAR},
			</if>
			<if test="customerName != null">
				#{customerName,jdbcType=VARCHAR},
			</if>
			<if test="customerId != null">
				#{customerId,jdbcType=BIGINT},
			</if>
			<if test="customerPhone != null">
				#{customerPhone,jdbcType=VARCHAR},
			</if>
			<if test="receiveWay != null">
				#{receiveWay,jdbcType=VARCHAR},
			</if>
			<if test="couponCode != null">
				#{couponCode,jdbcType=VARCHAR},
			</if>
			<if test="send_status != null">
				#{send_status,jdbcType=INTEGER},
			</if>
			<if test="activity_type != null">
				#{activity_type,jdbcType=INTEGER},
			</if>
			<if test="couponName != null">
				#{couponName,jdbcType=VARCHAR},
			</if>
			<if test="sms_batch != null">
				#{sms_batch,jdbcType=VARCHAR},
			</if>
			<if test="couponId != null">
				#{couponId,jdbcType=INTEGER}
			</if>
		</trim>
		cecook2017${tenantId}
	</insert>
</mapper>