<?xml version="1.0" encoding="UTF-8" ?>
<!DOCTYPE mapper PUBLIC "-//mybatis.org//DTD Mapper 3.0//EN" "http://mybatis.org/dtd/mybatis-3-mapper.dtd" >
<mapper namespace="cn.cecook.dao.business.markting.ThirdpartyCouponModelMapper" >
  <resultMap id="BaseResultMap" type="cn.cecook.model.business.markting.ThirdPartyCouponModel" >
    <id column="id" property="id" jdbcType="INTEGER" />
    <result column="create_time" property="createTime" jdbcType="TIMESTAMP" />
    <result column="tenant_id" property="tenantId" jdbcType="VARCHAR" />
    <result column="uuid" property="uuid" jdbcType="VARCHAR" />
    <result column="is_deleted" property="isDeleted" jdbcType="INTEGER" />
    <result column="name" property="name" jdbcType="VARCHAR" />
    <result column="face_value" property="faceValue" jdbcType="INTEGER" />
    <result column="limit_price" property="limitPrice" jdbcType="INTEGER" />
    <result column="start_time" property="startTime" jdbcType="TIMESTAMP" />
    <result column="end_time" property="endTime" jdbcType="TIMESTAMP" />
    <result column="status" property="status" jdbcType="INTEGER" />
    <result column="num" property="num" jdbcType="INTEGER" />
    <result column="notify_status" property="notifyStatus" jdbcType="BOOLEAN" />
  </resultMap>
  <sql id="Base_Column_List" >
    id, create_time, tenant_id, uuid, is_deleted, name, face_value, limit_price, start_time, 
    end_time,status,num,notify_status
  </sql>
  <select id="selectByPrimaryKey" resultMap="BaseResultMap"  >
    select 
    <include refid="Base_Column_List" />
    from thirdparty_coupon_model
    where id = #{modelId,jdbcType=INTEGER} and is_deleted=0
    
    <if test="tenantId != null">
    cecook2017${tenantId}
    </if>
  </select>
  
   <select id="getDetailByName" resultMap="BaseResultMap"  >
    select 
    <include refid="Base_Column_List" />
    from thirdparty_coupon_model 
    where is_deleted=0 and name = #{name}
  </select>
  
  <delete id="deleteByPrimaryKey" parameterType="java.lang.Integer" >
    delete from thirdparty_coupon_model
    where id = #{id,jdbcType=INTEGER}
  </delete>
  
  <insert id="insertSelective" parameterType="cn.cecook.model.business.markting.ThirdPartyCouponModel" >
    insert into thirdparty_coupon_model
    <trim prefix="(" suffix=")" suffixOverrides="," >
      <if test="id != null" >
        id,
      </if>
      <if test="createTime != null" >
        create_time,
      </if>
      <if test="tenantId != null" >
        tenant_id,
      </if>
      <if test="uuid != null" >
        uuid,
      </if>
      <if test="isDeleted != null" >
        is_deleted,
      </if>
      <if test="name != null" >
        name,
      </if>
      <if test="faceValue != null" >
        face_value,
      </if>
      <if test="limitPrice != null" >
        limit_price,
      </if>
      <if test="startTime != null" >
        start_time,
      </if>
      <if test="endTime != null" >
        end_time,
      </if>
      <if test="status != null" >
        status,
      </if>
      <if test="num != null" >
        num,
      </if>
      <if test="notifyStatus != null" >
        notify_status,
      </if>
    </trim>
    <trim prefix="values (" suffix=")" suffixOverrides="," >
      <if test="id != null" >
        #{id,jdbcType=INTEGER},
      </if>
      <if test="createTime != null" >
        #{createTime,jdbcType=TIMESTAMP},
      </if>
      <if test="tenantId != null" >
        #{tenantId,jdbcType=VARCHAR},
      </if>
      <if test="uuid != null" >
        #{uuid,jdbcType=VARCHAR},
      </if>
      <if test="isDeleted != null" >
        #{isDeleted,jdbcType=INTEGER},
      </if>
      <if test="name != null" >
        #{name,jdbcType=VARCHAR},
      </if>
      <if test="faceValue != null" >
        #{faceValue,jdbcType=INTEGER},
      </if>
      <if test="limitPrice != null" >
        #{limitPrice,jdbcType=INTEGER},
      </if>
      <if test="startTime != null" >
        #{startTime,jdbcType=TIMESTAMP},
      </if>
      <if test="endTime != null" >
        #{endTime,jdbcType=TIMESTAMP},
      </if>
      <if test="status != null" >
        #{status,jdbcType=INTEGER},
      </if>
      <if test="num != null" >
        #{num,jdbcType=INTEGER},
      </if>
       <if test="notifyStatus != null" >
        #{notifyStatus,jdbcType=BOOLEAN},
      </if>
    </trim>
  </insert>
  <update id="updateByPrimaryKeySelective" parameterType="cn.cecook.model.business.markting.ThirdPartyCouponModel" >
    update thirdparty_coupon_model
    <set >
      <if test="createTime != null" >
        create_time = #{createTime,jdbcType=TIMESTAMP},
      </if>
      <if test="tenantId != null" >
        tenant_id = #{tenantId,jdbcType=VARCHAR},
      </if>
      <if test="uuid != null" >
        uuid = #{uuid,jdbcType=VARCHAR},
      </if>
      <if test="isDeleted != null" >
        is_deleted = #{isDeleted,jdbcType=INTEGER},
      </if>
      <if test="name != null" >
        name = #{name,jdbcType=VARCHAR},
      </if>
      <if test="faceValue != null" >
        face_value = #{faceValue,jdbcType=INTEGER},
      </if>
      <if test="limitPrice != null" >
        limit_price = #{limitPrice,jdbcType=INTEGER},
      </if>
      <if test="startTime != null" >
        start_time = #{startTime,jdbcType=TIMESTAMP},
      </if>
      <if test="endTime != null" >
        end_time = #{endTime,jdbcType=TIMESTAMP},
      </if>
      <if test="status != null" >
        status = #{status,jdbcType=INTEGER},
      </if>
      <if test="num != null" >
        num = #{num,jdbcType=INTEGER},
      </if>
      <if test="notifyStatus != null" >
        notify_status = #{notifyStatus,jdbcType=BOOLEAN},
      </if>
    </set>
    where id = #{id,jdbcType=INTEGER}
    
    <if test="tenantId != null">
     cecook2017${tenantId}
    </if>
  </update>
  
  <select id="listThirdPartyCouponModel" parameterType="cn.cecook.model.business.markting.ThirdPartyCouponModelParam" resultMap="BaseResultMap">
    select 
    <include refid="Base_Column_List" />
    from thirdparty_coupon_model
    where is_deleted=0
    <if test="status == 1">
      and status in (1,2)
    </if>
    
    <if test="nameLike != null and nameLike != ''"> 
      and  name LIKE CONCAT('%',#{nameLike},'%')
    </if>
    <if test="startTime != null and startTime != ''">
      and DATE_FORMAT(create_time,'%Y-%m-%d') &gt;= #{startTime}
    </if>
    <if test="endTime != null and endTime != ''">
      and DATE_FORMAT(create_time,'%Y-%m-%d') &lt;= #{endTime}
    </if>
    <if test="orderBy != null">
      order by ${orderBy}
    </if>
    limit ${startIndex},${pageSize}
  </select>
  
  <select id="countThirdPartyCouponModel" parameterType="cn.cecook.model.business.markting.ThirdPartyCouponModelParam" resultType="java.lang.Integer">
    select count(1) from thirdparty_coupon_model
    where is_deleted=0
    <if test="status == 1">
      and status in (1,2)
    </if>
    <if test="nameLike != null and nameLike != ''"> 
      and  name LIKE CONCAT('%',#{nameLike},'%')
    </if>
    <if test="startTime != null and startTime!= ''">
      and DATE_FORMAT(create_time,'%Y-%m-%d') &gt;= #{startTime}
    </if>
    <if test="endTime != null and endTime != ''">
      and DATE_FORMAT(create_time,'%Y-%m-%d') &lt;= #{endTime}
    </if>
  </select>
  
  
  <update id="updateModelStatusByBatch">
     update thirdparty_coupon_model set status=2 where id in
          <foreach item="item" index="index" collection="list" open="("
			separator="," close=")">
		 	#{item}
		  </foreach>
  
  </update>
  
  <select id="modelListByIds" parameterType="map" resultMap="BaseResultMap">
     select 
     <include refid="Base_Column_List" />
      from thirdparty_coupon_model where is_deleted=0 and id in
      <foreach item="item" index="index" collection="list" open="("
		separator="," close=")">
	 	#{item}
	  </foreach>
	 <if test="tenant_id != null">
	  cecook2017${tenant_id}
	 </if>
	    
  </select>
  
  
</mapper>