<?xml version="1.0" encoding="UTF-8" ?>
<!DOCTYPE mapper PUBLIC "-//mybatis.org//DTD Mapper 3.0//EN" "http://mybatis.org/dtd/mybatis-3-mapper.dtd" >
<mapper namespace="cn.cecook.dao.business.markting.ThirdpartyCouponMapper" >
  <resultMap id="BaseResultMap" type="cn.cecook.model.business.markting.ThirdPartyCoupon" >
    <id column="id" property="id" jdbcType="INTEGER" />
    <result column="is_deleted" property="isDeleted" jdbcType="INTEGER" />
    <result column="name" property="name" jdbcType="VARCHAR" />
    <result column="face_value" property="faceValue" jdbcType="INTEGER" />
    <result column="limit_price" property="limitPrice" jdbcType="INTEGER" />
    <result column="coupon_code" property="couponCode" jdbcType="VARCHAR" />
    <result column="start_time" property="startTime" jdbcType="TIMESTAMP" />
    <result column="end_time" property="endTime" jdbcType="TIMESTAMP" />
    <result column="status" property="status" jdbcType="INTEGER" />
    <result column="model_id" property="modelId" jdbcType="INTEGER" />
    <result column="create_time" property="createTime" jdbcType="TIMESTAMP" />
    <result column="uuid" property="uuid" jdbcType="VARCHAR" />
    <result column="tenant_id" property="tenantId" jdbcType="VARCHAR" />
  </resultMap>
  <sql id="Base_Column_List" >
    id, is_deleted, name, face_value, limit_price, coupon_code, start_time, end_time, 
    status, model_id, create_time, uuid, tenant_id
  </sql>
  <select id="selectByPrimaryKey" resultMap="BaseResultMap" parameterType="java.lang.Integer" >
    select 
    <include refid="Base_Column_List" />
    from thirdparty_coupon
    where id = #{id,jdbcType=INTEGER}
    limit 1;
    <if test="tenantId != null ">
      cecook2017${tenantId}
    </if>
  </select>
  <delete id="deleteByPrimaryKey" parameterType="java.lang.Integer" >
    delete from thirdparty_coupon
    where id = #{id,jdbcType=INTEGER}
  </delete>
  
  <insert id="insertSelective" parameterType="cn.cecook.model.business.markting.ThirdPartyCoupon" >
    insert into thirdparty_coupon
    <trim prefix="(" suffix=")" suffixOverrides="," >
      <if test="id != null" >
        id,
      </if>
      <if test="isDeleted != null" >
        is_deleted,
      </if>
      <if test="name != null" >
        name,
      </if>
      <if test="faceValue != null" >
        face_value,
      </if>
      <if test="limitPrice != null" >
        limit_price,
      </if>
      <if test="couponCode != null" >
        coupon_code,
      </if>
      <if test="startTime != null" >
        start_time,
      </if>
      <if test="endTime != null" >
        end_time,
      </if>
      <if test="status != null" >
        status,
      </if>
      <if test="modelId != null" >
        model_id,
      </if>
      <if test="createTime != null" >
        create_time,
      </if>
      <if test="uuid != null" >
        uuid,
      </if>
      <if test="tenantId != null" >
        tenant_id,
      </if>
    </trim>
    <trim prefix="values (" suffix=")" suffixOverrides="," >
      <if test="id != null" >
        #{id,jdbcType=INTEGER},
      </if>
      <if test="isDeleted != null" >
        #{isDeleted,jdbcType=INTEGER},
      </if>
      <if test="name != null" >
        #{name,jdbcType=VARCHAR},
      </if>
      <if test="faceValue != null" >
        #{faceValue,jdbcType=INTEGER},
      </if>
      <if test="limitPrice != null" >
        #{limitPrice,jdbcType=INTEGER},
      </if>
      <if test="couponCode != null" >
        #{couponCode,jdbcType=VARCHAR},
      </if>
      <if test="startTime != null" >
        #{startTime,jdbcType=TIMESTAMP},
      </if>
      <if test="endTime != null" >
        #{endTime,jdbcType=TIMESTAMP},
      </if>
      <if test="status != null" >
        #{status,jdbcType=INTEGER},
      </if>
      <if test="modelId != null" >
        #{modelId,jdbcType=INTEGER},
      </if>
      <if test="createTime != null" >
        #{createTime,jdbcType=TIMESTAMP},
      </if>
      <if test="uuid != null" >
        #{uuid,jdbcType=VARCHAR},
      </if>
      <if test="tenantId != null" >
        #{tenantId,jdbcType=VARCHAR},
      </if>
    </trim>
  </insert>
  <update id="updateByPrimaryKeySelective" parameterType="cn.cecook.model.business.markting.ThirdPartyCoupon" >
    update thirdparty_coupon
    <set >
      <if test="isDeleted != null" >
        is_deleted = #{isDeleted,jdbcType=INTEGER},
      </if>
      <if test="name != null" >
        name = #{name,jdbcType=VARCHAR},
      </if>
      <if test="faceValue != null" >
        face_value = #{faceValue,jdbcType=INTEGER},
      </if>
      <if test="limitPrice != null" >
        limit_price = #{limitPrice,jdbcType=INTEGER},
      </if>
      <if test="couponCode != null" >
        coupon_code = #{couponCode,jdbcType=VARCHAR},
      </if>
      <if test="startTime != null" >
        start_time = #{startTime,jdbcType=TIMESTAMP},
      </if>
      <if test="endTime != null" >
        end_time = #{endTime,jdbcType=TIMESTAMP},
      </if>
      <if test="status != null" >
        status = #{status,jdbcType=INTEGER},
      </if>
      <if test="modelId != null" >
        model_id = #{modelId,jdbcType=INTEGER},
      </if>
      <if test="createTime != null" >
        create_time = #{createTime,jdbcType=TIMESTAMP},
      </if>
      <if test="uuid != null" >
        uuid = #{uuid,jdbcType=VARCHAR},
      </if>
      <if test="tenantId != null" >
        tenant_id = #{tenantId,jdbcType=VARCHAR},
      </if>
    </set>
    where id = #{id,jdbcType=INTEGER}
  </update>
  
  
  <select id="getThirdPartyCouponCode" resultMap="BaseResultMap">
     select 
     <include refid="Base_Column_List" />
      from thirdparty_coupon
      where is_deleted=0 and model_id=#{modelId} and status=0
      limit 1;
      <if test="tenantId != null ">
      cecook2017${tenantId}
    </if>
  </select>
  
  <select id="listThirdPartyCouponCode" resultMap="BaseResultMap" >
    select 
    <include refid="Base_Column_List" />
    from thirdparty_coupon
    where is_deleted=0 and model_id=#{modelId} and status=0
    limit #{num};
    <if test="tenantId != null ">
      cecook2017${tenantId}
    </if>
  </select>
  
    <select id="countUsedCouponNumByModelId" resultType="java.lang.Integer">
     select count(id) from thirdparty_coupon where is_deleted=0 and status=1 and model_id=#{modelId};
  </select>
  
  <select id="countUnUsedCouponNumByModelId" resultType="java.lang.Integer">
     select count(id) from thirdparty_coupon where is_deleted=0 and status=0 and model_id=#{modelId};
  </select>
  <update id="deleteByModelId">
     update  thirdparty_coupon set is_deleted=0 where model_id=#{modelId}
  </update>
  
  <insert id="insertByBatch" parameterType="map">
		insert into thirdparty_coupon
		(uuid, tenant_id,
		name,model_id,coupon_code)
		values
		<foreach collection="list" item="item" index="index"
			separator=",">
			(
			#{item.uuid}, #{item.tenantId},
			#{item.name},
			#{item.modelId},
			#{item.couponCode}
			)
		</foreach>
		<if test="tenantId !=null and tenantId !=''">
	       cecook2017${tenantId}
	    </if>
	</insert>
	
	
    <update id="updateStatusByBatch">
       update thirdparty_coupon set status=${status} where id in
          <foreach item="item" index="index" collection="list" open="("
			separator="," close=")">
		 	#{item}
		  </foreach>
       <if test="tenantId !=null and tenantId !=''">
	       cecook2017${tenantId}
	    </if>
   </update>
   
   <update id="updateCouponStatusByCouponCodes">
       update thirdparty_coupon set status=#{status} where coupon_code in
          <foreach item="item" index="index" collection="list" open="("
			separator="," close=")">
		 	#{item}
		  </foreach>
       <if test="tenantId !=null and tenantId !=''">
	       cecook2017${tenantId}
	    </if>
   </update>
  
</mapper>