<?xml version="1.0" encoding="UTF-8" ?>
<!DOCTYPE mapper PUBLIC "-//mybatis.org//DTD Mapper 3.0//EN" "http://mybatis.org/dtd/mybatis-3-mapper.dtd" >
<mapper namespace="cn.cecook.dao.business.customer.BcClueActivityMapper" >
  <resultMap id="BaseResultMap" type="cn.cecook.model.business.customer.BcClueActivity" >
    <id column="id" property="id" jdbcType="INTEGER" />
    <result column="uuid" property="uuid" jdbcType="VARCHAR" />
    <result column="tenant_id" property="tenantId" jdbcType="VARCHAR" />
    <result column="is_deleted" property="isDeleted" jdbcType="INTEGER" />
    <result column="create_id" property="createId" jdbcType="BIGINT" />
    <result column="create_time" property="createTime" jdbcType="TIMESTAMP" />
    <result column="order_code" property="orderCode" jdbcType="VARCHAR" />
    <result column="delete_time" property="deleteTime" jdbcType="TIMESTAMP" />
    <result column="remarks" property="remarks" jdbcType="VARCHAR" />
    <result column="attachment" property="attachment" jdbcType="VARCHAR" />
    <result column="content" property="content" jdbcType="VARCHAR" />
    <result column="status" property="status" jdbcType="INTEGER" />
    <result column="activity_id" property="activityId" jdbcType="BIGINT" />
    <result column="activity_name" property="activityName" jdbcType="VARCHAR" />
    <result column="customer_id" property="customerId" jdbcType="BIGINT" />
    <result column="customer_name" property="customerName" jdbcType="VARCHAR" />
    <result column="customer_avatar" property="customerAvatar" jdbcType="VARCHAR" />
    <result column="source" property="source" jdbcType="VARCHAR" />
    <result column="user_id" property="userId" jdbcType="BIGINT" />
  </resultMap>
  
  <resultMap id="bcCustomerAction" type="cn.cecook.model.business.customer.BcCustomerAction" >
    <id column="id" property="id" jdbcType="INTEGER" />
    <result column="uuid" property="uuid" jdbcType="VARCHAR" />
    <result column="tenant_id" property="tenantId" jdbcType="VARCHAR" />
    <result column="is_deleted" property="isDeleted" jdbcType="INTEGER" />
    <result column="create_id" property="createId" jdbcType="BIGINT" />
    <result column="create_time" property="createTime" jdbcType="TIMESTAMP" />
    <result column="order_code" property="orderCode" jdbcType="VARCHAR" />
    <result column="delete_time" property="deleteTime" jdbcType="TIMESTAMP" />
    <result column="remarks" property="remarks" jdbcType="VARCHAR" />
    <result column="attachment" property="attachment" jdbcType="VARCHAR" />
    <result column="customer_id" property="customerId" jdbcType="BIGINT" />
    <result column="customer_name" property="customerName" jdbcType="VARCHAR" />
    <result column="activity_id" property="activityId" jdbcType="BIGINT" />
    <result column="activity_name" property="activityName" jdbcType="VARCHAR" />
    <result column="type" property="type" jdbcType="VARCHAR" />
    <result column="content" property="content" jdbcType="VARCHAR" />
    <result column="enjoy_status" property="enjoyStatus" jdbcType="INTEGER" />
    <result column="handle_status" property="handleStatus" jdbcType="INTEGER" />
    <result column="clue_activity_id" property="clueActivityId" jdbcType="BIGINT" />
    <result column="bak1" property="bak1" jdbcType="VARCHAR" />
    <result column="bak2" property="bak2" jdbcType="VARCHAR" />
    <result column="bak3" property="bak3" jdbcType="VARCHAR" />
    <result column="bak4" property="bak4" jdbcType="VARCHAR" />
    <result column="bak5" property="bak5" jdbcType="VARCHAR" />
    <result column="user_id" property="userId" jdbcType="INTEGER" />
    <result column="source" property="source" jdbcType="VARCHAR" />
  </resultMap>
  
  <sql id="Example_Where_Clause" >
    <where >
      <foreach collection="oredCriteria" item="criteria" separator="or" >
        <if test="criteria.valid" >
          <trim prefix="(" suffix=")" prefixOverrides="and" >
            <foreach collection="criteria.criteria" item="criterion" >
              <choose >
                <when test="criterion.noValue" >
                  and ${criterion.condition}
                </when>
                <when test="criterion.singleValue" >
                  and ${criterion.condition} #{criterion.value}
                </when>
                <when test="criterion.betweenValue" >
                  and ${criterion.condition} #{criterion.value} and #{criterion.secondValue}
                </when>
                <when test="criterion.listValue" >
                  and ${criterion.condition}
                  <foreach collection="criterion.value" item="listItem" open="(" close=")" separator="," >
                    #{listItem}
                  </foreach>
                </when>
              </choose>
            </foreach>
          </trim>
        </if>
      </foreach>
    </where>
  </sql>
  <sql id="Update_By_Example_Where_Clause" >
    <where >
      <foreach collection="example.oredCriteria" item="criteria" separator="or" >
        <if test="criteria.valid" >
          <trim prefix="(" suffix=")" prefixOverrides="and" >
            <foreach collection="criteria.criteria" item="criterion" >
              <choose >
                <when test="criterion.noValue" >
                  and ${criterion.condition}
                </when>
                <when test="criterion.singleValue" >
                  and ${criterion.condition} #{criterion.value}
                </when>
                <when test="criterion.betweenValue" >
                  and ${criterion.condition} #{criterion.value} and #{criterion.secondValue}
                </when>
                <when test="criterion.listValue" >
                  and ${criterion.condition}
                  <foreach collection="criterion.value" item="listItem" open="(" close=")" separator="," >
                    #{listItem}
                  </foreach>
                </when>
              </choose>
            </foreach>
          </trim>
        </if>
      </foreach>
    </where>
  </sql>
  <sql id="Base_Column_List" >
    id, uuid, tenant_id, is_deleted, create_id, create_time, order_code, delete_time, 
    remarks, attachment, content, status, activity_id, activity_name, customer_id, customer_name, 
    customer_avatar, source, user_id
  </sql>
  <select id="selectByExample" resultMap="BaseResultMap" parameterType="cn.cecook.model.business.customer.BcClueActivityExample" >
    select
    <if test="distinct" >
      distinct
    </if>
    <include refid="Base_Column_List" />
    from bc_clue_activity
    <if test="_parameter != null" >
      <include refid="Example_Where_Clause" />
    </if>
    <if test="orderByClause != null" >
      order by ${orderByClause}
    </if>
  </select>
  <select id="selectByPrimaryKey" resultMap="BaseResultMap" parameterType="java.lang.Integer" >
    select 
    <include refid="Base_Column_List" />
    from bc_clue_activity
    where id = #{id,jdbcType=INTEGER}
  </select>
  <delete id="deleteByPrimaryKey" parameterType="java.lang.Integer" >
    delete from bc_clue_activity
    where id = #{id,jdbcType=INTEGER}
  </delete>
  <delete id="deleteByExample" parameterType="cn.cecook.model.business.customer.BcClueActivityExample" >
    delete from bc_clue_activity
    <if test="_parameter != null" >
      <include refid="Example_Where_Clause" />
    </if>
  </delete>
  <insert id="insert" parameterType="cn.cecook.model.business.customer.BcClueActivity" >
    insert into bc_clue_activity (id, uuid, tenant_id, 
      is_deleted, create_id, create_time, 
      order_code, delete_time, remarks, 
      attachment, content, status, 
      activity_id, activity_name, customer_id, 
      customer_name, customer_avatar, source, 
      user_id)
    values (#{id,jdbcType=INTEGER}, #{uuid,jdbcType=VARCHAR}, #{tenantId,jdbcType=VARCHAR}, 
      #{isDeleted,jdbcType=INTEGER}, #{createId,jdbcType=BIGINT}, #{createTime,jdbcType=TIMESTAMP}, 
      #{orderCode,jdbcType=VARCHAR}, #{deleteTime,jdbcType=TIMESTAMP}, #{remarks,jdbcType=VARCHAR}, 
      #{attachment,jdbcType=VARCHAR}, #{content,jdbcType=VARCHAR}, #{status,jdbcType=INTEGER}, 
      #{activityId,jdbcType=BIGINT}, #{activityName,jdbcType=VARCHAR}, #{customerId,jdbcType=BIGINT}, 
      #{customerName,jdbcType=VARCHAR}, #{customerAvatar,jdbcType=VARCHAR}, #{source,jdbcType=VARCHAR}, 
      #{userId,jdbcType=BIGINT})
  </insert>
  <insert id="insertSelective" parameterType="cn.cecook.model.business.customer.BcClueActivity" >
    insert into bc_clue_activity
    <trim prefix="(" suffix=")" suffixOverrides="," >
      <if test="id != null" >
        id,
      </if>
      <if test="uuid != null" >
        uuid,
      </if>
      <if test="tenantId != null" >
        tenant_id,
      </if>
      <if test="isDeleted != null" >
        is_deleted,
      </if>
      <if test="createId != null" >
        create_id,
      </if>
      <if test="createTime != null" >
        create_time,
      </if>
      <if test="orderCode != null" >
        order_code,
      </if>
      <if test="deleteTime != null" >
        delete_time,
      </if>
      <if test="remarks != null" >
        remarks,
      </if>
      <if test="attachment != null" >
        attachment,
      </if>
      <if test="content != null" >
        content,
      </if>
      <if test="status != null" >
        status,
      </if>
      <if test="activityId != null" >
        activity_id,
      </if>
      <if test="activityName != null" >
        activity_name,
      </if>
      <if test="customerId != null" >
        customer_id,
      </if>
      <if test="customerName != null" >
        customer_name,
      </if>
      <if test="customerAvatar != null" >
        customer_avatar,
      </if>
      <if test="source != null" >
        source,
      </if>
      <if test="userId != null" >
        user_id,
      </if>
    </trim>
    <trim prefix="values (" suffix=")" suffixOverrides="," >
      <if test="id != null" >
        #{id,jdbcType=INTEGER},
      </if>
      <if test="uuid != null" >
        #{uuid,jdbcType=VARCHAR},
      </if>
      <if test="tenantId != null" >
        #{tenantId,jdbcType=VARCHAR},
      </if>
      <if test="isDeleted != null" >
        #{isDeleted,jdbcType=INTEGER},
      </if>
      <if test="createId != null" >
        #{createId,jdbcType=BIGINT},
      </if>
      <if test="createTime != null" >
        #{createTime,jdbcType=TIMESTAMP},
      </if>
      <if test="orderCode != null" >
        #{orderCode,jdbcType=VARCHAR},
      </if>
      <if test="deleteTime != null" >
        #{deleteTime,jdbcType=TIMESTAMP},
      </if>
      <if test="remarks != null" >
        #{remarks,jdbcType=VARCHAR},
      </if>
      <if test="attachment != null" >
        #{attachment,jdbcType=VARCHAR},
      </if>
      <if test="content != null" >
        #{content,jdbcType=VARCHAR},
      </if>
      <if test="status != null" >
        #{status,jdbcType=INTEGER},
      </if>
      <if test="activityId != null" >
        #{activityId,jdbcType=BIGINT},
      </if>
      <if test="activityName != null" >
        #{activityName,jdbcType=VARCHAR},
      </if>
      <if test="customerId != null" >
        #{customerId,jdbcType=BIGINT},
      </if>
      <if test="customerName != null" >
        #{customerName,jdbcType=VARCHAR},
      </if>
      <if test="customerAvatar != null" >
        #{customerAvatar,jdbcType=VARCHAR},
      </if>
      <if test="source != null" >
        #{source,jdbcType=VARCHAR},
      </if>
      <if test="userId != null" >
        #{userId,jdbcType=BIGINT},
      </if>
    </trim>
  </insert>
  <select id="countByExample" parameterType="cn.cecook.model.business.customer.BcClueActivityExample" resultType="java.lang.Integer" >
    select count(*) from bc_clue_activity
    <if test="_parameter != null" >
      <include refid="Example_Where_Clause" />
    </if>
  </select>
  <update id="updateByExampleSelective" parameterType="map" >
    update bc_clue_activity
    <set >
      <if test="record.id != null" >
        id = #{record.id,jdbcType=INTEGER},
      </if>
      <if test="record.uuid != null" >
        uuid = #{record.uuid,jdbcType=VARCHAR},
      </if>
      <if test="record.tenantId != null" >
        tenant_id = #{record.tenantId,jdbcType=VARCHAR},
      </if>
      <if test="record.isDeleted != null" >
        is_deleted = #{record.isDeleted,jdbcType=INTEGER},
      </if>
      <if test="record.createId != null" >
        create_id = #{record.createId,jdbcType=BIGINT},
      </if>
      <if test="record.createTime != null" >
        create_time = #{record.createTime,jdbcType=TIMESTAMP},
      </if>
      <if test="record.orderCode != null" >
        order_code = #{record.orderCode,jdbcType=VARCHAR},
      </if>
      <if test="record.deleteTime != null" >
        delete_time = #{record.deleteTime,jdbcType=TIMESTAMP},
      </if>
      <if test="record.remarks != null" >
        remarks = #{record.remarks,jdbcType=VARCHAR},
      </if>
      <if test="record.attachment != null" >
        attachment = #{record.attachment,jdbcType=VARCHAR},
      </if>
      <if test="record.content != null" >
        content = #{record.content,jdbcType=VARCHAR},
      </if>
      <if test="record.status != null" >
        status = #{record.status,jdbcType=INTEGER},
      </if>
      <if test="record.activityId != null" >
        activity_id = #{record.activityId,jdbcType=BIGINT},
      </if>
      <if test="record.activityName != null" >
        activity_name = #{record.activityName,jdbcType=VARCHAR},
      </if>
      <if test="record.customerId != null" >
        customer_id = #{record.customerId,jdbcType=BIGINT},
      </if>
      <if test="record.customerName != null" >
        customer_name = #{record.customerName,jdbcType=VARCHAR},
      </if>
      <if test="record.customerAvatar != null" >
        customer_avatar = #{record.customerAvatar,jdbcType=VARCHAR},
      </if>
      <if test="record.source != null" >
        source = #{record.source,jdbcType=VARCHAR},
      </if>
      <if test="record.userId != null" >
        user_id = #{record.userId,jdbcType=BIGINT},
      </if>
    </set>
    <if test="_parameter != null" >
      <include refid="Update_By_Example_Where_Clause" />
    </if>
  </update>
  <update id="updateByExample" parameterType="map" >
    update bc_clue_activity
    set id = #{record.id,jdbcType=INTEGER},
      uuid = #{record.uuid,jdbcType=VARCHAR},
      tenant_id = #{record.tenantId,jdbcType=VARCHAR},
      is_deleted = #{record.isDeleted,jdbcType=INTEGER},
      create_id = #{record.createId,jdbcType=BIGINT},
      create_time = #{record.createTime,jdbcType=TIMESTAMP},
      order_code = #{record.orderCode,jdbcType=VARCHAR},
      delete_time = #{record.deleteTime,jdbcType=TIMESTAMP},
      remarks = #{record.remarks,jdbcType=VARCHAR},
      attachment = #{record.attachment,jdbcType=VARCHAR},
      content = #{record.content,jdbcType=VARCHAR},
      status = #{record.status,jdbcType=INTEGER},
      activity_id = #{record.activityId,jdbcType=BIGINT},
      activity_name = #{record.activityName,jdbcType=VARCHAR},
      customer_id = #{record.customerId,jdbcType=BIGINT},
      customer_name = #{record.customerName,jdbcType=VARCHAR},
      customer_avatar = #{record.customerAvatar,jdbcType=VARCHAR},
      source = #{record.source,jdbcType=VARCHAR},
      user_id = #{record.userId,jdbcType=BIGINT}
    <if test="_parameter != null" >
      <include refid="Update_By_Example_Where_Clause" />
    </if>
  </update>
  <update id="updateByPrimaryKeySelective" parameterType="cn.cecook.model.business.customer.BcClueActivity" >
    update bc_clue_activity
    <set >
      <if test="uuid != null" >
        uuid = #{uuid,jdbcType=VARCHAR},
      </if>
      <if test="tenantId != null" >
        tenant_id = #{tenantId,jdbcType=VARCHAR},
      </if>
      <if test="isDeleted != null" >
        is_deleted = #{isDeleted,jdbcType=INTEGER},
      </if>
      <if test="createId != null" >
        create_id = #{createId,jdbcType=BIGINT},
      </if>
      <if test="createTime != null" >
        create_time = #{createTime,jdbcType=TIMESTAMP},
      </if>
      <if test="orderCode != null" >
        order_code = #{orderCode,jdbcType=VARCHAR},
      </if>
      <if test="deleteTime != null" >
        delete_time = #{deleteTime,jdbcType=TIMESTAMP},
      </if>
      <if test="remarks != null" >
        remarks = #{remarks,jdbcType=VARCHAR},
      </if>
      <if test="attachment != null" >
        attachment = #{attachment,jdbcType=VARCHAR},
      </if>
      <if test="content != null" >
        content = #{content,jdbcType=VARCHAR},
      </if>
      <if test="status != null" >
        status = #{status,jdbcType=INTEGER},
      </if>
      <if test="activityId != null" >
        activity_id = #{activityId,jdbcType=BIGINT},
      </if>
      <if test="activityName != null" >
        activity_name = #{activityName,jdbcType=VARCHAR},
      </if>
      <if test="customerId != null" >
        customer_id = #{customerId,jdbcType=BIGINT},
      </if>
      <if test="customerName != null" >
        customer_name = #{customerName,jdbcType=VARCHAR},
      </if>
      <if test="customerAvatar != null" >
        customer_avatar = #{customerAvatar,jdbcType=VARCHAR},
      </if>
      <if test="source != null" >
        source = #{source,jdbcType=VARCHAR},
      </if>
      <if test="userId != null" >
        user_id = #{userId,jdbcType=BIGINT},
      </if>
    </set>
    where id = #{id,jdbcType=INTEGER}
  </update>
  <update id="updateByPrimaryKey" parameterType="cn.cecook.model.business.customer.BcClueActivity" >
    update bc_clue_activity
    set uuid = #{uuid,jdbcType=VARCHAR},
      tenant_id = #{tenantId,jdbcType=VARCHAR},
      is_deleted = #{isDeleted,jdbcType=INTEGER},
      create_id = #{createId,jdbcType=BIGINT},
      create_time = #{createTime,jdbcType=TIMESTAMP},
      order_code = #{orderCode,jdbcType=VARCHAR},
      delete_time = #{deleteTime,jdbcType=TIMESTAMP},
      remarks = #{remarks,jdbcType=VARCHAR},
      attachment = #{attachment,jdbcType=VARCHAR},
      content = #{content,jdbcType=VARCHAR},
      status = #{status,jdbcType=INTEGER},
      activity_id = #{activityId,jdbcType=BIGINT},
      activity_name = #{activityName,jdbcType=VARCHAR},
      customer_id = #{customerId,jdbcType=BIGINT},
      customer_name = #{customerName,jdbcType=VARCHAR},
      customer_avatar = #{customerAvatar,jdbcType=VARCHAR},
      source = #{source,jdbcType=VARCHAR},
      user_id = #{userId,jdbcType=BIGINT}
    where id = #{id,jdbcType=INTEGER}
  </update>
  
  
  	<select id="getActivity" parameterType="map" resultType="map">
		select id,name,web_url from bm_activity 
		<where>
		 is_deleted = 0 and status = 1
			<if test="type != null">
			  and type = #{type} 
			</if>
		</where>
		order by id desc limit 
		<choose>
			<when test="count != null">
				#{count}
			</when>
			<otherwise>
				5
			</otherwise>
		</choose>
	</select>
	
	<select id="getActivityCount" parameterType="map" resultType="map">
		select t1.name as activityName,IFNULL(t2.count,0) as count 
		from (select id,name from bm_activity where is_deleted=0 
			<if test="type != null">
				and type = #{type} 
			</if>
			order by id desc limit 
			<choose>
				<when test="count != null">
					#{count}
				</when>
				<otherwise>
					5
				</otherwise>
			</choose>
		) t1 
		LEFT JOIN (select activity_id,count(activity_id) count from bc_customer_action
		<where>
			<if test="type != null">
				and type = #{type} 
			</if>
		</where>
		GROUP BY activity_id) t2 on t1.id=t2.activity_id  
	</select>
	
	<select id="getPage" parameterType="cn.cecook.uitls.Pages" resultMap="bcCustomerAction">
		select t1.*,t2.name as name,DATE_FORMAT(t1.create_time,'%Y-%m-%d %H:%i:%S') as createTimeStr,t2.avatar as avatar,t2.phone phone,
			IFNULL(t2.email,'') email,IFNULL(t2.weibo,'') weibo,IFNULL(t2.wechat,'') weixin 
		from bc_customer_action t1 left join bc_customer t2 on t1.customer_id=t2.id 
		where t1.is_deleted=0 
		<if test="where.activityIds != null and where.activityIds != ''">
			and t1.activity_id in(${where.activityIds}) 
		</if>
		<if test="where.keyWord != null and where.keyWord != ''">
			and t1.activity_name = '${where.keyWord}' 
		</if>
		<if test="where.handleStatus != null">
			and t1.handle_status = #{where.handleStatus} 
		</if>
		<if test="where.type != null">
			and t1.type = #{where.type}
		</if>
		<if test="where.activityId != null and where.activityId != 0">
			and t1.activity_id = #{where.activityId}
		</if>
		<if test="orderby != null">order by t1.${orderby} </if>
		limit #{startIndex}, #{pageSize}
	</select>
	
	<select id="count" parameterType="map" resultType="int">
		select count(1) from bc_customer_action where is_deleted=0  
		<if test="activityIds != null and activityIds != ''">
			and activity_id in(${activityIds}) 
		</if>
		<if test="keyWord != null and keyWord != ''">
			and activity_name = '${keyWord}' 
		</if>
		<if test="handleStatus != null">
			and handle_status = #{handleStatus} 
		</if>
		<if test="type != null">
			and type = #{type}
		</if>
		<if test="activityId != null and activityId != 0">
			and activity_id = #{activityId}
		</if>
	</select>
	
	<select id="getPage2" parameterType="cn.cecook.uitls.Pages" resultType="map">
		select t2.id,t2.name as name,t2.avatar as avatar,t2.phone phone,IFNULL(t2.email,'') email,IFNULL(t2.weibo,'') weibo,IFNULL(t2.wechat,'') weixin,IFNULL(t3.name,'未知') source 
		from (select customer_id from bc_customer_action where is_deleted=0 
		<if test="where.activityIds != null and where.activityIds != ''">
			and activity_id in(${where.activityIds}) 
		</if>
		<if test="where.activityId != null and where.activityId != 0">
			and activity_id = #{where.activityId} 
		</if>
		<if test="where.type != null">
			and type = #{where.type}
		</if>
		GROUP BY customer_id) t1 
		inner join bc_customer t2 on t1.customer_id = t2.id 
		left join bc_customer_source t3 on t2.source = t3.id 
		<where>
			<if test="where.name != null and where.name != ''">
				t2.name like concat('%',#{where.name},'%') 
			</if>
		</where>
		<if test="orderby != null">order by t1.${orderby} </if>
		limit #{startIndex}, #{pageSize}
	</select>
	
	<select id="count2" parameterType="map" resultType="int">
		select count(1) 
		from (select customer_id from bc_customer_action where is_deleted=0 
		<if test="activityIds != null and activityIds != ''">
			and activity_id in(${activityIds}) 
		</if>
		<if test="activityId != null and activityId != 0">
			and activity_id = #{activityId} 
		</if>
		<if test="type != null">
			and type = #{type}
		</if>
		GROUP BY customer_id) t1 
		inner join bc_customer t2 on t1.customer_id = t2.id
	</select>
	
	<update id="delClueActivity" parameterType="int">
		update bc_customer_action set is_deleted=1 where id=#{id}
	</update>
</mapper>