<?xml version="1.0" encoding="UTF-8" ?>
<!DOCTYPE mapper PUBLIC "-//mybatis.org//DTD Mapper 3.0//EN" "http://mybatis.org/dtd/mybatis-3-mapper.dtd" >
<mapper namespace="cn.cecook.dao.business.customer.BcClueWeiboMapper" >
  <resultMap id="BaseResultMap" type="cn.cecook.model.business.customer.BcClueWeibo" >
    <id column="id" property="id" jdbcType="INTEGER" />
    <result column="uuid" property="uuid" jdbcType="VARCHAR" />
    <result column="tenant_id" property="tenantId" jdbcType="VARCHAR" />
    <result column="is_deleted" property="isDeleted" jdbcType="INTEGER" />
    <result column="create_id" property="createId" jdbcType="BIGINT" />
    <result column="create_time" property="createTime" jdbcType="TIMESTAMP" />
    <result column="order_code" property="orderCode" jdbcType="VARCHAR" />
    <result column="delete_time" property="deleteTime" jdbcType="TIMESTAMP" />
    <result column="remarks" property="remarks" jdbcType="VARCHAR" />
    <result column="attachment" property="attachment" jdbcType="VARCHAR" />
    <result column="name" property="name" jdbcType="VARCHAR" />
    <result column="content" property="content" jdbcType="VARCHAR" />
    <result column="status" property="status" jdbcType="INTEGER" />
    <result column="key_word" property="keyWord" jdbcType="VARCHAR" />
    <result column="screen_name" property="screenName" jdbcType="VARCHAR" />
    <result column="avatar" property="avatar" jdbcType="VARCHAR" />
    <result column="weibo_account" property="weiboAccount" jdbcType="VARCHAR" />
    <result column="user_id" property="userId" jdbcType="BIGINT" />
    <result column="bak1" property="bak1" jdbcType="VARCHAR" />
    <result column="bak2" property="bak2" jdbcType="VARCHAR" />
    <result column="bak3" property="bak3" jdbcType="VARCHAR" />
    <result column="bak4" property="bak4" jdbcType="VARCHAR" />
    <result column="bak5" property="bak5" jdbcType="VARCHAR" />
    <result column="customer_id" property="customerId" jdbcType="VARCHAR" />
  </resultMap>
  <sql id="Example_Where_Clause" >
    <where >
      <foreach collection="oredCriteria" item="criteria" separator="or" >
        <if test="criteria.valid" >
          <trim prefix="(" suffix=")" prefixOverrides="and" >
            <foreach collection="criteria.criteria" item="criterion" >
              <choose >
                <when test="criterion.noValue" >
                  and ${criterion.condition}
                </when>
                <when test="criterion.singleValue" >
                  and ${criterion.condition} #{criterion.value}
                </when>
                <when test="criterion.betweenValue" >
                  and ${criterion.condition} #{criterion.value} and #{criterion.secondValue}
                </when>
                <when test="criterion.listValue" >
                  and ${criterion.condition}
                  <foreach collection="criterion.value" item="listItem" open="(" close=")" separator="," >
                    #{listItem}
                  </foreach>
                </when>
              </choose>
            </foreach>
          </trim>
        </if>
      </foreach>
    </where>
  </sql>
  <sql id="Update_By_Example_Where_Clause" >
    <where >
      <foreach collection="example.oredCriteria" item="criteria" separator="or" >
        <if test="criteria.valid" >
          <trim prefix="(" suffix=")" prefixOverrides="and" >
            <foreach collection="criteria.criteria" item="criterion" >
              <choose >
                <when test="criterion.noValue" >
                  and ${criterion.condition}
                </when>
                <when test="criterion.singleValue" >
                  and ${criterion.condition} #{criterion.value}
                </when>
                <when test="criterion.betweenValue" >
                  and ${criterion.condition} #{criterion.value} and #{criterion.secondValue}
                </when>
                <when test="criterion.listValue" >
                  and ${criterion.condition}
                  <foreach collection="criterion.value" item="listItem" open="(" close=")" separator="," >
                    #{listItem}
                  </foreach>
                </when>
              </choose>
            </foreach>
          </trim>
        </if>
      </foreach>
    </where>
  </sql>
  <sql id="Base_Column_List" >
    id, uuid, tenant_id, is_deleted, create_id, create_time, order_code, delete_time, 
    remarks, attachment, name, content, status, key_word, screen_name, avatar, weibo_account, 
    user_id, bak1, bak2, bak3, bak4, bak5
  </sql>
  <select id="selectByExample" resultMap="BaseResultMap" parameterType="cn.cecook.model.business.customer.BcClueWeiboExample" >
    select
    <if test="distinct" >
      distinct
    </if>
    <include refid="Base_Column_List" />
    from bc_clue_weibo
    <if test="_parameter != null" >
      <include refid="Example_Where_Clause" />
    </if>
    <if test="orderByClause != null" >
      order by ${orderByClause}
    </if>
  </select>
  <select id="selectByPrimaryKey" resultMap="BaseResultMap" parameterType="java.lang.Integer" >
    select 
    <include refid="Base_Column_List" />
    from bc_clue_weibo
    where id = #{id,jdbcType=INTEGER}
  </select>
  <delete id="deleteByPrimaryKey" parameterType="java.lang.Integer" >
    delete from bc_clue_weibo
    where id = #{id,jdbcType=INTEGER}
  </delete>
  <delete id="deleteByExample" parameterType="cn.cecook.model.business.customer.BcClueWeiboExample" >
    delete from bc_clue_weibo
    <if test="_parameter != null" >
      <include refid="Example_Where_Clause" />
    </if>
  </delete>
  <insert id="insert" parameterType="cn.cecook.model.business.customer.BcClueWeibo" >
    insert into bc_clue_weibo (id, uuid, tenant_id, 
      is_deleted, create_id, create_time, 
      order_code, delete_time, remarks, 
      attachment, name, content, 
      status, key_word, screen_name, 
      avatar, weibo_account, user_id, 
      bak1, bak2, bak3, bak4, 
      bak5)
    values (#{id,jdbcType=INTEGER}, #{uuid,jdbcType=VARCHAR}, #{tenantId,jdbcType=VARCHAR}, 
      #{isDeleted,jdbcType=INTEGER}, #{createId,jdbcType=BIGINT}, #{createTime,jdbcType=TIMESTAMP}, 
      #{orderCode,jdbcType=VARCHAR}, #{deleteTime,jdbcType=TIMESTAMP}, #{remarks,jdbcType=VARCHAR}, 
      #{attachment,jdbcType=VARCHAR}, #{name,jdbcType=VARCHAR}, #{content,jdbcType=VARCHAR}, 
      #{status,jdbcType=INTEGER}, #{keyWord,jdbcType=VARCHAR}, #{screenName,jdbcType=VARCHAR}, 
      #{avatar,jdbcType=VARCHAR}, #{weiboAccount,jdbcType=VARCHAR}, #{userId,jdbcType=BIGINT}, 
      #{bak1,jdbcType=VARCHAR}, #{bak2,jdbcType=VARCHAR}, #{bak3,jdbcType=VARCHAR}, #{bak4,jdbcType=VARCHAR}, 
      #{bak5,jdbcType=VARCHAR})
  </insert>
  <insert id="insertSelective" parameterType="cn.cecook.model.business.customer.BcClueWeibo" >
    insert into bc_clue_weibo
    <trim prefix="(" suffix=")" suffixOverrides="," >
      <if test="id != null" >
        id,
      </if>
      <if test="uuid != null" >
        uuid,
      </if>
      <if test="tenantId != null" >
        tenant_id,
      </if>
      <if test="isDeleted != null" >
        is_deleted,
      </if>
      <if test="createId != null" >
        create_id,
      </if>
      <if test="createTime != null" >
        create_time,
      </if>
      <if test="orderCode != null" >
        order_code,
      </if>
      <if test="deleteTime != null" >
        delete_time,
      </if>
      <if test="remarks != null" >
        remarks,
      </if>
      <if test="attachment != null" >
        attachment,
      </if>
      <if test="name != null" >
        name,
      </if>
      <if test="content != null" >
        content,
      </if>
      <if test="status != null" >
        status,
      </if>
      <if test="keyWord != null" >
        key_word,
      </if>
      <if test="screenName != null" >
        screen_name,
      </if>
      <if test="avatar != null" >
        avatar,
      </if>
      <if test="weiboAccount != null" >
        weibo_account,
      </if>
      <if test="userId != null" >
        user_id,
      </if>
      <if test="bak1 != null" >
        bak1,
      </if>
      <if test="bak2 != null" >
        bak2,
      </if>
      <if test="bak3 != null" >
        bak3,
      </if>
      <if test="bak4 != null" >
        bak4,
      </if>
      <if test="bak5 != null" >
        bak5,
      </if>
    </trim>
    <trim prefix="values (" suffix=")" suffixOverrides="," >
      <if test="id != null" >
        #{id,jdbcType=INTEGER},
      </if>
      <if test="uuid != null" >
        #{uuid,jdbcType=VARCHAR},
      </if>
      <if test="tenantId != null" >
        #{tenantId,jdbcType=VARCHAR},
      </if>
      <if test="isDeleted != null" >
        #{isDeleted,jdbcType=INTEGER},
      </if>
      <if test="createId != null" >
        #{createId,jdbcType=BIGINT},
      </if>
      <if test="createTime != null" >
        #{createTime,jdbcType=TIMESTAMP},
      </if>
      <if test="orderCode != null" >
        #{orderCode,jdbcType=VARCHAR},
      </if>
      <if test="deleteTime != null" >
        #{deleteTime,jdbcType=TIMESTAMP},
      </if>
      <if test="remarks != null" >
        #{remarks,jdbcType=VARCHAR},
      </if>
      <if test="attachment != null" >
        #{attachment,jdbcType=VARCHAR},
      </if>
      <if test="name != null" >
        #{name,jdbcType=VARCHAR},
      </if>
      <if test="content != null" >
        #{content,jdbcType=VARCHAR},
      </if>
      <if test="status != null" >
        #{status,jdbcType=INTEGER},
      </if>
      <if test="keyWord != null" >
        #{keyWord,jdbcType=VARCHAR},
      </if>
      <if test="screenName != null" >
        #{screenName,jdbcType=VARCHAR},
      </if>
      <if test="avatar != null" >
        #{avatar,jdbcType=VARCHAR},
      </if>
      <if test="weiboAccount != null" >
        #{weiboAccount,jdbcType=VARCHAR},
      </if>
      <if test="userId != null" >
        #{userId,jdbcType=BIGINT},
      </if>
      <if test="bak1 != null" >
        #{bak1,jdbcType=VARCHAR},
      </if>
      <if test="bak2 != null" >
        #{bak2,jdbcType=VARCHAR},
      </if>
      <if test="bak3 != null" >
        #{bak3,jdbcType=VARCHAR},
      </if>
      <if test="bak4 != null" >
        #{bak4,jdbcType=VARCHAR},
      </if>
      <if test="bak5 != null" >
        #{bak5,jdbcType=VARCHAR},
      </if>
    </trim>
  </insert>
  <select id="countByExample" parameterType="cn.cecook.model.business.customer.BcClueWeiboExample" resultType="java.lang.Integer" >
    select count(*) from bc_clue_weibo
    <if test="_parameter != null" >
      <include refid="Example_Where_Clause" />
    </if>
  </select>
  <update id="updateByExampleSelective" parameterType="map" >
    update bc_clue_weibo
    <set >
      <if test="record.id != null" >
        id = #{record.id,jdbcType=INTEGER},
      </if>
      <if test="record.uuid != null" >
        uuid = #{record.uuid,jdbcType=VARCHAR},
      </if>
      <if test="record.tenantId != null" >
        tenant_id = #{record.tenantId,jdbcType=VARCHAR},
      </if>
      <if test="record.isDeleted != null" >
        is_deleted = #{record.isDeleted,jdbcType=INTEGER},
      </if>
      <if test="record.createId != null" >
        create_id = #{record.createId,jdbcType=BIGINT},
      </if>
      <if test="record.createTime != null" >
        create_time = #{record.createTime,jdbcType=TIMESTAMP},
      </if>
      <if test="record.orderCode != null" >
        order_code = #{record.orderCode,jdbcType=VARCHAR},
      </if>
      <if test="record.deleteTime != null" >
        delete_time = #{record.deleteTime,jdbcType=TIMESTAMP},
      </if>
      <if test="record.remarks != null" >
        remarks = #{record.remarks,jdbcType=VARCHAR},
      </if>
      <if test="record.attachment != null" >
        attachment = #{record.attachment,jdbcType=VARCHAR},
      </if>
      <if test="record.name != null" >
        name = #{record.name,jdbcType=VARCHAR},
      </if>
      <if test="record.content != null" >
        content = #{record.content,jdbcType=VARCHAR},
      </if>
      <if test="record.status != null" >
        status = #{record.status,jdbcType=INTEGER},
      </if>
      <if test="record.keyWord != null" >
        key_word = #{record.keyWord,jdbcType=VARCHAR},
      </if>
      <if test="record.screenName != null" >
        screen_name = #{record.screenName,jdbcType=VARCHAR},
      </if>
      <if test="record.avatar != null" >
        avatar = #{record.avatar,jdbcType=VARCHAR},
      </if>
      <if test="record.weiboAccount != null" >
        weibo_account = #{record.weiboAccount,jdbcType=VARCHAR},
      </if>
      <if test="record.userId != null" >
        user_id = #{record.userId,jdbcType=BIGINT},
      </if>
      <if test="record.bak1 != null" >
        bak1 = #{record.bak1,jdbcType=VARCHAR},
      </if>
      <if test="record.bak2 != null" >
        bak2 = #{record.bak2,jdbcType=VARCHAR},
      </if>
      <if test="record.bak3 != null" >
        bak3 = #{record.bak3,jdbcType=VARCHAR},
      </if>
      <if test="record.bak4 != null" >
        bak4 = #{record.bak4,jdbcType=VARCHAR},
      </if>
      <if test="record.bak5 != null" >
        bak5 = #{record.bak5,jdbcType=VARCHAR},
      </if>
    </set>
    <if test="_parameter != null" >
      <include refid="Update_By_Example_Where_Clause" />
    </if>
  </update>
  <update id="updateByExample" parameterType="map" >
    update bc_clue_weibo
    set id = #{record.id,jdbcType=INTEGER},
      uuid = #{record.uuid,jdbcType=VARCHAR},
      tenant_id = #{record.tenantId,jdbcType=VARCHAR},
      is_deleted = #{record.isDeleted,jdbcType=INTEGER},
      create_id = #{record.createId,jdbcType=BIGINT},
      create_time = #{record.createTime,jdbcType=TIMESTAMP},
      order_code = #{record.orderCode,jdbcType=VARCHAR},
      delete_time = #{record.deleteTime,jdbcType=TIMESTAMP},
      remarks = #{record.remarks,jdbcType=VARCHAR},
      attachment = #{record.attachment,jdbcType=VARCHAR},
      name = #{record.name,jdbcType=VARCHAR},
      content = #{record.content,jdbcType=VARCHAR},
      status = #{record.status,jdbcType=INTEGER},
      key_word = #{record.keyWord,jdbcType=VARCHAR},
      screen_name = #{record.screenName,jdbcType=VARCHAR},
      avatar = #{record.avatar,jdbcType=VARCHAR},
      weibo_account = #{record.weiboAccount,jdbcType=VARCHAR},
      user_id = #{record.userId,jdbcType=BIGINT},
      bak1 = #{record.bak1,jdbcType=VARCHAR},
      bak2 = #{record.bak2,jdbcType=VARCHAR},
      bak3 = #{record.bak3,jdbcType=VARCHAR},
      bak4 = #{record.bak4,jdbcType=VARCHAR},
      bak5 = #{record.bak5,jdbcType=VARCHAR}
    <if test="_parameter != null" >
      <include refid="Update_By_Example_Where_Clause" />
    </if>
  </update>
  <update id="updateByPrimaryKeySelective" parameterType="cn.cecook.model.business.customer.BcClueWeibo" >
    update bc_clue_weibo
    <set >
      <if test="uuid != null" >
        uuid = #{uuid,jdbcType=VARCHAR},
      </if>
      <if test="tenantId != null" >
        tenant_id = #{tenantId,jdbcType=VARCHAR},
      </if>
      <if test="isDeleted != null" >
        is_deleted = #{isDeleted,jdbcType=INTEGER},
      </if>
      <if test="createId != null" >
        create_id = #{createId,jdbcType=BIGINT},
      </if>
      <if test="createTime != null" >
        create_time = #{createTime,jdbcType=TIMESTAMP},
      </if>
      <if test="orderCode != null" >
        order_code = #{orderCode,jdbcType=VARCHAR},
      </if>
      <if test="deleteTime != null" >
        delete_time = #{deleteTime,jdbcType=TIMESTAMP},
      </if>
      <if test="remarks != null" >
        remarks = #{remarks,jdbcType=VARCHAR},
      </if>
      <if test="attachment != null" >
        attachment = #{attachment,jdbcType=VARCHAR},
      </if>
      <if test="name != null" >
        name = #{name,jdbcType=VARCHAR},
      </if>
      <if test="content != null" >
        content = #{content,jdbcType=VARCHAR},
      </if>
      <if test="status != null" >
        status = #{status,jdbcType=INTEGER},
      </if>
      <if test="keyWord != null" >
        key_word = #{keyWord,jdbcType=VARCHAR},
      </if>
      <if test="screenName != null" >
        screen_name = #{screenName,jdbcType=VARCHAR},
      </if>
      <if test="avatar != null" >
        avatar = #{avatar,jdbcType=VARCHAR},
      </if>
      <if test="weiboAccount != null" >
        weibo_account = #{weiboAccount,jdbcType=VARCHAR},
      </if>
      <if test="userId != null" >
        user_id = #{userId,jdbcType=BIGINT},
      </if>
      <if test="bak1 != null" >
        bak1 = #{bak1,jdbcType=VARCHAR},
      </if>
      <if test="bak2 != null" >
        bak2 = #{bak2,jdbcType=VARCHAR},
      </if>
      <if test="bak3 != null" >
        bak3 = #{bak3,jdbcType=VARCHAR},
      </if>
      <if test="bak4 != null" >
        bak4 = #{bak4,jdbcType=VARCHAR},
      </if>
      <if test="bak5 != null" >
        bak5 = #{bak5,jdbcType=VARCHAR},
      </if>
    </set>
    where id = #{id,jdbcType=INTEGER}
  </update>
  <update id="updateByPrimaryKey" parameterType="cn.cecook.model.business.customer.BcClueWeibo" >
    update bc_clue_weibo
    set uuid = #{uuid,jdbcType=VARCHAR},
      tenant_id = #{tenantId,jdbcType=VARCHAR},
      is_deleted = #{isDeleted,jdbcType=INTEGER},
      create_id = #{createId,jdbcType=BIGINT},
      create_time = #{createTime,jdbcType=TIMESTAMP},
      order_code = #{orderCode,jdbcType=VARCHAR},
      delete_time = #{deleteTime,jdbcType=TIMESTAMP},
      remarks = #{remarks,jdbcType=VARCHAR},
      attachment = #{attachment,jdbcType=VARCHAR},
      name = #{name,jdbcType=VARCHAR},
      content = #{content,jdbcType=VARCHAR},
      status = #{status,jdbcType=INTEGER},
      key_word = #{keyWord,jdbcType=VARCHAR},
      screen_name = #{screenName,jdbcType=VARCHAR},
      avatar = #{avatar,jdbcType=VARCHAR},
      weibo_account = #{weiboAccount,jdbcType=VARCHAR},
      user_id = #{userId,jdbcType=BIGINT},
      bak1 = #{bak1,jdbcType=VARCHAR},
      bak2 = #{bak2,jdbcType=VARCHAR},
      bak3 = #{bak3,jdbcType=VARCHAR},
      bak4 = #{bak4,jdbcType=VARCHAR},
      bak5 = #{bak5,jdbcType=VARCHAR}
    where id = #{id,jdbcType=INTEGER}
  </update>
  
  
	<select id="getKeyWordByUserId" parameterType="string" resultType="String">
		select key_word from sys_company where tenant_id = '${userId}'
	</select>
	
	<select id="getKeyWordCount" parameterType="int" resultType="map">
		select key_word as keyWord,count(1) as count from bc_clue_weibo where is_deleted=0 group by key_word order by count desc
	</select>
	
	<select id="getPage" parameterType="cn.cecook.uitls.Pages" resultMap="BaseResultMap">
		select *,DATE_FORMAT(create_time,'%Y-%m-%d %H:%i:%S') as createTimeStr from bc_clue_weibo where is_deleted=0 
		<if test="where.keyWord != null and where.keyWord != ''">
			and key_word = '${where.keyWord}' 
		</if>
		<if test="where.userId != null and where.userId != 0">
			and user_id = #{where.userId} 
		</if>
		<!-- <if test="orderby != null">order by ${orderby} </if> -->
		order by create_time desc 
		limit #{startIndex}, #{pageSize}
	</select>
	
	<select id="count" parameterType="map" resultType="int">
		select count(1) from bc_clue_weibo where is_deleted=0  
		<if test="keyWord != null and keyWord != ''">
			and key_word = '${keyWord}' 
		</if>
		<if test="userId != null and userId != 0">
			and user_id = #{userId}
		</if>
	</select>
	
	<select id="getClueWeiboById" parameterType="int" resultType="map">
		select DATE_FORMAT(create_time,'%Y-%m-%d %H:%i:%S') createTime,name,content,'微博' source,id 
		from bc_clue_weibo where is_deleted=0 and id = #{id} order by id asc 
	</select>
	
	<update id="delClueWeibo" parameterType="int">
		update bc_clue_weibo set is_deleted=1 where id=#{id}
	</update>
</mapper>