<?xml version="1.0" encoding="UTF-8" ?>
<!DOCTYPE mapper PUBLIC "-//mybatis.org//DTD Mapper 3.0//EN" "http://mybatis.org/dtd/mybatis-3-mapper.dtd" >
<mapper namespace="cn.cecook.dao.business.customer.BcCustomerExtendMapper" >
    <resultMap type="cn.cecook.model.business.customer.BcCustomerExtend" id="CustomerExtendMap">
         <id column="id" property="id" jdbcType="INTEGER" />
		<result column="uuid" property="uuid" jdbcType="VARCHAR" />
		<result column="tenant_id" property="tenantId" jdbcType="VARCHAR" />
		<result column="is_deleted" property="isDeleted" jdbcType="INTEGER" />
		<result column="create_id" property="createId" jdbcType="BIGINT" />
		<result column="create_time" property="createTime" jdbcType="TIMESTAMP" />
		<result column="order_code" property="orderCode" jdbcType="VARCHAR" />
		<result column="delete_time" property="deleteTime" jdbcType="TIMESTAMP" />
		<result column="remarks" property="remarks" jdbcType="VARCHAR" />
		<result column="attachment" property="attachment" jdbcType="VARCHAR" />
		<result column="bc_customer_id" property="bcCustomerId" jdbcType="INTEGER" />
		<result column="text_name_type" property="textNameType" jdbcType="VARCHAR" />
		<result column="text_name_key" property="textNameKey" jdbcType="VARCHAR" />
		<result column="text_value" property="textValue" jdbcType="VARCHAR" />
		<result column="bak1" property="bak1" jdbcType="VARCHAR" />
		<result column="bak2" property="bak2" jdbcType="VARCHAR" />
		<result column="bak3" property="bak3" jdbcType="VARCHAR" />
		<result column="bak4" property="bak4" jdbcType="VARCHAR" />
		<result column="bak5" property="bak5" jdbcType="VARCHAR" />
    </resultMap>
    
    <insert id="Inster_BcCustomerExtend" parameterType = "cn.cecook.model.business.customer.BcCustomerExtend">
       INSERT into Custom_dataComponent_table(is_deleted,bc_customer_id,create_id
       ,text_name_type,text_name_key,
       text_value) 
       VALUES(#{isDeleted,jdbcType=INTEGER},#{bcCustomerId,jdbcType=INTEGER},#{createId,jdbcType=BIGINT},#{textNameType,jdbcType=VARCHAR},
       #{textNameKey,jdbcType=VARCHAR},#{textValue,jdbcType=VARCHAR})
    </insert>
    <select id="Find_BcCustomerExtendById" parameterType="java.lang.Integer" resultMap = "CustomerExtendMap" >
       SELECT text_name_type,
			text_name_key,
			text_value
			FROM Custom_dataComponent_table WHERE Custom_dataComponent_table.`is_deleted`='0' AND
			 Custom_dataComponent_table.`bc_customer_id` =#{id}
			 ORDER BY Custom_dataComponent_table.`id`
       
    </select>
    <select id="Find_BcCustomerExtendByIdandtypeandname" parameterType="cn.cecook.model.business.customer.BcCustomerExtend" resultMap = "CustomerExtendMap" >
       SELECT * FROM Custom_dataComponent_table WHERE Custom_dataComponent_table.`is_deleted`='0' AND
			 Custom_dataComponent_table.`bc_customer_id` = #{bcCustomerId}  AND 
			 Custom_dataComponent_table.`text_name_type` = #{textNameType}  AND 
			 Custom_dataComponent_table.`text_name_key`  = #{textNameKey}
       
    </select>
    <update id="update_BcCustomerExtendByidtypeandkey" parameterType="cn.cecook.model.business.customer.BcCustomerExtend">
        UPDATE Custom_dataComponent_table SET 
        Custom_dataComponent_table.`text_value` =#{textValue}
        WHERE 
                         Custom_dataComponent_table.`is_deleted`='0' AND
			 Custom_dataComponent_table.`bc_customer_id` = #{bcCustomerId}  AND 
			 Custom_dataComponent_table.`text_name_type` = #{textNameType}  AND 
			 Custom_dataComponent_table.`text_name_key`  = #{textNameKey}
    </update>
    <update id="Remove_BcCustomerExtendBytypeandkey" parameterType="map">
        UPDATE Custom_dataComponent_table SET 
        Custom_dataComponent_table.`is_deleted`= '1' 
        WHERE Custom_dataComponent_table.`is_deleted`='0' AND 
        Custom_dataComponent_table.`text_name_type` = #{info_type,jdbcType=VARCHAR}
        AND Custom_dataComponent_table.`text_name_key`= #{info_key,jdbcType=VARCHAR}
          AND Custom_dataComponent_table.`bc_customer_id`=#{id}
    </update>
</mapper>