<?xml version="1.0" encoding="UTF-8" ?>
<!DOCTYPE mapper PUBLIC "-//mybatis.org//DTD Mapper 3.0//EN" "http://mybatis.org/dtd/mybatis-3-mapper.dtd" >
<mapper namespace="cn.cecook.dao.business.customer.BcCustomerActionMapper">
	<resultMap id="BaseResultMap" type="cn.cecook.model.business.customer.BcCustomerAction">
		<id column="id" property="id" jdbcType="INTEGER" />
		<result column="uuid" property="uuid" jdbcType="VARCHAR" />
		<result column="tenant_id" property="tenantId" jdbcType="VARCHAR" />
		<result column="is_deleted" property="isDeleted" jdbcType="INTEGER" />
		<result column="create_id" property="createId" jdbcType="BIGINT" />
		<result column="create_time" property="createTime" jdbcType="TIMESTAMP" />
		<result column="order_code" property="orderCode" jdbcType="VARCHAR" />
		<result column="delete_time" property="deleteTime" jdbcType="TIMESTAMP" />
		<result column="remarks" property="remarks" jdbcType="VARCHAR" />
		<result column="attachment" property="attachment" jdbcType="VARCHAR" />
		<result column="customer_id" property="customerId" jdbcType="BIGINT" />
		<result column="customer_name" property="customerName"
			jdbcType="VARCHAR" />
		<result column="activity_id" property="activityId" jdbcType="BIGINT" />
		<result column="activity_name" property="activityName"
			jdbcType="VARCHAR" />
		<result column="type" property="type" jdbcType="VARCHAR" />
		<result column="content" property="content" jdbcType="VARCHAR" />
		<result column="enjoy_status" property="enjoyStatus" jdbcType="INTEGER" />
		<result column="handle_status" property="handleStatus"
			jdbcType="INTEGER" />
		<result column="clue_activity_id" property="clueActivityId"
			jdbcType="BIGINT" />
		<result column="bak1" property="bak1" jdbcType="VARCHAR" />
		<result column="bak2" property="bak2" jdbcType="VARCHAR" />
		<result column="bak3" property="bak3" jdbcType="VARCHAR" />
		<result column="bak4" property="bak4" jdbcType="VARCHAR" />
		<result column="bak5" property="bak5" jdbcType="VARCHAR" />
		<result column="user_id" property="userId" jdbcType="INTEGER" />
		<result column="source" property="source" jdbcType="VARCHAR" />
	</resultMap>
	<sql id="Example_Where_Clause">
		<where>
			<foreach collection="oredCriteria" item="criteria" separator="or">
				<if test="criteria.valid">
					<trim prefix="(" suffix=")" prefixOverrides="and">
						<foreach collection="criteria.criteria" item="criterion">
							<choose>
								<when test="criterion.noValue">
									and ${criterion.condition}
								</when>
								<when test="criterion.singleValue">
									and ${criterion.condition} #{criterion.value}
								</when>
								<when test="criterion.betweenValue">
									and ${criterion.condition} #{criterion.value} and
									#{criterion.secondValue}
								</when>
								<when test="criterion.listValue">
									and ${criterion.condition}
									<foreach collection="criterion.value" item="listItem"
										open="(" close=")" separator=",">
										#{listItem}
									</foreach>
								</when>
							</choose>
						</foreach>
					</trim>
				</if>
			</foreach>
		</where>
	</sql>
	<sql id="Update_By_Example_Where_Clause">
		<where>
			<foreach collection="example.oredCriteria" item="criteria"
				separator="or">
				<if test="criteria.valid">
					<trim prefix="(" suffix=")" prefixOverrides="and">
						<foreach collection="criteria.criteria" item="criterion">
							<choose>
								<when test="criterion.noValue">
									and ${criterion.condition}
								</when>
								<when test="criterion.singleValue">
									and ${criterion.condition} #{criterion.value}
								</when>
								<when test="criterion.betweenValue">
									and ${criterion.condition} #{criterion.value} and
									#{criterion.secondValue}
								</when>
								<when test="criterion.listValue">
									and ${criterion.condition}
									<foreach collection="criterion.value" item="listItem"
										open="(" close=")" separator=",">
										#{listItem}
									</foreach>
								</when>
							</choose>
						</foreach>
					</trim>
				</if>
			</foreach>
		</where>
	</sql>
	<sql id="Base_Column_List">
		id, uuid, tenant_id, is_deleted, create_id, create_time, order_code,
		delete_time,
		remarks, attachment, customer_id, customer_name, activity_id, activity_name,
		type,
		content, enjoy_status, handle_status, clue_activity_id, bak1, bak2, bak3,
		bak4, bak5,source
	</sql>
	<select id="selectByExample" resultMap="BaseResultMap"
		parameterType="cn.cecook.model.business.customer.BcCustomerActionExample">
		select
		<if test="distinct">
			distinct
		</if>
		<include refid="Base_Column_List" />
		from bc_customer_action
		<if test="_parameter != null">
			<include refid="Example_Where_Clause" />
		</if>
		<if test="orderByClause != null">
			order by ${orderByClause}
		</if>
	</select>
	<select id="selectByPrimaryKey" resultMap="BaseResultMap"
		parameterType="java.lang.Integer">
		select
		<include refid="Base_Column_List" />
		from bc_customer_action
		where id = #{id,jdbcType=INTEGER}
	</select>
	<delete id="deleteByPrimaryKey" parameterType="java.lang.Integer">
		delete from bc_customer_action
		where id = #{id,jdbcType=INTEGER}
	</delete>
	<delete id="deleteByExample" parameterType="cn.cecook.model.business.customer.BcCustomerActionExample">
		delete from bc_customer_action
		<if test="_parameter != null">
			<include refid="Example_Where_Clause" />
		</if>
	</delete>
	<insert id="insert" parameterType="cn.cecook.model.business.customer.BcCustomerAction">
		insert into bc_customer_action (id, uuid, tenant_id,
		is_deleted, create_id, create_time,
		order_code, delete_time, remarks,
		attachment, customer_id, customer_name,
		activity_id, activity_name, type,
		content, enjoy_status, handle_status,
		clue_activity_id, bak1, bak2,
		bak3, bak4, bak5,
		user_id, source)
		values (#{id,jdbcType=INTEGER}, #{uuid,jdbcType=VARCHAR},
		#{tenantId,jdbcType=VARCHAR},
		#{isDeleted,jdbcType=INTEGER}, #{createId,jdbcType=BIGINT}, #{createTime,jdbcType=TIMESTAMP},
		#{orderCode,jdbcType=VARCHAR}, #{deleteTime,jdbcType=TIMESTAMP},
		#{remarks,jdbcType=VARCHAR},
		#{attachment,jdbcType=VARCHAR}, #{customerId,jdbcType=BIGINT}, #{customerName,jdbcType=VARCHAR},
		#{activityId,jdbcType=BIGINT}, #{activityName,jdbcType=VARCHAR},
		#{type,jdbcType=VARCHAR},
		#{content,jdbcType=VARCHAR}, #{enjoyStatus,jdbcType=INTEGER}, #{handleStatus,jdbcType=INTEGER},
		#{clueActivityId,jdbcType=BIGINT}, #{bak1,jdbcType=VARCHAR},
		#{bak2,jdbcType=VARCHAR},
		#{bak3,jdbcType=VARCHAR}, #{bak4,jdbcType=VARCHAR}, #{bak5,jdbcType=VARCHAR},
		#{userId,jdbcType=INTEGER}, #{source,jdbcType=VARCHAR})
	</insert>
	<insert id="insertSelective" parameterType="cn.cecook.model.business.customer.BcCustomerAction">
		insert into bc_customer_action
		<trim prefix="(" suffix=")" suffixOverrides=",">
			<if test="id != null">
				id,
			</if>
			<if test="uuid != null">
				uuid,
			</if>
			<if test="tenantId != null">
				tenant_id,
			</if>
			<if test="isDeleted != null">
				is_deleted,
			</if>
			<if test="createId != null">
				create_id,
			</if>
			<if test="createTime != null">
				create_time,
			</if>
			<if test="orderCode != null">
				order_code,
			</if>
			<if test="deleteTime != null">
				delete_time,
			</if>
			<if test="remarks != null">
				remarks,
			</if>
			<if test="attachment != null">
				attachment,
			</if>
			<if test="customerId != null">
				customer_id,
			</if>
			<if test="customerName != null">
				customer_name,
			</if>
			<if test="activityId != null">
				activity_id,
			</if>
			<if test="activityName != null">
				activity_name,
			</if>
			<if test="type != null">
				type,
			</if>
			<if test="content != null">
				content,
			</if>
			<if test="enjoyStatus != null">
				enjoy_status,
			</if>
			<if test="handleStatus != null">
				handle_status,
			</if>
			<if test="clueActivityId != null">
				clue_activity_id,
			</if>
			<if test="bak1 != null">
				bak1,
			</if>
			<if test="bak2 != null">
				bak2,
			</if>
			<if test="bak3 != null">
				bak3,
			</if>
			<if test="bak4 != null">
				bak4,
			</if>
			<if test="bak5 != null">
				bak5,
			</if>
			<if test="userId != null">
				user_id,
			</if>
			<if test="source != null">
				source,
			</if>
		</trim>
		<trim prefix="values (" suffix=")" suffixOverrides=",">
			<if test="id != null">
				#{id,jdbcType=INTEGER},
			</if>
			<if test="uuid != null">
				#{uuid,jdbcType=VARCHAR},
			</if>
			<if test="tenantId != null">
				#{tenantId,jdbcType=VARCHAR},
			</if>
			<if test="isDeleted != null">
				#{isDeleted,jdbcType=INTEGER},
			</if>
			<if test="createId != null">
				#{createId,jdbcType=BIGINT},
			</if>
			<if test="createTime != null">
				#{createTime,jdbcType=TIMESTAMP},
			</if>
			<if test="orderCode != null">
				#{orderCode,jdbcType=VARCHAR},
			</if>
			<if test="deleteTime != null">
				#{deleteTime,jdbcType=TIMESTAMP},
			</if>
			<if test="remarks != null">
				#{remarks,jdbcType=VARCHAR},
			</if>
			<if test="attachment != null">
				#{attachment,jdbcType=VARCHAR},
			</if>
			<if test="customerId != null">
				#{customerId,jdbcType=BIGINT},
			</if>
			<if test="customerName != null">
				#{customerName,jdbcType=VARCHAR},
			</if>
			<if test="activityId != null">
				#{activityId,jdbcType=BIGINT},
			</if>
			<if test="activityName != null">
				#{activityName,jdbcType=VARCHAR},
			</if>
			<if test="type != null">
				#{type,jdbcType=VARCHAR},
			</if>
			<if test="content != null">
				#{content,jdbcType=VARCHAR},
			</if>
			<if test="enjoyStatus != null">
				#{enjoyStatus,jdbcType=INTEGER},
			</if>
			<if test="handleStatus != null">
				#{handleStatus,jdbcType=INTEGER},
			</if>
			<if test="clueActivityId != null">
				#{clueActivityId,jdbcType=BIGINT},
			</if>
			<if test="bak1 != null">
				#{bak1,jdbcType=VARCHAR},
			</if>
			<if test="bak2 != null">
				#{bak2,jdbcType=VARCHAR},
			</if>
			<if test="bak3 != null">
				#{bak3,jdbcType=VARCHAR},
			</if>
			<if test="bak4 != null">
				#{bak4,jdbcType=VARCHAR},
			</if>
			<if test="bak5 != null">
				#{bak5,jdbcType=VARCHAR},
			</if>
			<if test="userId != null">
				#{userId},
			</if>
			<if test="source != null">
				#{source,jdbcType=VARCHAR},
			</if>
		</trim>
	</insert>
	<select id="countByExample" parameterType="cn.cecook.model.business.customer.BcCustomerActionExample"
		resultType="java.lang.Integer">
		select count(*) from bc_customer_action
		<if test="_parameter != null">
			<include refid="Example_Where_Clause" />
		</if>
	</select>
	<update id="updateByExampleSelective" parameterType="map">
		update bc_customer_action
		<set>
			<if test="record.id != null">
				id = #{record.id,jdbcType=INTEGER},
			</if>
			<if test="record.uuid != null">
				uuid = #{record.uuid,jdbcType=VARCHAR},
			</if>
			<if test="record.tenantId != null">
				tenant_id = #{record.tenantId,jdbcType=VARCHAR},
			</if>
			<if test="record.isDeleted != null">
				is_deleted = #{record.isDeleted,jdbcType=INTEGER},
			</if>
			<if test="record.createId != null">
				create_id = #{record.createId,jdbcType=BIGINT},
			</if>
			<if test="record.createTime != null">
				create_time = #{record.createTime,jdbcType=TIMESTAMP},
			</if>
			<if test="record.orderCode != null">
				order_code = #{record.orderCode,jdbcType=VARCHAR},
			</if>
			<if test="record.deleteTime != null">
				delete_time = #{record.deleteTime,jdbcType=TIMESTAMP},
			</if>
			<if test="record.remarks != null">
				remarks = #{record.remarks,jdbcType=VARCHAR},
			</if>
			<if test="record.attachment != null">
				attachment = #{record.attachment,jdbcType=VARCHAR},
			</if>
			<if test="record.customerId != null">
				customer_id = #{record.customerId,jdbcType=BIGINT},
			</if>
			<if test="record.customerName != null">
				customer_name = #{record.customerName,jdbcType=VARCHAR},
			</if>
			<if test="record.activityId != null">
				activity_id = #{record.activityId,jdbcType=BIGINT},
			</if>
			<if test="record.activityName != null">
				activity_name = #{record.activityName,jdbcType=VARCHAR},
			</if>
			<if test="record.type != null">
				type = #{record.type,jdbcType=VARCHAR},
			</if>
			<if test="record.content != null">
				content = #{record.content,jdbcType=VARCHAR},
			</if>
			<if test="record.enjoyStatus != null">
				enjoy_status = #{record.enjoyStatus,jdbcType=INTEGER},
			</if>
			<if test="record.handleStatus != null">
				handle_status = #{record.handleStatus,jdbcType=INTEGER},
			</if>
			<if test="record.clueActivityId != null">
				clue_activity_id = #{record.clueActivityId,jdbcType=BIGINT},
			</if>
			<if test="record.bak1 != null">
				bak1 = #{record.bak1,jdbcType=VARCHAR},
			</if>
			<if test="record.bak2 != null">
				bak2 = #{record.bak2,jdbcType=VARCHAR},
			</if>
			<if test="record.bak3 != null">
				bak3 = #{record.bak3,jdbcType=VARCHAR},
			</if>
			<if test="record.bak4 != null">
				bak4 = #{record.bak4,jdbcType=VARCHAR},
			</if>
			<if test="record.bak5 != null">
				bak5 = #{record.bak5,jdbcType=VARCHAR},
			</if>
		</set>
		<if test="_parameter != null">
			<include refid="Update_By_Example_Where_Clause" />
		</if>
	</update>
	<update id="updateByExample" parameterType="map">
		update bc_customer_action
		set id = #{record.id,jdbcType=INTEGER},
		uuid = #{record.uuid,jdbcType=VARCHAR},
		tenant_id = #{record.tenantId,jdbcType=VARCHAR},
		is_deleted = #{record.isDeleted,jdbcType=INTEGER},
		create_id = #{record.createId,jdbcType=BIGINT},
		create_time = #{record.createTime,jdbcType=TIMESTAMP},
		order_code = #{record.orderCode,jdbcType=VARCHAR},
		delete_time = #{record.deleteTime,jdbcType=TIMESTAMP},
		remarks = #{record.remarks,jdbcType=VARCHAR},
		attachment = #{record.attachment,jdbcType=VARCHAR},
		customer_id = #{record.customerId,jdbcType=BIGINT},
		customer_name = #{record.customerName,jdbcType=VARCHAR},
		activity_id = #{record.activityId,jdbcType=BIGINT},
		activity_name = #{record.activityName,jdbcType=VARCHAR},
		type = #{record.type,jdbcType=VARCHAR},
		content = #{record.content,jdbcType=VARCHAR},
		enjoy_status = #{record.enjoyStatus,jdbcType=INTEGER},
		handle_status = #{record.handleStatus,jdbcType=INTEGER},
		clue_activity_id = #{record.clueActivityId,jdbcType=BIGINT},
		bak1 = #{record.bak1,jdbcType=VARCHAR},
		bak2 = #{record.bak2,jdbcType=VARCHAR},
		bak3 = #{record.bak3,jdbcType=VARCHAR},
		bak4 = #{record.bak4,jdbcType=VARCHAR},
		bak5 = #{record.bak5,jdbcType=VARCHAR}
		<if test="_parameter != null">
			<include refid="Update_By_Example_Where_Clause" />
		</if>
	</update>
	<update id="updateByPrimaryKeySelective" parameterType="cn.cecook.model.business.customer.BcCustomerAction">
		update bc_customer_action
		<set>
			<if test="uuid != null">
				uuid = #{uuid,jdbcType=VARCHAR},
			</if>
			<if test="tenantId != null">
				tenant_id = #{tenantId,jdbcType=VARCHAR},
			</if>
			<if test="isDeleted != null">
				is_deleted = #{isDeleted,jdbcType=INTEGER},
			</if>
			<if test="createId != null">
				create_id = #{createId,jdbcType=BIGINT},
			</if>
			<if test="createTime != null">
				create_time = #{createTime,jdbcType=TIMESTAMP},
			</if>
			<if test="orderCode != null">
				order_code = #{orderCode,jdbcType=VARCHAR},
			</if>
			<if test="deleteTime != null">
				delete_time = #{deleteTime,jdbcType=TIMESTAMP},
			</if>
			<if test="remarks != null">
				remarks = #{remarks,jdbcType=VARCHAR},
			</if>
			<if test="attachment != null">
				attachment = #{attachment,jdbcType=VARCHAR},
			</if>
			<if test="customerId != null">
				customer_id = #{customerId,jdbcType=BIGINT},
			</if>
			<if test="customerName != null">
				customer_name = #{customerName,jdbcType=VARCHAR},
			</if>
			<if test="activityId != null">
				activity_id = #{activityId,jdbcType=BIGINT},
			</if>
			<if test="activityName != null">
				activity_name = #{activityName,jdbcType=VARCHAR},
			</if>
			<if test="type != null">
				type = #{type,jdbcType=VARCHAR},
			</if>
			<if test="content != null">
				content = #{content,jdbcType=VARCHAR},
			</if>
			<if test="enjoyStatus != null">
				enjoy_status = #{enjoyStatus,jdbcType=INTEGER},
			</if>
			<if test="handleStatus != null">
				handle_status = #{handleStatus,jdbcType=INTEGER},
			</if>
			<if test="clueActivityId != null">
				clue_activity_id = #{clueActivityId,jdbcType=BIGINT},
			</if>
			<if test="bak1 != null">
				bak1 = #{bak1,jdbcType=VARCHAR},
			</if>
			<if test="bak2 != null">
				bak2 = #{bak2,jdbcType=VARCHAR},
			</if>
			<if test="bak3 != null">
				bak3 = #{bak3,jdbcType=VARCHAR},
			</if>
			<if test="bak4 != null">
				bak4 = #{bak4,jdbcType=VARCHAR},
			</if>
			<if test="bak5 != null">
				bak5 = #{bak5,jdbcType=VARCHAR},
			</if>
		</set>
		where id = #{id,jdbcType=INTEGER}
	</update>
	<update id="updateByPrimaryKey" parameterType="cn.cecook.model.business.customer.BcCustomerAction">
		update bc_customer_action
		set uuid = #{uuid,jdbcType=VARCHAR},
		tenant_id = #{tenantId,jdbcType=VARCHAR},
		is_deleted = #{isDeleted,jdbcType=INTEGER},
		create_id = #{createId,jdbcType=BIGINT},
		create_time = #{createTime,jdbcType=TIMESTAMP},
		order_code = #{orderCode,jdbcType=VARCHAR},
		delete_time = #{deleteTime,jdbcType=TIMESTAMP},
		remarks = #{remarks,jdbcType=VARCHAR},
		attachment = #{attachment,jdbcType=VARCHAR},
		customer_id = #{customerId,jdbcType=BIGINT},
		customer_name = #{customerName,jdbcType=VARCHAR},
		activity_id = #{activityId,jdbcType=BIGINT},
		activity_name = #{activityName,jdbcType=VARCHAR},
		type = #{type,jdbcType=VARCHAR},
		content = #{content,jdbcType=VARCHAR},
		enjoy_status = #{enjoyStatus,jdbcType=INTEGER},
		handle_status = #{handleStatus,jdbcType=INTEGER},
		clue_activity_id = #{clueActivityId,jdbcType=BIGINT},
		bak1 = #{bak1,jdbcType=VARCHAR},
		bak2 = #{bak2,jdbcType=VARCHAR},
		bak3 = #{bak3,jdbcType=VARCHAR},
		bak4 = #{bak4,jdbcType=VARCHAR},
		bak5 = #{bak5,jdbcType=VARCHAR}
		where id = #{id,jdbcType=INTEGER}
	</update>


	<select id="getPage" parameterType="cn.cecook.uitls.Pages"
		resultMap="BaseResultMap">
		select t1.*,t2.name as name,t2.avatar as
		avatar,DATE_FORMAT(t3.lastCostTime,'%Y-%m-%d %H:%i:%S') as
		lastCostTimeStr,t4.description sourceStr
		from bc_customer_action t1 left join bc_customer t2 on
		t1.customer_id=t2.id
		left join (select customer_id,max(create_time) lastCostTime from
		bm_write_off GROUP BY customer_id) t3 on t2.id=t3.customer_id
		left join bc_clue_source t4 on t1.source=t4.id
		where t1.is_deleted=0
		<if test="where.keyWord != null and where.keyWord != ''">
			and (t2.name like concat('%',#{where.keyWord},'%') or
			t2.phone like concat('%',#{where.keyWord},'%') or t2.email like
			concat('%',#{where.keyWord},'%'))
		</if>
		<if test="where.handleStatus != null and where.handleStatus != -1">
			and t1.handle_status = #{where.handleStatus}
		</if>
		<if test="where.source != null and where.source != ''">
			and t1.source = #{where.source}
		</if>
		<if test="where.activityId != null and where.activityId != 0">
			and t1.activity_id = #{where.activityId}
		</if>
		<if test="where.type != null and where.type != ''">
			and t1.type = #{where.type}
		</if>
		<if test="orderby != null">order by t1.${orderby} </if>
		limit #{startIndex}, #{pageSize}
	</select>

	<select id="count" parameterType="map" resultType="int">
		select count(1) from bc_customer_action t1 left join bc_customer t2 on
		t1.customer_id=t2.id where t1.is_deleted=0
		<if test="keyWord != null and keyWord != ''">
			and (t2.name like concat('%',#{keyWord},'%') or t2.phone
			like concat('%',#{keyWord},'%') or t2.email like
			concat('%',#{keyWord},'%'))
		</if>
		<if test="handleStatus != null and handleStatus != -1">
			and t1.handle_status = #{handleStatus}
		</if>
		<if test="source != null and source != ''">
			and t1.source = #{source}
		</if>
		<if test="activityId != null and activityId != 0">
			and t1.activity_id = #{activityId}
		</if>
	</select>

	<select id="customerCost" parameterType="map" resultType="map">
		SELECT
			DATE_FORMAT(t1.create_time, '%Y-%m-%d') AS minDate,
			t1.consumption_amount AS minCost,
			DATE_FORMAT(t2.create_time, '%Y-%m-%d') AS maxDate,
			t2.consumption_amount AS maxCost,
			t3.totalCost AS totalCost
		FROM
			(
				SELECT
					create_time,
					consumption_amount
				FROM
					bm_write_off
				WHERE
					customer_id = #{customerId}
				AND create_time = (
					SELECT
						min(create_time)
					FROM
						bm_write_off
					WHERE
						customer_id = #{customerId}
				)
			) t1
		JOIN (
			SELECT
				create_time,
				consumption_amount
			FROM
				bm_write_off
			WHERE
				customer_id = #{customerId}
			AND create_time = (
				SELECT
					max(create_time)
				FROM
					bm_write_off
				WHERE
					customer_id = #{customerId}
			)
		) t2
		JOIN (
			SELECT
				sum(consumption_amount) totalCost
			FROM
				bm_write_off
			WHERE
				customer_id = #{customerId}
		) t3
	</select>

	<select id="customerChat" parameterType="map" resultType="map">
		select customer_id as customerId,action_id as
		actionId,content,DATE_FORMAT(create_time,'%Y-%m-%d %H:%i:%S') as
		createTime,
		send_account as sendAccount,social_type as socialType
		from bc_social_send where is_deleted=0
		<if test="customerId != null and customerId != 0">
			and customer_id = #{customerId}
		</if>
		<if test="actionId != null and actionId != 0">
			and action_id = #{actionId}
		</if>
		<if test="clueWeiboId != null and clueWeiboId != 0">
			and clue_weibo_id = #{clueWeiboId}
		</if>
		<if test="writeOffId != null and writeOffId != 0">
			and write_off_id = #{writeOffId}
		</if>
		order by id asc
	</select>

	<select id="chatRemark" parameterType="map" resultType="map">
		select id,customer_id as customerId,action_id as
		actionId,content,DATE_FORMAT(create_time,'%Y-%m-%d %H:%i:%S')
		createTime
		from bc_chat_remark where is_deleted=0
		<if test="customerId != null and customerId != 0">
			and customer_id = #{customerId}
		</if>
		<if test="actionId != null and actionId != 0">
			and action_id = #{actionId}
		</if>
		<if test="clueWeiboId != null and clueWeiboId != 0">
			and clue_weibo_id = #{clueWeiboId}
		</if>
		<if test="writeOffId != null and writeOffId != 0">
			and write_off_id = #{writeOffId}
		</if>
		order by id asc
	</select>

	<select id="getCustomerActionById" parameterType="map"
		resultType="map">
		select DATE_FORMAT(t1.create_time,'%Y-%m-%d %H:%i:%S')
		createTime,customer_name name,content,t2.description source,t1.id
		from bc_customer_action t1 left join bc_clue_source t2 on t1.source=t2.id
		where 1=1
		<if test="customerId != null and customerId != 0">
			and customer_id = #{customerId}
		</if>
		<if test="actionId != null and actionId != 0">
			and t1.id = #{actionId}
		</if>
		order by t1.id asc limit 10
	</select>

	<insert id="addChatRemark" parameterType="map" useGeneratedKeys="true"
		keyProperty="id">
		insert into
		bc_chat_remark(customer_id,action_id,content,clue_weibo_id,write_off_id)
		values(#{customerId},#{actionId},#{content},#{clueWeiboId},#{writeOffId})
	</insert>

	<update id="updateChatRemark" parameterType="map">
		update bc_chat_remark
		<set>
			<if test="isDelete != null">
				is_deleted = #{isDelete}
			</if>
		</set>
		where id = #{id}
	</update>

	<insert id="addCustomerChat" parameterType="map">
		insert into
		bc_social_send(customer_id,action_id,content,send_account,social_type,clue_weibo_id,write_off_id)
		values(#{customerId},#{actionId},#{content},#{sendAccount},#{socialType},#{clueWeiboId},#{writeOffId})
	</insert>

	<update id="changeStatus" parameterType="map">
		update
		bc_customer_action set handle_status = #{handleStatus} where id =
		#{id}
	</update>
	<select id="getCustomerActionPage" parameterType="cn.cecook.uitls.Pages"
		resultMap="BaseResultMap">
		select

		bc.id, bc.uuid, bc.tenant_id, bc.is_deleted, bc.create_id, bc.create_time,
		bc.order_code, bc.delete_time,
		bc.customer_id, bc.customer_name, bc.activity_id, bc.activity_name, bc.type,
		bc.content, bc.enjoy_status, bc.handle_status, bc.clue_activity_id,
		bc.source,t1.`name`,t2.`name`


		from bc_customer_action bc

		LEFT JOIN bm_market_activity t1 ON t1.id=bc.activity_id

		LEFT JOIN bm_activity t2 ON t2.id=bc.activity_id
		where bc.is_deleted=0 and customer_id = #{where.id}
		limit #{startIndex}, #{pageSize}
	</select>

	<select id="getWriteOffById" parameterType="int" resultType="map">
		select DATE_FORMAT(t1.create_time,'%Y-%m-%d %H:%i:%S')
		createTime,t2.name name,coupon_name content,t2.source source,t1.id id
		from bm_write_off t1 left join (select id,name,source from
		bc_customer) t2 on t1.customer_id = t2.id
		where t1.id = #{id} order by
		id asc
	</select>
</mapper>