<?xml version="1.0" encoding="UTF-8" ?>
<!DOCTYPE mapper PUBLIC "-//mybatis.org//DTD Mapper 3.0//EN" "http://mybatis.org/dtd/mybatis-3-mapper.dtd" >
<mapper namespace="cn.cecook.dao.business.customer.BcCustomerMapper">
    <resultMap id="BaseResultMap" type="cn.cecook.model.business.customer.BcCustomer">
        <id column="id" property="id" jdbcType="INTEGER"/>
        <result column="uuid" property="uuid" jdbcType="VARCHAR"/>
        <result column="tenant_id" property="tenantId" jdbcType="VARCHAR"/>
        <result column="is_deleted" property="isDeleted" jdbcType="INTEGER"/>
        <result column="create_id" property="createId" jdbcType="BIGINT"/>
        <result column="create_time" property="createTime" jdbcType="TIMESTAMP"/>
        <result column="order_code" property="orderCode" jdbcType="VARCHAR"/>
        <result column="delete_time" property="deleteTime" jdbcType="TIMESTAMP"/>
        <result column="remarks" property="remarks" jdbcType="VARCHAR"/>
        <result column="attachment" property="attachment" jdbcType="VARCHAR"/>
        <result column="name" property="name" jdbcType="VARCHAR"/>
        <result column="phone" property="phone" jdbcType="VARCHAR"/>
        <result column="email" property="email" jdbcType="VARCHAR"/>
        <result column="company" property="company" jdbcType="VARCHAR"/>
        <result column="job" property="job" jdbcType="VARCHAR"/>
        <result column="score" property="score" jdbcType="VARCHAR"/>
        <result column="gender" property="gender" jdbcType="VARCHAR"/>
        <result column="birthday" property="birthday" jdbcType="VARCHAR"/>
        <result column="weibo" property="weibo" jdbcType="VARCHAR"/>
        <result column="wechat" property="wechat" jdbcType="VARCHAR"/>
        <result column="city" property="city" jdbcType="VARCHAR"/>
        <result column="address" property="address" jdbcType="VARCHAR"/>
        <result column="fax" property="fax" jdbcType="VARCHAR"/>
        <result column="tag" property="tag" jdbcType="VARCHAR"/>
        <result column="source" property="source" jdbcType="VARCHAR"/>
        <result column="group_customer" property="groupCustomer"
                jdbcType="VARCHAR"/>
        <result column="avatar" property="avatar" jdbcType="VARCHAR"/>
        <result column="bak1" property="bak1" jdbcType="VARCHAR"/>
        <result column="bak2" property="bak2" jdbcType="VARCHAR"/>
        <result column="bak3" property="bak3" jdbcType="VARCHAR"/>
        <result column="bak4" property="bak4" jdbcType="VARCHAR"/>
        <result column="bak5" property="bak5" jdbcType="VARCHAR"/>

        <result column="crm_balance" property="crmBalance" jdbcType="INTEGER"/>
        <result column="crm_score" property="crmScore" jdbcType="INTEGER"/>
        <result column="crm_discount" property="crmDiscount" jdbcType="DOUBLE"/>
        <result column="crm_member_level" property="crmMemberLevel" jdbcType="VARCHAR"/>
        <result column="staff_id" property="staffId" jdbcType="INTEGER"/>
        <result column="cust_limit" property="custLimit" jdbcType="VARCHAR"/>
        <result column="open_id" property="openId" jdbcType="VARCHAR"/>

        <result column="customer_source" property="customer_source"
                jdbcType="VARCHAR"/>
        <result column="job_number" property="jobNumber"
                jdbcType="VARCHAR"/>
    </resultMap>
    <sql id="Base_Column_List">
		id, uuid, tenant_id, is_deleted, create_id, create_time,
		order_code,
		delete_time,
		remarks, attachment, name, phone, email,
		company, job, score, gender,
		birthday, weibo,
		wechat, city, address,
		fax, tag, source, group_customer, avatar, bak1, bak2,
		bak3, bak4, bak5,crm_balance,crm_score,crm_discount,crm_member_level,staff_id,cust_limit,open_id,job_number
	</sql>

    <update id="delCustomer" parameterType="java.lang.Integer">
		update bc_customer set
		is_deleted=1 where id = #{id,jdbcType=INTEGER}
	</update>

    <insert id="addCustomer" parameterType="cn.cecook.model.business.customer.BcCustomer"
            useGeneratedKeys="true" keyProperty="id">
		insert into bc_customer ( uuid,
		tenant_id,
		is_deleted, create_id, create_time, order_code, delete_time,
		remarks,
		attachment, name, phone, email, company, job,
		score, gender,
		birthday, weibo, wechat, city,
		address, fax, tag, source,
		group_customer, avatar,
		bak1, bak2, bak3, bak4, bak5,
		crm_balance,crm_score,crm_discount,crm_member_level,open_id,staff_id,job_number,store_id,store_name,market_name)
		values
		(#{uuid,jdbcType=VARCHAR}, #{tenantId,jdbcType=VARCHAR},
		#{isDeleted,jdbcType=INTEGER}, #{createId,jdbcType=BIGINT},
		#{createTime,jdbcType=TIMESTAMP},
		#{orderCode,jdbcType=VARCHAR},
		#{deleteTime,jdbcType=TIMESTAMP}, #{remarks,jdbcType=VARCHAR},
		#{attachment,jdbcType=VARCHAR}, #{name,jdbcType=VARCHAR},
		#{phone,jdbcType=VARCHAR},
		#{email,jdbcType=VARCHAR},
		#{company,jdbcType=VARCHAR}, #{job,jdbcType=VARCHAR},
		#{score,jdbcType=VARCHAR}, #{gender,jdbcType=VARCHAR},
		#{birthday,jdbcType=VARCHAR},
		#{weibo,jdbcType=VARCHAR},
		#{wechat,jdbcType=VARCHAR}, #{city,jdbcType=VARCHAR},
		#{address,jdbcType=VARCHAR}, #{fax,jdbcType=VARCHAR},
		#{tag,jdbcType=VARCHAR},
		#{source,jdbcType=VARCHAR},
		#{groupCustomer,jdbcType=VARCHAR}, #{avatar,jdbcType=VARCHAR},
		#{bak1,jdbcType=VARCHAR}, #{bak2,jdbcType=VARCHAR},
		#{bak3,jdbcType=VARCHAR}, #{bak4,jdbcType=VARCHAR},
		#{bak5,jdbcType=VARCHAR},
		#{crmBalance,jdbcType=INTEGER},
		#{crmScore,jdbcType=INTEGER},
		#{crmDiscount,jdbcType=DOUBLE},
		#{crmMemberLevel,jdbcType=VARCHAR},
		#{openId,jdbcType=VARCHAR},
		#{staffId,jdbcType=INTEGER},
		#{jobNumber,jdbcType=VARCHAR},
        #{storeId,jdbcType=INTEGER},
   		#{storeName,jdbcType=VARCHAR},
   		#{marketName,jdbcType=VARCHAR}
		)
	</insert>
    <update id="editCustomer" parameterType="map">
        update bc_customer
        <set>
            <if test="customer.uuid != null">
                uuid = #{customer.uuid,jdbcType=VARCHAR},
            </if>
            <if test="customer.tenantId != null">
                tenant_id = #{customer.tenantId,jdbcType=VARCHAR},
            </if>
            <if test="customer.isDeleted != null">
                is_deleted = #{customer.isDeleted,jdbcType=INTEGER},
            </if>
            <if test="customer.createId != null">
                create_id = #{customer.createId,jdbcType=BIGINT},
            </if>
            <if test="customer.createTime != null">
                create_time = #{customer.createTime,jdbcType=TIMESTAMP},
            </if>
            <if test="customer.orderCode != null">
                order_code = #{customer.orderCode,jdbcType=VARCHAR},
            </if>
            <if test="customer.deleteTime != null">
                delete_time = #{customer.deleteTime,jdbcType=TIMESTAMP},
            </if>
            <if test="customer.remarks != null">
                remarks = #{customer.remarks,jdbcType=VARCHAR},
            </if>
            <if test="customer.attachment != null">
                attachment = #{customer.attachment,jdbcType=VARCHAR},
            </if>
            <if test="customer.name != null">
                name = #{customer.name,jdbcType=VARCHAR},
            </if>
            <if test="customer.phone != null">
                phone = #{customer.phone,jdbcType=VARCHAR},
            </if>
            <if test="customer.email != null">
                email = #{customer.email,jdbcType=VARCHAR},
            </if>
            <if test="customer.company != null">
                company = #{customer.company,jdbcType=VARCHAR},
            </if>
            <if test="customer.job != null">
                job = #{customer.job,jdbcType=VARCHAR},
            </if>
            <if test="customer.score != null">
                score = #{customer.score,jdbcType=VARCHAR},
            </if>
            <if test="customer.gender != null">
                gender = #{customer.gender,jdbcType=VARCHAR},
            </if>
            <if test="customer.birthday != null">
                birthday = #{customer.birthday,jdbcType=VARCHAR},
            </if>
            <if test="customer.weibo != null">
                weibo = #{customer.weibo,jdbcType=VARCHAR},
            </if>
            <if test="customer.wechat != null">
                wechat = #{customer.wechat,jdbcType=VARCHAR},
            </if>
            <if test="customer.city != null">
                city = #{customer.city,jdbcType=VARCHAR},
            </if>
            <if test="customer.address != null">
                address = #{customer.address,jdbcType=VARCHAR},
            </if>
            <if test="customer.fax != null">
                fax = #{customer.fax,jdbcType=VARCHAR},
            </if>
            <if test="customer.tag != null">
                tag = #{customer.tag,jdbcType=VARCHAR},
            </if>
            <if test="customer.source != null">
                source = #{customer.source,jdbcType=VARCHAR},
            </if>
            <if test="customer.groupCustomer!= null">
                group = #{customer.groupCustomer,jdbcType=VARCHAR},
            </if>
            <if test="customer.avatar != null">
                avatar = #{customer.avatar,jdbcType=VARCHAR},
            </if>
            <if test="customer.bak1 != null">
                bak1 = #{customer.bak1,jdbcType=VARCHAR},
            </if>
            <if test="customer.bak2 != null">
                bak2 = #{customer.bak2,jdbcType=VARCHAR},
            </if>
            <if test="customer.bak3 != null">
                bak3 = #{customer.bak3,jdbcType=VARCHAR},
            </if>
            <if test="customer.bak4 != null">
                bak4 = #{customer.bak4,jdbcType=VARCHAR},
            </if>
            <if test="customer.bak5 != null">
                bak5 = #{customer.bak5,jdbcType=VARCHAR},
            </if>
            <if test="customer.crmBalance != null">
                bak5 = #{customer.crmBalance,jdbcType=INTEGER},
            </if>
            <if test="customer.crmScore != null">
                bak5 = #{customer.crmScore,jdbcType=INTEGER},
            </if>
            <if test="customer.crmDiscount != null">
                bak5 = #{customer.crmDiscount,jdbcType=DOUBLE},
            </if>
            <if test="customer.crmMemberLevel != null">
                bak5 = #{customer.crmMemberLevel,jdbcType=VARCHAR},
            </if>
            <if test="customer.openId != null">
                open_id = #{customer.openId,jdbcType=VARCHAR},
            </if>
            <if test="customer.staffId != null">
                staff_id = #{customer.staffId,jdbcType=INTEGER},
            </if>
        </set>
        <where>
            id = #{customer.id}
        </where>
    </update>

    <select id="customerDetailList" resultType="Map"
            parameterType="cn.cecook.uitls.Pages">
        select distinct t1.id as id , t1.weibo as weibo, t1.wechat AS wechat,
        t1.email
        as email,t1.avatar,
        t1.phone AS phone,t1.name AS name
        ,t3.name
        AS customer_source,bm.activity_name,
        t6.money_total as
        money_total,t1.score
        FROM bc_customer t1
        LEFT JOIN
        (SELECT
        activity_name,customer_id, max(create_time) FROM
        bc_customer_action bc
        ORDER BY create_time DESC) t2 ON t1.id =
        t2.customer_id
        LEFT JOIN
        (SELECT id,name FROM bc_customer_source) t3 ON
        t3.id = t1.source
        LEFT
        JOIN (SELECT SUM(consumption_amount)AS
        money_total ,customer_id
        FROM
        bm_write_off WHERE status = 0 GROUP BY
        customer_id) t6 ON
        t6.customer_id = t1.id


        LEFT JOIN bm_coupon bm on bm.customer_id=t1.id
        where t1.is_deleted = 0 and t1.create_id=#{uid}
        <if test="where.nameOrphone != null and where.nameOrphone != ''">
            and (
            t1.name like '%${where.nameOrphone}%' or
            t1.phone like
            '%${where.nameOrphone}%' or
            t1.email like '%${where.nameOrphone}%' )
        </if>
        <if test="where.activity != null and where.activity != ''">
            <if test="where.activity == 1">
                AND t1.id IN (SELECT customer_id FROM bm_coupon WHERE
                is_deleted = 1
                GROUP BY customer_id)
            </if>
            <if test="where.activity == 2">
                AND t1.id NOT IN (SELECT customer_id FROM bm_coupon WHERE
                is_deleted =
                1 GROUP BY customer_id)
            </if>
        </if>
        <if test="where.source != null and where.source != ''">
            and source = ${where.source}
        </if>
        <if test="orderby != null">order by ${orderby}</if>
        limit #{startIndex}, #{pageSize}
    </select>

    <select id="customerDetail" resultMap="BaseResultMap">
        select
        <include refid="Base_Column_List"/>
        , customer_source
        from bc_customer t1 left join (select id t2_id,name
        customer_source from bc_customer_source) t2 on t1.source=t2.t2_id
        where id = ${id}
    </select>
    <select id="customerDetail2" resultMap="BaseResultMap">
        select
        <include refid="Base_Column_List"/>
        , customer_source
        from bc_customer t1 left join (select id t2_id,name
        customer_source from bc_customer_source) t2 on t1.source=t2.t2_id
        where id = ${id}
        <if test="tenantId!=null and tenantId!=''">
            cecook2017${tenantId}
        </if>
    </select>
    <select id="findCustomerByPhoneCount" resultType="integer">
		select id from
		bc_customer where phone = ${phone} and name=#{name} and is_deleted=0;
	</select>
    <select id="customerConditionCount" resultType="int">
		select count(*)
		from bc_customer where ${condition} != ''
	</select>
    <select id="customerConditionList" resultType="map">
		SELECT
		id,name,${condition},gender FROM bc_customer WHERE ${condition} != ''
		LIMIT 0, ${count}
	</select>

    <select id="customerDetailListCount" resultType="java.lang.Integer">
        select count(1)
        from bc_customer t1
        LEFT JOIN (SELECT id,name FROM
        bc_customer_source) t2 ON t2.id = t1.score
        <where>
            t1.is_deleted = 0
            <if test="where.nameOrphone != null and where.nameOrphone != ''">
                and (
                t1.name like '%${where.nameOrphone}%' or
                t1.phone
                like '%${where.nameOrphone}%' or
                t1.email like
                '%${where.nameOrphone}%' )
            </if>
            <if test="where.activity != null and where.activity != ''">
                <if test="where.activity == 1">
                    AND t1.id IN (SELECT customer_id FROM bm_coupon WHERE
                    is_deleted = 1 GROUP BY customer_id)
                </if>
                <if test="where.activity == 2">
                    AND t1.id NOT IN (SELECT customer_id FROM bm_coupon
                    WHERE is_deleted = 1 GROUP BY customer_id)
                </if>
            </if>
            <if test="where.source != null and where.source != ''">
                and source = ${where.source}
            </if>

            <if test="where.uid != null and where.uid != ''">
                and t1.create_id = ${where.uid}
            </if>
        </where>
    </select>
    <!-- 	<select id="getCustomerClassification" resultType="map">
            SELECT SUM(t.consumption_amount)AS amount ,
            t.customer_id as
            cusId,t1.phone as cusPhone, t1.name as cusName
            FROM bm_write_off t LEFT
            JOIN (SELECT * FROM bc_customer WHERE is_deleted
            = 0) t1 ON
            t.customer_id = t1.id
            WHERE t.customer_id = t1.id AND
            t.status = 0 AND
            t.is_deleted = 0
            GROUP BY t.customer_id
            <choose>
                <when test="condition == 'mainForce'">
                    HAVING amount > ${svalue}
                </when>
                <when test="condition == 'commonly'">
                    HAVING amount BETWEEN ${svalue} AND ${bvalue}
                </when>
                <when test="condition == 'scattered'">
                    HAVING amount &lt;${svalue}
                </when>
            </choose>
            ORDER BY amount
            DESC LIMIT 10
        </select> -->

    <select id="getCustomerClassification" resultType="map" parameterType="java.lang.Long">
        SELECT t3.* from(SELECT SUM(t.consumption_amount)AS amount ,
        t.customer_id as
        cusId,t1.phone as cusPhone, t1.name as cusName
        FROM bm_write_off t LEFT
        JOIN (SELECT * FROM bc_customer WHERE is_deleted
        = 0 and create_id = #{uid}) t1 ON
        t.customer_id = t1.id
        WHERE t.customer_id = t1.id AND
        t.status = 0 AND
        t.is_deleted = 0
        GROUP BY t.customer_id

        UNION (SELECT 0,t2.id,t2.phone,t2.`name` from bc_customer t2 where t2.create_id = #{uid} and is_deleted=0))t3
        GROUP BY t3.cusId
        <choose>
            <when test="condition == 'mainForce'">
                HAVING t3.amount > ${svalue}
            </when>
            <when test="condition == 'commonly'">
                HAVING t3.amount BETWEEN ${svalue} AND ${bvalue}
            </when>
            <when test="condition == 'scattered'">
                HAVING t3.amount &lt;${svalue}
            </when>
        </choose>
        ORDER BY t3.amount
        DESC LIMIT 10
    </select>


    <select id="getLossCustromer" resultType="Map" parameterType="cn.cecook.uitls.Pages">
        select SUM(t.consumption_amount) as money_total , t.customer_id AS
        customer_id ,t1.weibo AS weibo, t1.wechat AS wechat,
        t1.email AS
        email,t1.phone AS phone, t1.name AS name ,
        t1.avatar as avatar,
        TIMESTAMPDIFF(DAY,(SELECT
        write_off_time FROM bm_write_off t6
        WHERE
        t6.customer_id = t.customer_id AND t6.is_deleted = 0 AND t6.status = 0
        ORDER BY id DESC LIMIT 1 ),CURDATE())
        as tday ,
        count(t.consumption_amount) AS buyTimes
        from bm_write_off t
        LEFT JOIN
        (SELECT id ,weibo, wechat, email, phone, avatar,
        name FROM bc_customer
        t4
        <if test="where.source != null and where.source != ''">
            LEFT JOIN (SELECT id as sou FROM bc_customer_source )t3 ON
            t3.sou= t4.score
        </if>
        <where>
            1=1 and t4.create_id = #{uid}
            <if test="where.activity != null and where.activity != ''">
                <if test="where.activity == 1">
                    AND t4.id IN (SELECT customer_id FROM bm_coupon WHERE
                    is_deleted = 1 GROUP BY customer_id)
                </if>
                <if test="where.activity == 2">
                    AND t4.id NOT IN (SELECT customer_id FROM bm_coupon
                    WHERE is_deleted = 1 GROUP BY customer_id)
                </if>
            </if>
            <if test="where.source != null and where.source != ''">
                and t3.sou = ${where.source}
            </if>
            <if test="where.nameOrphone != null and where.nameOrphone != ''">
                and (
                t4.name like '%${where.nameOrphone}%' or
                t4.phone
                like '%${where.nameOrphone}%' or
                t4.email like
                '%${where.nameOrphone}%' )
            </if>
        </where>
        ) t1 ON t1.id = t.customer_id


        WHERE t1.id = t.customer_id AND
        t.is_deleted = 0 AND t.status = 0 GROUP BY
        t.customer_id HAVING tday
        &gt; ${where.loseCustomer}
        limit
        #{startIndex}, #{pageSize}
    </select>
    <select id="getLossCustromerCount" resultType="int"
            parameterType="cn.cecook.uitls.Pages">
        select count(t.customer_id) as count from (select customer_id from
        bm_write_off t1
        LEFT JOIN (SELECT id , name FROM bc_customer t4
        <if test="where.source != null and where.source != ''">
            LEFT JOIN (SELECT id as sou FROM bc_customer_source )t3 ON
            t3.sou= t4.score
        </if>
        <where>
            1=1 and t4.create_id=#{uid}
            <if test="where.activity != null and where.activity != ''">
                <if test="where.activity == 1">
                    AND t4.id IN (SELECT customer_id FROM bm_coupon WHERE
                    is_deleted = 1 GROUP BY customer_id)
                </if>
                <if test="where.activity == 2">
                    AND t4.id NOT IN (SELECT customer_id FROM bm_coupon
                    WHERE is_deleted = 1 GROUP BY customer_id)
                </if>
            </if>
            <if test="where.source != null and where.source != ''">
                and t3.sou = ${where.source}
            </if>
            <if test="where.nameOrphone != null and where.nameOrphone != ''">
                and (
                t4.name like '%${where.nameOrphone}%' or
                t4.phone
                like '%${where.nameOrphone}%' or
                t4.email like
                '%${where.nameOrphone}%' )
            </if>
        </where>
        ) t2
        ON t2.id = t1.customer_id
        WHERE t2.id = t1.customer_id and t1.is_deleted=0 and status=0 GROUP BY
        customer_id
        HAVING TIMESTAMPDIFF(DAY,max(t1.write_off_time),CURDATE())
        &gt;
        ${where.loseCustomer}) t;
    </select>
    <select id="getNoLossCustromerCount" resultType="int"
            parameterType="cn.cecook.uitls.Pages">
        select count(t.customer_id) as count from (select customer_id from
        bm_write_off t1
        LEFT JOIN (SELECT id , name FROM bc_customer t4
        <if test="where.source != null and where.source != ''">
            LEFT JOIN (SELECT id as sou FROM bc_customer_source )t3 ON
            t3.sou= t4.score
        </if>
        <where>
            1=1 and t4.create_id=#{uid}
            <if test="where.activity != null and where.activity != ''">
                <if test="where.activity == 1">
                    AND t4.id IN (SELECT customer_id FROM bm_coupon WHERE
                    is_deleted = 1 GROUP BY customer_id)
                </if>
                <if test="where.activity == 2">
                    AND t4.id NOT IN (SELECT customer_id FROM bm_coupon
                    WHERE is_deleted = 1 GROUP BY customer_id)
                </if>
            </if>
            <if test="where.source != null and where.source != ''">
                and t3.sou = ${where.source}
            </if>
            <if test="where.nameOrphone != null and where.nameOrphone != ''">
                and (
                t4.name like '%${where.nameOrphone}%' or
                t4.phone
                like '%${where.nameOrphone}%' or
                t4.email like
                '%${where.nameOrphone}%' )
            </if>
        </where>
        ) t2
        ON t2.id = t1.customer_id
        WHERE t2.id = t1.customer_id GROUP BY
        customer_id
        HAVING TIMESTAMPDIFF(DAY,max(t1.write_off_time),CURDATE())
        &lt;
        ${where.loseCustomer}) t;
    </select>


    <select id="getBmWriteOffCount" resultType="int"
            parameterType="cn.cecook.uitls.Pages">
        SELECT IFNULL(count(t.customer_id),0) AS count FROM (select
        customer_id from bm_write_off t1
        LEFT JOIN (SELECT id , name FROM
        bc_customer t4
        <if test="where.source != null and where.source != ''">
            LEFT JOIN (SELECT id as sou FROM bc_customer_source )t3 ON
            t3.sou= t4.score
        </if>
        <where>
            1=1 and t4.create_id=#{uid}
            <if test="where.activity != null and where.activity != ''">
                <if test="where.activity == 1">
                    AND t4.id IN (SELECT customer_id FROM bm_coupon WHERE
                    is_deleted = 1 GROUP BY customer_id)
                </if>
                <if test="where.activity == 2">
                    AND t4.id NOT IN (SELECT customer_id FROM bm_coupon
                    WHERE is_deleted = 1 GROUP BY customer_id)
                </if>
            </if>
            <if test="where.source != null and where.source != ''">
                and t3.sou = ${where.source}
            </if>
            <if test="where.nameOrphone != null and where.nameOrphone != ''">
                and (
                t4.name like '%${where.nameOrphone}%' or
                t4.phone
                like '%${where.nameOrphone}%' or
                t4.email like
                '%${where.nameOrphone}%' )
            </if>
        </where>
        ) t2
        ON t2.id = t1.customer_id
        WHERE t2.id = t1.customer_id and
        t1.is_deleted = 0 and t1.status = 0 GROUP BY
        customer_id
        )t
    </select>
    <select id="getTotalDay" resultType="Map" parameterType="cn.cecook.uitls.Pages">
        select SUM(t.consumption_amount) as money_total , t.customer_id AS
        customer_id ,t1.weibo AS weibo, t1.wechat AS
        wechat,bm.activity_name,t3.name as customer_source,
        t1.email AS
        email,t1.phone AS phone, t1.name AS name , t1.avatar as avatar,
        TIMESTAMPDIFF(DAY,(SELECT
        write_off_time FROM bm_write_off t6
        WHERE
        t6.customer_id = t.customer_id and t6.status = 0 AND t6.is_deleted = 0
        ORDER BY id asc LIMIT 1 ),CURDATE())
        as tday
        from bm_write_off t
        LEFT
        JOIN (SELECT id , avatar,weibo,wechat,email,phone,name
        name ,source
        FROM
        bc_customer t4
        <if test="where.source != null and where.source != ''">
            LEFT JOIN (SELECT id as sou FROM bc_customer_source )t3 ON
            t3.sou= t4.score
        </if>
        <where>
            t4.is_deleted = 0 and t4.create_id=#{uid}
            <if test="where.activity != null and where.activity != ''">
                <if test="where.activity == 1">
                    AND t4.id IN (SELECT customer_id FROM bm_coupon WHERE
                    is_deleted = 1 GROUP BY customer_id)
                </if>
                <if test="where.activity == 2">
                    AND t4.id NOT IN (SELECT customer_id FROM bm_coupon
                    WHERE is_deleted = 1 GROUP BY customer_id)
                </if>
            </if>
            <if test="where.source != null and where.source != ''">
                and t3.sou = ${where.source}
            </if>
            <if test="where.nameOrphone != null and where.nameOrphone != ''">
                and (
                t4.name like '%${where.nameOrphone}%' or
                t4.phone
                like '%${where.nameOrphone}%' or
                t4.email like
                '%${where.nameOrphone}%' )
            </if>
        </where>
        ) t1 ON t1.id = t.customer_id


        LEFT JOIN (SELECT id,name FROM
        bc_customer_source) t3 ON
        t3.id = t1.source

        <!-- LEFT JOIN bm_coupon bm on
        bm.customer_id=t.customer_id -->
        LEFT JOIN (SELECT customer_id,activity_name FROM bm_coupon WHERE bm_coupon.customer_id GROUP BY customer_id)bm
        on
        bm.customer_id=t.customer_id

        WHERE t1.id = t.customer_id AND
        t.is_deleted = 0 and t.status = 0 GROUP BY
        t.customer_id ORDER BY tday
        ${orderby}
        limit #{startIndex}, #{pageSize}
    </select>

    <!-- <select id="getTradingVolume" resultType="Map" parameterType="cn.cecook.uitls.Pages">
        select SUM(t.consumption_amount) as money_total , t.customer_id AS
        customer_id ,t1.weibo AS weibo, t1.wechat AS
        wechat,bm.activity_name,t3.name as customer_source,
        t1.email AS email,
        t1.avatar as avatar,
        t1.phone AS phone, t1.name AS name ,
        count(t.consumption_amount)
        AS buyTimes
        from bm_write_off t
        LEFT JOIN
        (SELECT id ,avatar,weibo,wechat,email,phone,
        name ,source FROM
        bc_customer t4
        <if test="where.source != null and where.source != ''">
            LEFT JOIN (SELECT id as sou FROM bc_customer_source )t3 ON
            t3.sou= t4.score
        </if>
        <where>
            t4.is_deleted = 0
            <if test="where.activity != null and where.activity != ''">
                <if test="where.activity == 1">
                    AND t4.id IN (SELECT customer_id FROM bm_coupon WHERE
                    is_deleted = 0 GROUP BY customer_id)
                </if>
                <if test="where.activity == 2">
                    AND t4.id NOT IN (SELECT customer_id FROM bm_coupon
                    WHERE is_deleted = 1 GROUP BY customer_id)
                </if>
            </if>
            <if test="where.source != null and where.source != ''">
                and t3.sou = ${where.source}
            </if>
            <if test="where.nameOrphone != null and where.nameOrphone != ''">
                and (
                t4.name like '%${where.nameOrphone}%' or
                t4.phone
                like '%${where.nameOrphone}%' or
                t4.email like
                '%${where.nameOrphone}%' )
            </if>
        </where>
        ) t1 ON t1.id = t.customer_id

        LEFT JOIN (SELECT id,name FROM
        bc_customer_source) t3 ON
        t3.id = t1.source

        LEFT JOIN bm_coupon bm on
        bm.customer_id=t.customer_id

        WHERE t1.id = t.customer_id GROUP BY
        t.customer_id ORDER BY buyTimes
        ${orderby}
        limit #{startIndex},
        #{pageSize}
    </select> -->

    <select id="getTradingVolume" resultType="Map" parameterType="cn.cecook.uitls.Pages">
        select y1.* ,count(DISTINCT y1.customer_id) FROM (select SUM(t.consumption_amount) as money_total ,
        t.customer_id AS
        customer_id ,t1.weibo AS weibo, t1.wechat AS
        wechat,bm.activity_name,t3.name as customer_source,
        t1.email AS email,
        t1.avatar as avatar,
        t1.phone AS phone, t1.name AS name ,
        (SELECT COUNT(1) FROM bm_write_off tf WHERE tf.customer_id = t.customer_id AND tf.is_deleted ='0' GROUP BY
        customer_id HAVING COUNT(1)>0)
        AS buyTimes
        from bm_write_off t
        LEFT JOIN
        (SELECT id ,avatar,weibo,wechat,email,phone,
        name ,source FROM
        bc_customer t4
        <if test="where.source != null and where.source != ''">
            LEFT JOIN (SELECT id as sou FROM bc_customer_source )t3 ON
            t3.sou= t4.score
        </if>
        <where>
            t4.is_deleted = 0 and t4.create_id = #{uid}
            <if test="where.activity != null and where.activity != ''">
                <if test="where.activity == 1">
                    AND t4.id IN (SELECT customer_id FROM bm_coupon WHERE
                    is_deleted = 0 GROUP BY customer_id)
                </if>
                <if test="where.activity == 2">
                    AND t4.id NOT IN (SELECT customer_id FROM bm_coupon
                    WHERE is_deleted = 1 GROUP BY customer_id)
                </if>
            </if>
            <if test="where.source != null and where.source != ''">
                and t3.sou = ${where.source}
            </if>
            <if test="where.nameOrphone != null and where.nameOrphone != ''">
                and (
                t4.name like '%${where.nameOrphone}%' or
                t4.phone
                like '%${where.nameOrphone}%' or
                t4.email like
                '%${where.nameOrphone}%' )
            </if>
        </where>
        ) t1 ON t1.id = t.customer_id

        LEFT JOIN (SELECT id,name FROM
        bc_customer_source) t3 ON
        t3.id = t1.source

        LEFT JOIN bm_coupon bm on
        bm.customer_id=t.customer_id

        WHERE t1.id = t.customer_id GROUP BY
        t.customer_id

        UNION ALL SELECT 0,t4.id AS
        customer_id ,t4.weibo AS weibo, t4.wechat AS
        wechat,"",t4.name as customer_source,
        t4.email AS email,
        t4.avatar as avatar,
        t4.phone AS phone, t4.name AS name ,
        0 FROM
        bc_customer t4

        WHERE t4.is_deleted = 0 and t4.create_id = #{uid}) y1 GROUP BY y1.customer_id ORDER BY y1.buyTimes ${orderby}
        limit #{startIndex},
        #{pageSize}
    </select>


    <select id="getTotalConsumption" resultType="Map"
            parameterType="cn.cecook.uitls.Pages">
        select SUM(t.consumption_amount) as money_total , t.customer_id AS
        customer_id ,t1.weibo AS weibo, t1.wechat AS wechat,
        t1.email AS
        email,t1.phone AS phone, t1.name AS name , t1.avatar as
        avatar,bm.activity_name,t3.name as customer_source,
        (SELECT COUNT(1) FROM bm_write_off tf WHERE tf.customer_id = t.customer_id AND tf.is_deleted ='0' GROUP BY
        customer_id HAVING COUNT(1)>0 )/
        TIMESTAMPDIFF(DAY,(SELECT write_off_time
        FROM bm_write_off t6
        WHERE t6.customer_id = t.customer_id ORDER BY id
        asc LIMIT 1 ),CURDATE())
        as tday
        from bm_write_off t
        LEFT JOIN (SELECT
        id,avatar ,weibo,wechat,email,phone,name
        name ,source FROM bc_customer
        t4
        <if test="where.source != null and where.source != ''">
            LEFT JOIN (SELECT id as sou FROM bc_customer_source )t3 ON
            t3.sou= t4.score
        </if>
        <where>
            t4.is_deleted = 0 and t4.create_id=#{uid}
            <if test="where.activity != null and where.activity != ''">
                <if test="where.activity == 1">
                    AND t4.id IN (SELECT customer_id FROM bm_coupon WHERE
                    is_deleted = 1 GROUP BY customer_id)
                </if>
                <if test="where.activity == 2">
                    AND t4.id NOT IN (SELECT customer_id FROM bm_coupon
                    WHERE is_deleted = 1 GROUP BY customer_id)
                </if>
            </if>
            <if test="where.source != null and where.source != ''">
                and t3.sou = ${where.source}
            </if>
            <if test="where.nameOrphone != null and where.nameOrphone != ''">
                and (
                t4.name like '%${where.nameOrphone}%' or
                t4.phone
                like '%${where.nameOrphone}%' or
                t4.email like
                '%${where.nameOrphone}%' )
            </if>
        </where>
        ) t1 ON t1.id = t.customer_id
        LEFT JOIN (SELECT id,name FROM
        bc_customer_source) t3 ON
        t3.id = t1.source

        LEFT JOIN bm_coupon bm on
        bm.customer_id=t.customer_id

        WHERE t1.id = t.customer_id and t.is_deleted=0 GROUP BY
        t.customer_id ORDER BY tday ${orderby}
        limit #{startIndex}, #{pageSize}
    </select>

    <select id="getCustomerSourceChar" parameterType="Map" resultType="Map">
		SELECT COUNT(*) AS
		value ,t1.name FROM bc_customer t
		LEFT JOIN bc_customer_source t1 ON
		t.source = t1.id
		where t.source = t1.id AND t.`create_id`=#{createId}
		GROUP BY source
	</select>
    <select id="getCustomerCount" resultType="int">
		SELECT COUNT(*) FROM
		bc_customer
	</select>
    <select id="getOldCustromerCount" resultType="int">
		select
		count(t.customer_id) as count from (select customer_id ,
		COUNT(customer_id) AS customerCount from bm_write_off t1
		LEFT JOIN
		(SELECT id , name FROM bc_customer t4 where create_id=${uid}) t2
		ON t2.id = t1.customer_id
		WHERE t2.id = t1.customer_id AND t1.status = 0 and t1.is_deleted = 0
		GROUP BY customer_id
		HAVING
		TIMESTAMPDIFF(DAY,min(t1.write_off_time),CURDATE()) &gt; ${day}
		) t
		WHERE t.customerCount &gt; ${frequency}
	</select>
    <select id="getNewCustromerCount" resultType="int">
		select
		count(t.customer_id) as count from (select customer_id ,
		COUNT(customer_id) AS customerCount from bm_write_off t1
		LEFT JOIN
		(SELECT id , name FROM bc_customer t4  WHERE t4.create_id=${uid}) t2
		ON t2.id = t1.customer_id
		WHERE t2.id = t1.customer_id AND t1.status = 0 and t1.is_deleted = 0
		GROUP BY customer_id
		HAVING
		TIMESTAMPDIFF(DAY,min(t1.write_off_time),CURDATE()) &lt; ${day}
		) t
		WHERE t.customerCount &lt; ${frequency}
	</select>
    <select id="getCustomerTotalConsumptionChar" parameterType="map"
            resultType="int">
        select count(t.customer_id) as count from (select customer_id
        ,t2.is_deleted,
        COUNT(customer_id) AS customerCount ,
        TIMESTAMPDIFF(DAY,min(t1.write_off_time),CURDATE()) AS tday
        from
        bm_write_off t1
        LEFT JOIN (SELECT id ,is_deleted ,name,create_id FROM bc_customer
        t4 where t4.create_id = #{uid} ) t2
        ON
        t2.id = t1.customer_id
        WHERE t2.id = t1.customer_id AND
        t1.status = 0
        and t1.is_deleted = 0 and create_time BETWEEN
        DATE_SUB(NOW(),INTERVAL
        #{days} DAY) and NOW() GROUP BY customer_id
        ) t
        WHERE
        t.is_deleted=0

        <if test="miniNum!=null">
            and t.customerCount &gt; #{miniNum}
        </if>
        <if test="maxNum!=null">
            and t.customerCount &lt; #{maxNum}
        </if>
        <!-- <if test="state == 1"> t.customerCount/t.tday &lt; ${totalConsumption}
            </if> <if test="state == 2"> t.customerCount/t.tday &gt; ${totalConsumption}
            </if> -->
    </select>

    <!-- 	<select id="getCustomerTradingVolumeChar" resultType="int">
            select
            COUNT(t4.cusId) AS count from
            (SELECT SUM(consumption_amount)AS
            amount ,
            customer_id as
            cusId,t.write_off_time AS buyDate
            FROM
            bm_write_off t LEFT JOIN bc_customer t1 ON t.customer_id = t1.id
            WHERE
            t.is_deleted = 0 AND t.status = 0 GROUP BY t.customer_id
            <choose>
                <when test="condition == 'mainForce'">
                    HAVING amount > ${svalue}
                </when>
                <when test="condition == 'commonly'">
                    HAVING amount BETWEEN ${svalue} AND ${bvalue}
                </when>
                <when test="condition == 'scattered'">
                    HAVING amount &lt;${svalue}
                </when>
            </choose>
            ) t4 ORDER BY t4.amount
        </select> -->


    <select id="getCustomerTradingVolumeChar" resultType="int">

        SELECT COUNT(t4.cusId) AS COUNT FROM(SELECT t3.* FROM (SELECT bc_customer.`phone`,bc_customer.`name` ,
        IFNULL(SUM(t.consumption_amount),0) AS amount,IFNULL(t.customer_id,0) AS cusId
        FROM bc_customer
        LEFT JOIN (SELECT bm_write_off.`consumption_amount`,bm_write_off.`customer_id`
        FROM bm_write_off WHERE bm_write_off.`status`=0 AND bm_write_off.`is_deleted`=0)t
        ON bc_customer.`id` = t.customer_id
        WHERE bc_customer.`is_deleted`=0 AND bc_customer.`create_id`=${uid}
        GROUP BY bc_customer.`id` )t3

        <choose>
            <when test="condition == 'mainForce'">
                HAVING t3.amount > ${svalue}
            </when>
            <when test="condition == 'commonly'">
                HAVING t3.amount BETWEEN ${svalue} AND ${bvalue}
            </when>
            <when test="condition == 'scattered'">
                HAVING t3.amount &lt;${svalue}
            </when>
        </choose>
        )t4

    </select>


    <select id="findCustomerByPhone" resultMap="BaseResultMap">
        select
        <include refid="Base_Column_List"/>
        from bc_customer where phone = ${phone} and create_id=${uid}
    </select>

    <select id="findMoneyTotalByid" resultType="int">
		SELECT
		IFNULL(SUM(consumption_amount),0)
		AS money_total FROM bm_write_off
		WHERE customer_id = ${id} and is_deleted=0 and status=0
	</select>
    <!-- <select id="findMoneyRanking" resultType="int">
        SELECT COUNT(t.count)
        AS count FROM (
        SELECT COUNT(customer_id) as count FROM bm_write_off
        GROUP BY customer_id
        HAVING SUM(consumption_amount)>(SELECT
        IFNULL(SUM(consumption_amount),0)
        FROM bm_write_off WHERE customer_id=
        ${id}))t , bm_write_off b
    </select> -->

    <select id="findMoneyRanking" resultType="int">
		SELECT COUNT(t.count)
		AS count FROM (
		SELECT COUNT(customer_id) as count FROM bm_write_off WHERE is_deleted=0 AND `status`=0
		GROUP BY customer_id
		HAVING SUM(consumption_amount)>(SELECT
		IFNULL(SUM(consumption_amount),0)
		FROM bm_write_off WHERE customer_id=
		${id} AND is_deleted=0 AND `status`=0))t 
	</select>


    <update id="delectCustomer">
		update bc_customer set is_deleted = 1 ,delete_time =
		#{date} where id = #{id};
	</update>
    <update id="delectWriteOffCustomer">
		update bm_write_off set is_deleted = 1 ,delete_time =
		#{date} where customer_id = #{id};
	</update>
    <update id="delectActionCustomer">
		update bc_customer_action set is_deleted = 1
		,delete_time = #{date} where customer_id = #{id};
	</update>
    <update id="editCustomerByCRM" parameterType="cn.cecook.model.business.customer.BcCustomer">
        update bc_customer
        <set>
            <if test="customer.phone != null">
                phone = #{customer.phone,jdbcType=VARCHAR},
            </if>
            <if test="customer.name != null">
                name = #{customer.name,jdbcType=VARCHAR},
            </if>
            <if test="customer.remarks != null">
                remarks = #{customer.remarks,jdbcType=VARCHAR},
            </if>
            <if test="customer.birthday != null">
                birthday = #{customer.birthday,jdbcType=VARCHAR},
            </if>
            <if test="customer.crmBalance != null">
                crm_balance = #{customer.crmBalance,jdbcType=INTEGER},
            </if>
            <if test="customer.crmScore != null">
                crm_score = #{customer.crmScore,jdbcType=INTEGER},
            </if>
            <if test="customer.crmDiscount != null">
                crm_discount = #{customer.crmDiscount,jdbcType=DOUBLE},
            </if>
            <if test="customer.crmMemberLevel != null">
                crm_member_level = #{customer.crmMemberLevel,jdbcType=VARCHAR},
            </if>
            <if test="customer.marketName != null">
                market_name = #{customer.marketName,jdbcType=VARCHAR},
            </if>
            <if test="customer.marketId != null">
                market_id = #{customer.marketId,jdbcType=INTEGER},
            </if>
             <if test="customer.jobNumber != null">
                job_number = #{customer.jobNumber,jdbcType=VARCHAR},
            </if>
            <if test="customer.openId != null">
                open_id = #{customer.openId,jdbcType=VARCHAR},
            </if>
        </set>
        <where>
            id = #{customer.id}
        </where>
    </update>
    <select id="findCountRanking" resultType="int">
		SELECT COUNT(t.count)
		AS count FROM (
		SELECT COUNT(customer_id) as count FROM bm_write_off
		GROUP BY customer_id
		HAVING count(customer_id)> (SELECT
		count(customer_id)
		FROM bm_write_off WHERE
		customer_id= ${id}) )t
	</select>
    <select id="getNewCustromerList" resultType="map">
        SELECT t.birthday,t.customer_id ,t.name,t.phone,t.email, t.weibo FROM
        (select
        customer_id , t2.name AS name, t2.phone AS phone ,t2.birthday,
        t2.email AS
        email,t2.weibo AS weibo, COUNT(customer_id) AS customerCount from
        bm_write_off t1
        LEFT JOIN (SELECT id , birthday,name ,phone ,email,weibo FROM
        bc_customer t4 WHERE 1=1 and t4.create_id=#{map.uid}
        ) t2
        ON t2.id = t1.customer_id WHERE t2.id =
        t1.customer_id AND t1.status = 0
        AND t1.is_deleted = 0
        and (
        <if test="map.phone == 1">
            (t2.phone != '' AND t2.phone is not null)
        </if>
        <if test="map.weibo == 1">
            <if test="map.phone == 1">
                OR (t2.weibo != '' AND t2.weibo is not null)
            </if>
            <if test="map.phone != 1">
                (t2.weibo != '' AND t2.weibo is not null)
            </if>
        </if>
        <if test="map.email == 1">
            <if test="map.phone == 1 or map.weibo == 1">
                OR (t2.email != '' AND
                t2.email is not null)
            </if>
            <if test="map.phone != 1 and map.weibo != 1">
                (t2.email != '' AND t2.email is not null)
            </if>
        </if>
        )GROUP BY customer_id
        HAVING
        TIMESTAMPDIFF(DAY,min(t1.write_off_time),CURDATE()) &lt; ${day})t
        WHERE t.customerCount &lt; ${frequency}
    </select>
    <select id="getOldCustromerList" resultType="map">
        SELECT t.birthday,t.customer_id ,t.name,t.phone,t.email, t.weibo FROM
        (select
        customer_id , t2.name AS name, t2.phone AS phone ,t2.birthday,
        t2.email AS
        email,t2.weibo AS weibo, COUNT(customer_id) AS customerCount from
        bm_write_off t1
        LEFT JOIN (SELECT id ,birthday,name ,phone ,email,weibo FROM
        bc_customer t4 where t4.create_id=#{map.uid}) t2
        ON t2.id = t1.customer_id WHERE t2.id =
        t1.customer_id
        AND t1.status = 0 AND t1.is_deleted = 0
        and (
        <if test="map.phone == 1">
            (t2.phone != '' AND t2.phone is not null)
        </if>
        <if test="map.weibo == 1">
            <if test="map.phone == 1">
                OR (t2.weibo != '' AND t2.weibo is not null)
            </if>
            <if test="map.phone != 1">
                (t2.weibo != '' AND t2.weibo is not null)
            </if>
        </if>
        <if test="map.email == 1">
            <if test="map.phone == 1 or map.weibo == 1">
                OR (t2.email != '' AND
                t2.email is not null)
            </if>
            <if test="map.phone != 1 and map.weibo != 1">
                (t2.email != '' AND t2.email is not null)
            </if>
        </if>
        )GROUP BY customer_id
        HAVING
        TIMESTAMPDIFF(DAY,min(t1.write_off_time),CURDATE()) &gt; ${day})t
        WHERE t.customerCount &gt; ${frequency}
    </select>
    <select id="getCustomerTotalConsumptionList" parameterType="map"
            resultType="map">
        select t.birthday,t.customer_id, t.name ,t.phone, t.email,t.weibo from (select
        customer_id ,t2.name AS name,
        t2.phone AS phone,t2.email AS
        email,t2.weibo AS weibo,t2.birthday,
        COUNT(customer_id) AS customerCount ,
        TIMESTAMPDIFF(DAY,min(t1.write_off_time),CURDATE()) AS
        tday,t1.is_deleted
        from
        bm_write_off t1
        LEFT JOIN (SELECT id , name
        ,phone,email,weibo,birthday FROM
        bc_customer t4 where 1=1 and t4.create_id=#{uid}) t2
        ON t2.id =
        t1.customer_id
        WHERE t2.id =
        t1.customer_id and t1.status = 0 AND
        t1.is_deleted = 0 and create_time BETWEEN
        DATE_SUB(NOW(),INTERVAL
        #{days} DAY) and now() and(
        <if test="phone == 1">
            (t2.phone != '' AND t2.phone is not null)
        </if>
        <if test="weibo == 1">
            <if test="phone == 1">
                OR (t2.weibo != '' AND t2.weibo is not null)
            </if>
            <if test="phone != 1">
                (t2.weibo != '' AND t2.weibo is not null)
            </if>
        </if>
        <if test="email == 1">
            <if test="phone == 1 or weibo == 1">
                OR (t2.email != '' AND
                t2.email is not null)
            </if>
            <if test="phone != 1 and weibo != 1">
                (t2.email != '' AND t2.email is not null)
            </if>
        </if>
        ) GROUP BY customer_id
        ) t WHERE
        is_deleted=0
        <if test="miniNum!=null">
            and t.customerCount &gt; #{miniNum}
        </if>
        <if test="maxNum!=null">
            and t.customerCount &lt; #{maxNum}
        </if>

        <!-- <if test="state == 1"> t.customerCount/t.tday &lt; ${totalConsumption}
            </if> <if test="state == 2"> t.customerCount/t.tday &gt; ${totalConsumption}
            </if> -->
    </select>

    <!-- <select id="getCustomerTradingVolumeList" resultType="map">
        select t4.phone,t4.name,t4.email,t4.weibo ,t4.cusId AS customer_id
        from
        (SELECT SUM(consumption_amount)AS amount , t1.phone AS phone,
        t1.name AS name,
        t1.email AS email,t1.weibo AS weibo,
        customer_id as
        cusId,t.write_off_time AS buyDate
        FROM bm_write_off t LEFT JOIN
        bc_customer t1 ON t.customer_id = t1.id
        WHERE t.status = 0 AND
        t.is_deleted = 0 and (
        <if test="map.phone == 1">
            (phone != '' AND phone is not null)
        </if>
        <if test="map.weibo == 1">
            <if test="map.phone == 1">
                OR (weibo != '' AND weibo is not null)
            </if>
            <if test="map.phone != 1">
                (weibo != '' AND weibo is not null)
            </if>
        </if>
        <if test="map.email == 1">
            <if test="map.phone == 1 or map.weibo == 1">
                OR (email != '' AND
                email is not null)
            </if>
            <if test="map.phone != 1 and map.weibo != 1">
                (email != '' AND email is not null)
            </if>
        </if>
        )GROUP BY t.customer_id
        <choose>
            <when test="condition == 'mainForce'">
                HAVING amount > ${svalue}
            </when>
            <when test="condition == 'commonly'">
                HAVING amount BETWEEN ${svalue} AND ${bvalue}
            </when>
            <when test="condition == 'scattered'">
                HAVING amount &lt;${svalue}
            </when>
        </choose>
        ) t4 ORDER BY t4.amount
    </select> -->

    <select id="getCustomerTradingVolumeList" resultType="map">
        select t4.birthday,t4.phone,t4.name,t4.email,t4.weibo ,t4.cusId AS customer_id,t4.amount
        from
        (SELECT * from (SELECT t1.is_deleted,t.`status`,SUM(consumption_amount)AS amount , t1.phone AS
        phone,t1.birthday,
        t1.name AS name,
        t1.email AS email,t1.weibo AS weibo,
        customer_id as
        cusId,t.write_off_time AS buyDate
        FROM bm_write_off t LEFT JOIN
        bc_customer t1 ON t.customer_id = t1.id and t1.create_id=#{map.uid}
        GROUP BY t1.id
        UNION ALL SELECT t2.is_deleted,0,0,t2.phone,t2.birthday,t2.`name`,t2.email,t2.weibo,t2.id as cusId,'' AS buyDate
        from bc_customer t2 WHERE t2.create_id=#{map.uid})t3

        WHERE t3.status = 0 AND
        t3.is_deleted = 0 and (
        <if test="map.phone == 1">
            (t3.phone != '' AND t3.phone is not null)
        </if>
        <if test="map.weibo == 1">
            <if test="map.phone == 1">
                OR (t3.weibo != '' AND t3.weibo is not null)
            </if>
            <if test="map.phone != 1">
                (t3.weibo != '' AND t3.weibo is not null)
            </if>
        </if>
        <if test="map.email == 1">
            <if test="map.phone == 1 or map.weibo == 1">
                OR (t3.email != '' AND
                t3.email is not null)
            </if>
            <if test="map.phone != 1 and map.weibo != 1">
                (t3.email != '' AND t3.email is not null)
            </if>
        </if>
        )GROUP BY t3.cusId
        <choose>
            <when test="condition == 'mainForce'">
                HAVING t3.amount > ${svalue}
            </when>
            <when test="condition == 'commonly'">
                HAVING t3.amount BETWEEN ${svalue} AND ${bvalue}
            </when>
            <when test="condition == 'scattered'">
                HAVING t3.amount &lt;${svalue}
            </when>
        </choose>
        ) t4 ORDER BY t4.cusId
    </select>


    <select id="getCustomerLoseCustomerCount" resultType="int">
        select count(t.customer_id) as count from (select customer_id from
        bm_write_off t1
        LEFT JOIN (SELECT id , name FROM bc_customer t4 where t4.create_id=#{uid} ) t2
        ON
        t2.id = t1.customer_id
        WHERE t2.id = t1.customer_id and t1.is_deleted =
        0 AND t1.status = 0 GROUP BY
        customer_id
        HAVING
        TIMESTAMPDIFF(DAY,max(t1.write_off_time),CURDATE())
        <if test="state == 1">
            &gt; ${loseCustomer}
        </if>
        <if test="state == 2">
            &lt; ${loseCustomer}
        </if>
        ) t;
    </select>
    <select id="getCustomerLoseCustomerList" resultType="map">
        select t.birthday,t.name,t.phone,t.email,t.weibo,t.customer_id from (select
        customer_id ,t2.name,t2.phone,t2.weibo,t2.email,t2.birthday from
        bm_write_off t1
        LEFT JOIN (SELECT is_deleted,id ,birthday,name,phone,email,weibo FROM
        bc_customer t4 where t4.create_id=#{map.uid}) t2
        ON t2.id = t1.customer_id
        WHERE t2.id =
        t1.customer_id and t2.is_deleted = 0 and t1.status = 0 AND
        t1.is_deleted = 0 and (
        <if test="map.phone == 1">
            (phone != '' AND phone is not null)
        </if>
        <if test="map.weibo == 1">
            <if test="map.phone == 1">
                OR (weibo != '' AND weibo is not null)
            </if>
            <if test="map.phone != 1">
                (weibo != '' AND weibo is not null)
            </if>
        </if>
        <if test="map.email == 1">
            <if test="map.phone == 1 or map.weibo == 1">
                OR (email != '' AND
                email is not null)
            </if>
            <if test="map.phone != 1 and map.weibo != 1">
                (email != '' AND email is not null)
            </if>
        </if>
        )GROUP BY customer_id
        HAVING
        TIMESTAMPDIFF(DAY,max(t1.write_off_time),CURDATE())
        <if test="state == 1">
            &gt; ${loseCustomer}
        </if>
        <if test="state == 2">
            &lt; ${loseCustomer}
        </if>
        ) t;
    </select>

    <select id="getCustomerTotalCustomerList" resultType="map">
        SELECT id as customer_id,birthday,name,phone,email,weibo FROM
        bc_customer where is_deleted=0 
        <if test="map.uid!=0">
           and create_id =#{map.uid}
        </if>
         and (
        <if test="map.phone == 1">
            (phone != '' AND phone is not null)
        </if>
        <if test="map.weibo == 1">
            <if test="map.phone == 1">
                OR (weibo != '' AND weibo is not null)
            </if>
            <if test="map.phone != 1">
                (weibo != '' AND weibo is not null)
            </if>
        </if>
        <if test="map.email == 1">
            <if test="map.phone == 1 or map.weibo == 1">
                OR (email != '' AND
                email is not null)
            </if>
            <if test="map.phone != 1 and map.weibo != 1">
                (email != '' AND email is not null)
            </if>
        </if>
        )
        <if test="map.tenant_id!=null and map.tenant_id!=''">
			cecook2017${map.tenant_id}
		</if>
    </select>


    <select id="rightNewOrOld" resultType="map">
        select TIMESTAMPDIFF(DAY,(SELECT write_off_time FROM bm_write_off t6
        WHERE t6.customer_id = t4.cusId and t6.status = 0 AND t6.is_deleted =
        0 ORDER BY write_off_time asc LIMIT 1
        ),CURDATE()) as daya ,
        t4.buyTimes, t4.cusPhone,t4.cusName,t4.cusId
        ,t4.amount from
        (SELECT
        SUM(consumption_amount)AS amount ,count(consumption_amount)AS
        buyTimes
        ,
        customer_id as cusId,t1.phone as cusPhone, t1.name as
        cusName
        ,t.write_off_time AS buyDate
        FROM bm_write_off t LEFT JOIN bc_customer
        t1 ON t.customer_id = t1.id
        WHERE t.customer_id = t1.id and t.status =
        0 AND t.is_deleted = 0 and t1.create_id=#{uid} GROUP BY t.customer_id
        <if test="state == 1">
            <if test="count != null and count != '' ">
                HAVING buyTimes &lt; ${count}
            </if>
        </if>
        <if test="state == 2">
            <if test="count != null and count != '' ">
                HAVING buyTimes &gt; ${count}
            </if>
        </if>
        ) t4
        <if test="state == 1">
            <if test="day != null and day!= ''">
                WHERE
                TIMESTAMPDIFF(DAY,(SELECT write_off_time FROM
                bm_write_off t2
                WHERE t2.customer_id = t4.cusId
                AND t2.status = 0
                ORDER BY write_off_time asc LIMIT 1
                ),CURDATE())
                &lt; ${day}
            </if>
        </if>
        <if test="state == 2">
            <if test="day != null and day!= ''">
                WHERE
                TIMESTAMPDIFF(DAY,(SELECT write_off_time FROM
                bm_write_off t2
                WHERE t2.customer_id = t4.cusId
                AND t2.status = 0 AND
                t2.is_deleted = 0 ORDER BY write_off_time asc
                LIMIT 1
                ),CURDATE())
                &gt; ${day}
            </if>
        </if>
        LIMIT 0, 10
    </select>
    <!-- <select id="rightTotalConsumption" resultType="map"> select t.customer_id
        AS customer_id, t.name as name ,t.phone as phone , t.tday AS daya , t.customerCount
        from (select customer_id ,t2.name ,t2.phone , COUNT(customer_id) AS customerCount
        , TIMESTAMPDIFF(DAY,min(t1.write_off_time),CURDATE()) AS tday from bm_write_off
        t1 LEFT JOIN (SELECT id , name ,phone FROM bc_customer t4 WHERE is_deleted
        = 0) t2 ON t2.id = t1.customer_id WHERE t2.id = t1.customer_id and t1.is_deleted
        = 0 and t1.status = 0 GROUP BY customer_id ) t <if test="state == 1 "> WHERE
        t.customerCount/(t.tday +1) &lt; ${value} </if> <if test="state == 2 "> WHERE
        t.customerCount/(t.tday +1) BETWEEN ${value} AND ${valueMax} </if> <if test="state
        == 3 "> WHERE t.customerCount/(t.tday +1) &gt; ${value} </if> LIMIT 0, 10
        </select> -->

    <select id="rightTotalConsumption" resultType="map">
        select t.customer_id AS customer_id, t.name as name ,t.phone as phone
        ,
        t.tday AS daya , t.customerCount from
        (select customer_id
        ,t2.name,is_deleted
        ,t2.phone , COUNT(customer_id) AS customerCount ,
        TIMESTAMPDIFF(DAY,min(t1.write_off_time),CURDATE()) AS tday
        from
        bm_write_off t1
        LEFT JOIN (SELECT id , name ,phone FROM bc_customer t4
        WHERE is_deleted = 0 and create_id=#{uid}) t2
        ON t2.id = t1.customer_id
        WHERE t2.id =
        t1.customer_id and t1.is_deleted = 0 and t1.status = 0 and
        create_time
        BETWEEN
        DATE_SUB(NOW(),INTERVAL
        #{days} DAY) and now() GROUP BY
        customer_id
        ) t
        where
        t.is_deleted=0
        <if test="miniNum!=null">
            and t.customerCount &gt; #{miniNum}
        </if>
        <if test="maxNum!=null">
            and t.customerCount &lt; #{maxNum}
        </if>
        LIMIT 0, 10
    </select>


    <select id="getRigehtLossCustromer" resultType="Map"
            parameterType="Map">
		select t.customer_id AS
		customer_id ,
		t1.phone AS phone,
		t1.name AS name ,
		TIMESTAMPDIFF(DAY,(SELECT
		write_off_time FROM
		bm_write_off t6
		WHERE t6.customer_id =
		t.customer_id AND t6.is_deleted =
		0 AND t6.status = 0 ORDER BY id DESC
		LIMIT 1 ),CURDATE())
		as tday from
		bm_write_off t
		LEFT JOIN (SELECT id ,
		phone,
		name FROM bc_customer t4 where t4.create_id = #{uid}  )
		t1 ON t1.id = t.customer_id
		WHERE t1.id =
		t.customer_id AND t.is_deleted
		= 0 AND t.status = 0   GROUP BY
		t.customer_id HAVING tday &gt;
		${lossCustromer}
		limit 10
	</select>


    <select id="getCustomerTotalCount" resultType="java.lang.Integer" parameterType="java.lang.Long">
	select count(1) from bc_customer where is_deleted=0 
	<if test="uid!=0">
	    and create_id=#{uid}
	</if>
	</select>


    <select id="findCustomerOnlyByPhone" resultMap="BaseResultMap">
        select
        <include refid="Base_Column_List"/>
        from bc_customer where phone = ${phone}
    </select>
	<update id="editCustomerBySynCRMTransaction" parameterType="cn.cecook.model.business.customer.BcCustomer">
	    update bc_customer
        <set>
            <if test="marketName != null">
                market_name = #{marketName,jdbcType=VARCHAR},
            </if>
            <if test="marketId != null">
                market_id = #{marketId,jdbcType=INTEGER},
            </if>
            <if test="storeName != null">
                store_name = #{storeName,jdbcType=VARCHAR},
            </if>
            <if test="storeId != null">
                store_id = #{storeId,jdbcType=INTEGER},
            </if>
             <if test="lastCostTime != null">
                last_cost_time = #{lastCostTime},
             </if>
         </set>
         where id=#{id}	    
	</update>
</mapper>