<?xml version="1.0" encoding="UTF-8" ?>
<!DOCTYPE mapper PUBLIC "-//mybatis.org//DTD Mapper 3.0//EN" "http://mybatis.org/dtd/mybatis-3-mapper.dtd" >
<mapper namespace="cn.cecook.dao.business.customer.BcUserDimensionMapper" >
  <resultMap id="BaseResultMap" type="cn.cecook.model.business.customer.BcUserDimension" >
    <id column="id" property="id" jdbcType="INTEGER" />
    <result column="uuid" property="uuid" jdbcType="VARCHAR" />
    <result column="tenant_id" property="tenantId" jdbcType="VARCHAR" />
    <result column="user_id" property="userId" jdbcType="VARCHAR" />
    <result column="create_time" property="createTime" jdbcType="TIMESTAMP" />
    <result column="old_customer_day" property="oldCustomerDay" jdbcType="VARCHAR" />
    <result column="old_customer_frequency" property="oldCustomerFrequency" jdbcType="VARCHAR" />
    <result column="new_customer_day" property="newCustomerDay" jdbcType="VARCHAR" />
    <result column="new_customer_frequency" property="newCustomerFrequency" jdbcType="VARCHAR" />
    <result column="traveler_day" property="travelerDay" jdbcType="VARCHAR" />
    <result column="traveler_frequency" property="travelerFrequency" jdbcType="VARCHAR" />
    <result column="regular_day" property="regularDay" jdbcType="VARCHAR" />
    <result column="regular_frequency" property="regularFrequency" jdbcType="VARCHAR" />
    <result column="loyal_customer_day" property="loyalCustomerDay" jdbcType="VARCHAR" />
    <result column="loyal_customer_frequency" property="loyalCustomerFrequency" jdbcType="VARCHAR" />
    <result column="main_force" property="mainForce" jdbcType="VARCHAR" />
    <result column="s_commonly_customer" property="sCommonlyCustomer" jdbcType="VARCHAR" />
    <result column="b_commonly_customer" property="bCommonlyCustomer" jdbcType="VARCHAR" />
    <result column="scattered_customer" property="scatteredCustomer" jdbcType="VARCHAR" />
    <result column="lose_customer" property="loseCustomer" jdbcType="VARCHAR" />
    <result column="bak1" property="bak1" jdbcType="VARCHAR" />
    <result column="bak2" property="bak2" jdbcType="VARCHAR" />
    <result column="bak3" property="bak3" jdbcType="VARCHAR" />
    <result column="bak4" property="bak4" jdbcType="VARCHAR" />
    <result column="bak5" property="bak5" jdbcType="VARCHAR" />
  </resultMap>
  
  <insert id="addUserDimension" parameterType="cn.cecook.model.business.customer.BcUserDimension" >
    insert into bc_user_dimension ( uuid,tenant_id, user_id,create_time,
      old_customer_day, old_customer_frequency, new_customer_day,new_customer_frequency,
      traveler_day,traveler_frequency, regular_day,regular_frequency,loyal_customer_day,
      loyal_customer_frequency,main_force,s_commonly_customer,b_commonly_customer,
      scattered_customer,lose_customer, bak1, bak2, bak3, bak4,  bak5)
    values (#{uuid,jdbcType=VARCHAR}, #{tenantId,jdbcType=VARCHAR}, 
      #{userId,jdbcType=INTEGER}, #{createTime,jdbcType=TIMESTAMP}, #{oldCustomerDay,jdbcType=VARCHAR}, 
      #{oldCustomerFrequency,jdbcType=VARCHAR}, #{newCustomerDay,jdbcType=VARCHAR}, #{newCustomerFrequency,jdbcType=VARCHAR}, 
      #{travelerDay,jdbcType=VARCHAR}, #{travelerFrequency,jdbcType=VARCHAR}, 
      #{regularDay,jdbcType=VARCHAR}, #{regularFrequency,jdbcType=VARCHAR},
      #{loyalCustomerDay,jdbcType=VARCHAR}, #{loyalCustomerFrequency,jdbcType=VARCHAR}, 
      #{mainForce,jdbcType=VARCHAR}, #{sCommonlyCustomer,jdbcType=VARCHAR}, #{bCommonlyCustomer,jdbcType=VARCHAR}, 
      #{scatteredCustomer,jdbcType=VARCHAR}, #{loseCustomer,jdbcType=VARCHAR}, 
      #{bak1,jdbcType=VARCHAR}, #{bak2,jdbcType=VARCHAR}, #{bak3,jdbcType=VARCHAR}, #{bak4,jdbcType=VARCHAR}, 
      #{bak5,jdbcType=VARCHAR})
    </insert>
    <select id="getUserDimension" resultMap="BaseResultMap">
  		select id ,uuid,tenant_id,user_id,create_time,old_customer_day,old_customer_frequency,
  		new_customer_day,new_customer_frequency,traveler_day,traveler_frequency,regular_day,
  		regular_frequency,loyal_customer_day,loyal_customer_frequency,main_force,
  		s_commonly_customer,b_commonly_customer,scattered_customer, lose_customer,
  		bak1,bak2,bak3,bak4,bak5
  		from bc_user_dimension
  	</select>
  	<update id="updateUserDimension" parameterType="cn.cecook.model.business.customer.BcUserDimension" >
    	update bc_user_dimension
    <set >
      <if test="uuid != null" >
        uuid = #{uuid},
      </if>
      <if test="userId != null" >
        user_id = #{userId},
      </if>
      <if test="createTime != null" >
        create_time = #{createTime},
      </if>
      <if test="oldCustomerDay != null" >
        old_customer_day = #{oldCustomerDay},
      </if>
      <if test="oldCustomerFrequency != null" >
        old_customer_frequency = #{oldCustomerFrequency},
      </if>
      <if test="newCustomerDay != null" >
        new_customer_day = #{newCustomerDay},
      </if>
      <if test="newCustomerFrequency != null" >
        new_customer_frequency = #{newCustomerFrequency},
      </if>
      <if test="travelerDay != null" >
        traveler_day = #{travelerDay},
      </if>
      <if test="travelerFrequency != null" >
        traveler_frequency = #{travelerFrequency},
      </if>
      <if test="regularDay != null" >
        regular_day = #{regularDay},
      </if>
      <if test="regularFrequency != null" >
        regular_frequency = #{regularFrequency},
      </if>
      <if test="loyalCustomerDay != null" >
        loyal_customer_day = #{loyalCustomerDay},
      </if>
      <if test="loyalCustomerFrequency != null" >
        loyal_customer_frequency = #{loyalCustomerFrequency},
      </if>
      <if test="mainForce != null" >
        main_force = #{mainForce},
      </if>
      <if test="sCommonlyCustomer != null" >
        s_commonly_customer = #{sCommonlyCustomer},
      </if>
      <if test="bCommonlyCustomer != null" >
        b_commonly_customer = #{bCommonlyCustomer},
      </if>
      <if test="scatteredCustomer != null" >
        scattered_customer = #{scatteredCustomer},
      </if>
      <if test="loseCustomer != null" >
        lose_customer = #{loseCustomer},
      </if>
      <if test="bak1 != null" >
        bak1 = #{bak1},
      </if>
      <if test="bak2 != null" >
        bak2 = #{bak2},
      </if>
      <if test="bak3 != null" >
        bak3 = #{bak3},
      </if>
      <if test="bak4 != null" >
        bak4 = #{bak4},
      </if>
      <if test="bak5 != null" >
        bak5 = #{bak5},
      </if>
    </set>
    <where>
    	id = #{id}
    </where>
  </update>
  		
  		
  		
</mapper>