<?xml version="1.0" encoding="UTF-8" ?>
<!DOCTYPE mapper PUBLIC "-//mybatis.org//DTD Mapper 3.0//EN" "http://mybatis.org/dtd/mybatis-3-mapper.dtd" >
<mapper namespace="cn.cecook.dao.open.mp.BmCouponMapper">
    <resultMap id="BmCouponResultMap" type="cn.cecook.model.business.markting.BmCoupon">
        <id column="id" property="id" jdbcType="BIGINT"/>
        <result column="customer_phone" property="customerPhone" jdbcType="VARCHAR"/>
        <result column="activity_id" property="activityId" jdbcType="INTEGER"/>
    </resultMap>
    <select id="findCouponCountByPhone" resultType="java.lang.String">
       SELECT count(id) from bm_coupon where customer_phone = #{phone}
    </select>
    <select id="findCouponByPhone" parameterType="java.lang.String" resultMap="BmCouponResultMap">
		select * from bm_coupon where customer_phone = #{phone}
	</select>
</mapper>
