<?xml version="1.0" encoding="UTF-8" ?>
<!DOCTYPE mapper PUBLIC "-//mybatis.org//DTD Mapper 3.0//EN" "http://mybatis.org/dtd/mybatis-3-mapper.dtd" >
<mapper namespace="cn.cecook.dao.open.mp.MpAccountMapper">
    <resultMap id="MpAccountResultMap" type="cn.cecook.model.open.mp.MpAccount">
        <id column="id" property="id" jdbcType="BIGINT"/>
        <result column="uid" property="uid" jdbcType="VARCHAR"/>
        <result column="uuid" property="uuid" jdbcType="VARCHAR"/>
        <result column="tenant_id" property="tenantId" jdbcType="VARCHAR"/>
        <result column="authorizer_appid" property="authorizerAppid" jdbcType="VARCHAR"/>
        <result column="authorizer_access_token" property="authorizerAccessToken" jdbcType="VARCHAR"/>
        <result column="authorizer_refresh_token" property="authorizerRefreshToken" jdbcType="VARCHAR"/>
        <result column="nick_name" property="nickName" jdbcType="VARCHAR"/>
        <result column="head_img" property="headImg" jdbcType="VARCHAR"/>
        <result column="user_name" property="userName" jdbcType="VARCHAR"/>
        <result column="principal_name" property="principalName" jdbcType="VARCHAR"/>
        <result column="appid" property="appid" jdbcType="VARCHAR"/>
        <result column="token_time" property="tokenTime" jdbcType="TIMESTAMP"/>
        <result column="token_status" property="tokenStatus" jdbcType="INTEGER"/>
        <result column="create_time" property="createTime" jdbcType="TIMESTAMP"/>
    </resultMap>
    <select id="getCount" resultType="java.lang.Integer">
       SELECT count(id) from open_mp_account
    </select>
    <update id="del" parameterType="java.lang.String">
	    delete from open_mp_account where tenant_id = #{tenant_id}
	</update>
    <select id="selectAll" resultMap="MpAccountResultMap">
		select * from open_mp_account
	</select>
    <select id="selectTokenTimeMoreTime" parameterType="java.util.Date" resultMap="MpAccountResultMap">
		select * from open_mp_account where token_time &lt; #{time}
	</select>
    <insert id="insertSelective" parameterType="cn.cecook.model.open.mp.MpAccount"
            useGeneratedKeys="true" keyProperty="id">
        insert into open_mp_account
        <trim prefix="(" suffix=")" suffixOverrides=",">
            <if test="uid != null">
                uid,
            </if>
            <if test="uuid != null">
                uuid,
            </if>
            <if test="tenantId != null">
                tenant_id,
            </if>
            <if test="authorizerAppid != null">
                authorizer_appid,
            </if>
            <if test="authorizerAccessToken != null">
                authorizer_access_token,
            </if>
            <if test="authorizerRefreshToken != null">
                authorizer_refresh_token,
            </if>
            <if test="nickName != null">
                nick_name,
            </if>
            <if test="headImg != null">
                head_img,
            </if>
            <if test="userName != null">
                user_name,
            </if>
            <if test="principalName != null">
                principal_name,
            </if>
            <if test="appid != null">
                appid,
            </if>
            <if test="tokenTime != null">
                token_time,
            </if>
            <if test="tokenStatus != null">
                token_status,
            </if>
            <if test="createTime != null">
                create_time,
            </if>
        </trim>
        <trim prefix="values (" suffix=")" suffixOverrides=",">
            <if test="uid != null">
                #{uid,jdbcType=VARCHAR},
            </if>
            <if test="uuid != null">
                #{uuid,jdbcType=VARCHAR},
            </if>
            <if test="tenantId != null">
                #{tenantId,jdbcType=VARCHAR},
            </if>
            <if test="authorizerAppid != null">
                #{authorizerAppid,jdbcType=VARCHAR},
            </if>
            <if test="authorizerAccessToken != null">
                #{authorizerAccessToken,jdbcType=VARCHAR},
            </if>
            <if test="authorizerRefreshToken != null">
                #{authorizerRefreshToken,jdbcType=VARCHAR},
            </if>
            <if test="nickName != null">
                #{nickName,jdbcType=VARCHAR},
            </if>
            <if test="headImg != null">
                #{headImg,jdbcType=VARCHAR},
            </if>
            <if test="userName != null">
                #{userName,jdbcType=TIMESTAMP},
            </if>
            <if test="principalName != null">
                #{principalName,jdbcType=VARCHAR},
            </if>
            <if test="appid != null">
                #{appid,jdbcType=VARCHAR},
            </if>
            <if test="tokenTime != null">
                #{tokenTime,jdbcType=TIMESTAMP},
            </if>
            <if test="tokenStatus != null">
                #{tokenStatus,jdbcType=INTEGER},
            </if>
            <if test="createTime != null">
                #{createTime,jdbcType=TIMESTAMP},
            </if>
        </trim>
    </insert>
    <select id="selectMpAccountById" parameterType="long"
            resultType="cn.cecook.model.open.mp.MpAccount">
		select * from open_mp_account where id = #{id,jdbcType=BIGINT}
	</select>
    <select id="selectMpAccountByUserName" parameterType="string" resultMap="MpAccountResultMap">
		select * from open_mp_account where user_name = #{userName}
	</select>
    <select id="selectMpAccountByUid" parameterType="string"
            resultMap="MpAccountResultMap">
		select * from open_mp_account where uid = #{uid}
	</select>
    <select id="selectMpAccountByTenantId" parameterType="string"
            resultMap="MpAccountResultMap">
		select * from open_mp_account where tenant_id = #{tenant_id}
	</select>
    <update id="updateMpAccountByUid" parameterType="cn.cecook.model.open.mp.MpAccount">
	    UPDATE open_mp_account
	    <set>
            <if test="mpAccount.tenantId != null">
                tenant_id = #{mpAccount.tenantId,jdbcType=VARCHAR},
            </if>
            <if test="mpAccount.authorizerAppid != null">
                authorizer_appid = #{mpAccount.authorizerAppid,jdbcType=VARCHAR},
            </if>
            <if test="mpAccount.authorizerAccessToken != null">
                authorizer_access_token = #{mpAccount.authorizerAccessToken,jdbcType=VARCHAR},
            </if>
            <if test="mpAccount.authorizerRefreshToken != null">
                authorizer_refresh_token = #{mpAccount.authorizerRefreshToken,jdbcType=VARCHAR},
            </if>
            <if test="mpAccount.nickName != null">
                nick_name = #{mpAccount.nickName,jdbcType=VARCHAR},
            </if>
            <if test="mpAccount.headImg != null">
                head_img = #{mpAccount.headImg,jdbcType=VARCHAR},
            </if>
            <if test="mpAccount.userName != null">
                user_name = #{mpAccount.userName,jdbcType=VARCHAR},
            </if>
            <if test="mpAccount.principalName != null">
                principal_name = #{mpAccount.principalName,jdbcType=VARCHAR},
            </if>
            <if test="mpAccount.tokenTime != null">
                token_time = #{mpAccount.tokenTime,jdbcType=TIMESTAMP},
            </if>
            <if test="mpAccount.tokenStatus != null">
                token_status = #{mpAccount.tokenStatus,jdbcType=INTEGER},
            </if>
            <if test="mpAccount.appid != null">
                appid = #{mpAccount.appid,jdbcType=VARCHAR},
            </if>
        </set>
	    WHERE uid = #{uid,jdbcType=VARCHAR}
	</update>
</mapper>
