<?xml version="1.0" encoding="UTF-8" ?>
<!DOCTYPE mapper PUBLIC "-//mybatis.org//DTD Mapper 3.0//EN" "http://mybatis.org/dtd/mybatis-3-mapper.dtd" >
<mapper namespace="cn.cecook.dao.open.mp.MpBmActivityMapper">
    <resultMap id="BmActivityResultMap" type="cn.cecook.model.business.markting.BmActivity">
        <id column="id" property="id" jdbcType="INTEGER" />
		<result column="uuid" property="uuid" jdbcType="VARCHAR" />
		<result column="tenant_id" property="tenantId" jdbcType="VARCHAR" />
		<result column="is_deleted" property="isDeleted" jdbcType="INTEGER" />
		<result column="name" property="name" jdbcType="VARCHAR" />
		<result column="description" property="description" jdbcType="VARCHAR" />
		<result column="web_url" property="webUrl" jdbcType="VARCHAR" />
		<result column="pic_url" property="picUrl" jdbcType="VARCHAR" />
		<result column="start_date" property="startDate" jdbcType="VARCHAR" />
		<result column="coupon_number" property="couponNumber" jdbcType="INTEGER" />
		<result column="title" property="title" jdbcType="VARCHAR" />
		<result column="content" property="content" jdbcType="VARCHAR" />
		<result column="pic" property="pic" jdbcType="VARCHAR" />
		<result column="status" property="status" jdbcType="INTEGER" />
		<result column="head_pic" property="head_pic" jdbcType="VARCHAR" />
		<result column="start_time" property="start_time" jdbcType="TIMESTAMP" />
		<result column="end_time" property="end_time" jdbcType="TIMESTAMP" />
    </resultMap>
    <select id="findByActivityIds" parameterType="java.util.List" resultMap="BmActivityResultMap">
		select * from bm_activity where id in 
		<foreach collection="activityidList" index="index" item="activityid" open="(" separator="," close=")">  
			#{activityid}
		</foreach> 
	</select>
</mapper>
