<?xml version="1.0" encoding="UTF-8" ?>
<!DOCTYPE mapper PUBLIC "-//mybatis.org//DTD Mapper 3.0//EN" "http://mybatis.org/dtd/mybatis-3-mapper.dtd" >
<mapper namespace="cn.cecook.dao.open.mp.MpMaterialMapper">
    <resultMap id="MpMaterialResultMap" type="cn.cecook.model.open.mp.MpMaterial">
    	<id column="id" property="id" jdbcType="BIGINT"/>
        <result column="media_id" property="mediaId" jdbcType="VARCHAR"/>
        <result column="cecook_url" property="cecookUrl" jdbcType="VARCHAR"/>
        <result column="wx_url" property="wxUrl" jdbcType="VARCHAR"/>
        <result column="status" property="status" jdbcType="INTEGER"/>
        <result column="create_time" property="createTime" jdbcType="TIMESTAMP"/>
    </resultMap>
    <select id="selectMaterialBymediaId" resultMap="MpMaterialResultMap">
        select * from open_mp_material WHERE tenant_id = #{tenant_id} AND media_id = #{media_id}
        <if test="tenant_id!=null and tenant_id!=''">
            cecook2017${tenant_id}
        </if>
    </select>
    <select id="selectMaterial" resultMap="MpMaterialResultMap">
        select * from open_mp_material WHERE status = 1 AND tenant_id = #{tenant_id} ORDER BY id DESC limit #{pageStart},#{pageSize}
    </select>
    
    <select id="getCount" resultType="java.lang.Integer">
        select count(1) from open_mp_material WHERE status = 1 AND tenant_id = #{tenant_id}
    </select>
    
    <insert id="save" parameterType="cn.cecook.model.open.mp.MpMaterial">
		insert into open_mp_material(media_id, wx_url, cecook_url) values(#{mediaId},#{wxUrl},#{cecookUrl})
    </insert>
    
    <select id="delAll">
        DELETE FROM open_mp_material WHERE tenant_id = #{tenant_id}
    </select>
    
    <insert id="del">
    	DELETE FROM open_mp_material WHERE tenant_id = #{tenant_id} AND media_id = #{media_id}
    </insert>
</mapper>
