<?xml version="1.0" encoding="UTF-8" ?>
<!DOCTYPE mapper PUBLIC "-//mybatis.org//DTD Mapper 3.0//EN" "http://mybatis.org/dtd/mybatis-3-mapper.dtd" >
<mapper namespace="cn.cecook.dao.open.mp.MpMaterialNewsMapper">
    <resultMap id="MpMaterialNewsMap" type="cn.cecook.model.open.mp.MpMaterialNews">
    	<id column="id" property="id" jdbcType="BIGINT"/>
        <result column="media_id" property="mediaId" jdbcType="VARCHAR"/>  
        <result column="titles" property="titles" jdbcType="VARCHAR"/>  
        <result column="create_time" property="createTime" jdbcType="DATE"/>  
        <result column="update_time" property="updateTime" jdbcType="DATE"/>  
    </resultMap>
    <select id="getCount" resultType="java.lang.Integer">
        select count(1) from open_mp_material_news WHERE tenant_id = #{tenant_id}
    </select>
    <select id="getCountByCondition" resultType="java.lang.Integer">
        select count(1) from open_mp_material_news WHERE 1=1
        <if test="dateStart != null">
			and update_time &gt;= #{dateStart}
       	</if>
		<if test="dateEnd != null">
			and update_time &lt;= #{dateEnd}
       	</if>
       	<if test="keyword != null and keyword != ''">
            and titles like '%${keyword}%'
        </if>
    </select>
    <select id="selectNewsById" parameterType="int" resultMap="MpMaterialNewsMap">  
        select * from open_mp_material_news where id = #{id}  
        <if test="tenant_id!=null and tenant_id!=''">
            cecook2017${tenant_id}
        </if>
    </select>
    <select id="selectNewsByMediaId" resultMap="MpMaterialNewsMap">  
        select * from open_mp_material_news where tenant_id = #{tenant_id} AND media_id = #{media_id}  
        <if test="tenant_id!=null and tenant_id!=''">
            cecook2017${tenant_id}
        </if>
    </select>
    <select id="selectMaterialByPage" resultMap="MpMaterialNewsMap">
        select * from open_mp_material_news where tenant_id = #{tenant_id} order by update_time DESC limit #{pageStart},#{pageSize}
        <if test="tenant_id!=null and tenant_id!=''">
            cecook2017${tenant_id}
        </if>
    </select>
    <select id="selectMaterialByCondition" resultMap="MpMaterialNewsMap">
		select * from open_mp_material_news where tenant_id = #{tenant_id} 
		<if test="dateStart != null">
			and update_time &gt;= #{dateStart}
       	</if>
		<if test="dateEnd != null">
			and update_time &lt;= #{dateEnd}
       	</if>
       	<if test="keyword != null and keyword != ''">
            and titles like '%${keyword}%'
        </if>
		ORDER BY update_time DESC limit #{pageStart},#{pageSize}
    	<if test="tenant_id!=null and tenant_id!=''">
            cecook2017${tenant_id}
        </if>
    </select>
    <insert id="insertNews" parameterType="cn.cecook.model.open.mp.MpMaterialNews">
        <selectKey keyProperty="id" resultType="java.lang.Integer" order="AFTER">
            SELECT LAST_INSERT_ID() 
    	</selectKey>
        insert into open_mp_material_news (
        media_id,
        titles,
        create_time,
        update_time)
        values(
        #{mediaId},
        #{titles},
        #{createTime},
        #{updateTime})
    </insert>
    <update id="updateNews" parameterType="cn.cecook.model.open.mp.MpMaterialNews">
	    UPDATE open_mp_material_news
	    <set>
            <if test="mediaNews.titles != null">
                titles = #{mediaNews.titles,jdbcType=VARCHAR},
            </if>
        </set>
	    WHERE id = #{mediaNews.id,jdbcType=VARCHAR}
	</update>
    <select id="delAll">
        DELETE FROM open_mp_material_news WHERE tenant_id = #{tenant_id}
    </select>
    <select id="delById">
        DELETE FROM open_mp_material_news WHERE tenant_id = #{tenant_id} AND id = #{id}
    </select>
    <select id="delByMediaId">
        DELETE FROM open_mp_material_news WHERE tenant_id = #{tenant_id} AND media_id = #{media_id}
    </select>
</mapper>
