<?xml version="1.0" encoding="UTF-8" ?>
<!DOCTYPE mapper PUBLIC "-//mybatis.org//DTD Mapper 3.0//EN" "http://mybatis.org/dtd/mybatis-3-mapper.dtd" >
<mapper namespace="cn.cecook.dao.open.mp.MpMassMapper">
    <resultMap id="MpMassResultMap" type="cn.cecook.model.open.mp.MpMass">
    	<id column="id" property="id" jdbcType="BIGINT"/>
        <result column="sex" property="sex" jdbcType="VARCHAR"/>
        <result column="country" property="country" jdbcType="VARCHAR"/>
        <result column="province" property="province" jdbcType="VARCHAR"/>
        <result column="city" property="city" jdbcType="VARCHAR"/>
        <result column="subscribe_time" property="subscribeTime" jdbcType="TIMESTAMP"/>
        <result column="subscribe_type" property="subscribeType" jdbcType="INTEGER"/>
        <result column="tagids" property="tagids" jdbcType="VARCHAR"/>
        <result column="systagids" property="systagids" jdbcType="VARCHAR"/>
        <result column="publish_time" property="publishTime" jdbcType="TIMESTAMP"/>
        <result column="send_condition" property="sendCondition" jdbcType="INTEGER"/>
        <result column="send_time" property="sendTime" jdbcType="INTEGER"/>
        <result column="tousers" property="tousers" jdbcType="VARCHAR"/>
        <result column="msg_push_num" property="msgPushNum" jdbcType="INTEGER"/>
        <result column="plan_msg_push_num" property="planMsgPushNum" jdbcType="INTEGER"/>
        <result column="msg_read_num" property="msgReadNum" jdbcType="INTEGER"/>
        <result column="msg_thumb" property="msgThumb" jdbcType="VARCHAR"/>
        <result column="msg_title" property="msgTitle" jdbcType="VARCHAR"/>
        <result column="msg_digest" property="msgDigest" jdbcType="VARCHAR"/>
        <result column="msg_type" property="msgType" jdbcType="VARCHAR"/>
        <result column="msg_detail" property="msgDetail" jdbcType="VARCHAR"/>
        <result column="msg_id" property="msgId" jdbcType="VARCHAR"/>
        <result column="msg_data_id" property="msgDataId" jdbcType="VARCHAR"/>
        <result column="msg_status" property="msgStatus" jdbcType="VARCHAR"/>
        <result column="create_time" property="createTime" jdbcType="TIMESTAMP"/>
    </resultMap>
    <select id="getCount" resultType="java.lang.Integer">
        select count(1) from open_mp_mass
    </select>
    <select id="getCountByCondition" resultType="java.lang.Integer">
        select count(1) from open_mp_mass WHERE 1=1
        <if test="dateStart != null">
			and create_time &gt;= #{dateStart}
       	</if>
		<if test="dateEnd != null">
			and create_time &lt;= #{dateEnd}
       	</if>
       	<if test="keyword != null and keyword != ''">
            and msg_title like '%${keyword}%'
        </if>
    </select>
    
    <select id="get" resultMap="MpMassResultMap">
        select * from open_mp_mass where id = #{id}
    </select>
    <insert id="insert" parameterType="cn.cecook.model.open.mp.MpMass">
		insert into open_mp_mass(
			<if test="mpMass.sex != null">
            	sex,   
            </if>
            <if test="mpMass.country != null">                  
				country, 
            </if>
            <if test="mpMass.province != null">            
				province, 
            </if>  
            <if test="mpMass.city != null">        
				city,       
            </if>  
            <if test="mpMass.subscribeTime != null">              
				subscribe_time,
            </if>
            <if test="mpMass.subscribeType > 0">              
				subscribe_type,
            </if>
            <if test="mpMass.tagids != null">              
				tagids,
            </if>
            <if test="mpMass.systagids != null">              
				systagids,
            </if>
            <if test="mpMass.publishTime != null"> 
				publish_time, 
            </if>
            <if test="mpMass.sendCondition != null">   
				send_condition,         
            </if> 
            <if test="mpMass.sendTime != null">   
				send_time,         
            </if> 
            <if test="mpMass.tousers != null">   
				tousers,         
            </if> 
            <if test="mpMass.msgPushNum != null">   
				msg_push_num, 
            </if>
            <if test="mpMass.planMsgPushNum != null">   
				plan_msg_push_num, 
            </if>
            <if test="mpMass.msgReadNum != null">    
				msg_read_num, 
            </if>
            <if test="mpMass.msgThumb != null">    
				msg_thumb,  
            </if>   
            <if test="mpMass.msgTitle != null">     
				msg_title,   
            </if>  
            <if test="mpMass.msgDigest != null">     
				msg_digest,  
            </if>
            <if test="mpMass.msgType != null">      
				msg_type,   
            </if>   
            <if test="mpMass.msgDetail != null">      
				msg_detail, 
            </if> 
            <if test="mpMass.msgId != null">      
				msg_id,        
            </if>  
            <if test="mpMass.msgDataId != null">      
				msg_data_id, 
            </if>
            <if test="mpMass.msgStatus != null">      
				msg_status,
            </if>
            <if test="mpMass.createTime != null">
				create_time
            </if>
			) 
		values(
			<if test="mpMass.sex != null">
            	#{mpMass.sex},   
            </if>
            <if test="mpMass.country != null">                  
				#{mpMass.country}, 
            </if>
            <if test="mpMass.province != null">            
				#{mpMass.province}, 
            </if>  
            <if test="mpMass.city != null">        
				#{mpMass.city},       
            </if>  
            <if test="mpMass.subscribeTime != null">              
				#{mpMass.subscribeTime},
            </if>
            <if test="mpMass.subscribeType > 0">              
				#{mpMass.subscribeType},
            </if>
            <if test="mpMass.tagids != null">              
				#{mpMass.tagids},
            </if>
            <if test="mpMass.systagids != null">              
				#{mpMass.systagids},
            </if>
            <if test="mpMass.publishTime != null"> 
				#{mpMass.publishTime}, 
            </if>
            <if test="mpMass.sendCondition != null">   
				#{mpMass.sendCondition},         
            </if> 
            <if test="mpMass.sendTime != null">   
				#{mpMass.sendTime},         
            </if> 
            <if test="mpMass.tousers != null">   
				#{mpMass.tousers},         
            </if> 
            <if test="mpMass.msgPushNum != null">   
				#{mpMass.msgPushNum}, 
            </if>
            <if test="mpMass.planMsgPushNum != null">   
				#{mpMass.planMsgPushNum}, 
            </if>
            <if test="mpMass.msgReadNum != null">    
				#{mpMass.msgReadNum}, 
            </if>
            <if test="mpMass.msgThumb != null">    
				#{mpMass.msgThumb},  
            </if>   
            <if test="mpMass.msgTitle != null">     
				#{mpMass.msgTitle},   
            </if>  
            <if test="mpMass.msgDigest != null">     
				#{mpMass.msgDigest},  
            </if>
            <if test="mpMass.msgType != null">      
				#{mpMass.msgType},   
            </if>   
            <if test="mpMass.msgDetail != null">      
				#{mpMass.msgDetail}, 
            </if> 
            <if test="mpMass.msgId != null">      
				#{mpMass.msgId},        
            </if>  
            <if test="mpMass.msgDataId != null">      
				#{mpMass.msgDataId}, 
            </if>
            <if test="mpMass.msgStatus != null">      
				#{mpMass.msgStatus},
            </if>
            <if test="mpMass.createTime != null">
				#{mpMass.createTime}
            </if>
            )
    </insert>
    <update id="update" parameterType="cn.cecook.model.open.mp.MpMass">
	    UPDATE open_mp_mass
	    <set>
            <if test="mpMass.sex != null">
            	sex = #{mpMass.sex,jdbcType=VARCHAR},   
            </if>
            <if test="mpMass.country != null">                  
				country = #{mpMass.country,jdbcType=VARCHAR}, 
            </if>
            <if test="mpMass.province != null">            
				province = #{mpMass.province,jdbcType=VARCHAR}, 
            </if>  
            <if test="mpMass.city != null">        
				city = #{mpMass.city,jdbcType=VARCHAR},       
            </if>  
            <if test="mpMass.subscribeTime != null">              
				subscribe_time = #{mpMass.subscribeTime,jdbcType=VARCHAR},
            </if>
            <if test="mpMass.subscribeType > 0">              
				subscribe_type = #{mpMass.subscribeType,jdbcType=INTEGER},
            </if>
            <if test="mpMass.tagids != null">              
				tagids = #{mpMass.tagids,jdbcType=VARCHAR},
            </if>
            <if test="mpMass.systagids != null">              
				systagids = #{mpMass.systagids,jdbcType=VARCHAR},
            </if>
            <if test="mpMass.publishTime != null"> 
				publish_time = #{mpMass.publishTime,jdbcType=VARCHAR}, 
            </if>
            <if test="mpMass.sendCondition != null">   
				send_condition = #{mpMass.sendCondition,jdbcType=VARCHAR},         
            </if> 
            <if test="mpMass.sendTime != null">   
				send_time = #{mpMass.sendTime,jdbcType=VARCHAR},         
            </if> 
            <if test="mpMass.tousers != null">   
				tousers = #{mpMass.tousers,jdbcType=VARCHAR},         
            </if> 
            <if test="mpMass.msgPushNum != null">   
				msg_push_num = #{mpMass.msgPushNum,jdbcType=INTEGER}, 
            </if>
            <if test="mpMass.planMsgPushNum != null">   
				plan_msg_push_num = #{mpMass.planMsgPushNum,jdbcType=INTEGER}, 
            </if>
            <if test="mpMass.msgReadNum != null">    
				msg_read_num = #{mpMass.msgReadNum,jdbcType=INTEGER}, 
            </if>
            <if test="mpMass.msgThumb != null">    
				msg_thumb = #{mpMass.msgThumb,jdbcType=VARCHAR},  
            </if>   
            <if test="mpMass.msgTitle != null">     
				msg_title = #{mpMass.msgTitle,jdbcType=VARCHAR},   
            </if>  
            <if test="mpMass.msgDigest != null">     
				msg_digest = #{mpMass.msgDigest,jdbcType=VARCHAR},  
            </if>
            <if test="mpMass.msgType != null">      
				msg_type = #{mpMass.msgType,jdbcType=VARCHAR},   
            </if>   
            <if test="mpMass.msgDetail != null">      
				msg_detail = #{mpMass.msgDetail,jdbcType=VARCHAR}, 
            </if> 
            <if test="mpMass.msgId != null">      
				msg_id = #{mpMass.msgId,jdbcType=VARCHAR},        
            </if>  
            <if test="mpMass.msgDataId != null">      
				msg_data_id = #{mpMass.msgDataId,jdbcType=VARCHAR}, 
            </if>
            <if test="mpMass.msgStatus != null">      
				msg_status = #{mpMass.msgStatus,jdbcType=VARCHAR},
            </if>
            <if test="mpMass.createTime != null">
				create_time = #{mpMass.createTime,jdbcType=VARCHAR}
            </if>
        </set>
	    WHERE id = #{mpMass.id,jdbcType=BIGINT}
	    <if test="tenant_id!=null and tenant_id!=''">
            cecook2017${tenant_id}
        </if>
	</update>
	
    <insert id="del">
    	DELETE FROM open_mp_mass WHERE id = #{id}
    </insert>
    
    <select id="selectByPage" resultMap="MpMassResultMap">
		select * from open_mp_mass where tenant_id = #{tenant_id} ORDER BY id DESC limit #{pageStart},#{pageSize}
	</select>
    <select id="selectByMsgId" resultMap="MpMassResultMap">
		select * from open_mp_mass where tenant_id = #{tenant_id} AND msg_id = #{msg_id} ORDER BY id DESC
		<if test="tenant_id!=null and tenant_id!=''">
            cecook2017${tenant_id}
        </if>
	</select>
    <select id="selectByPageAndCondition" resultMap="MpMassResultMap">
		select * from open_mp_mass where tenant_id = #{tenant_id} 
		<if test="dateStart != null">
			and create_time &gt;= #{dateStart}
       	</if>
		<if test="dateEnd != null">
			and create_time &lt;= #{dateEnd}
       	</if>
       	<if test="keyword != null and keyword != ''">
            and (msg_title like '%${keyword}%' OR msg_digest like '%${keyword}%')
        </if>
		ORDER BY id DESC limit #{pageStart},#{pageSize}
	</select>
    <select id="selectOnTime" resultMap="MpMassResultMap">
		select * from open_mp_mass where tenant_id = #{tenant_id} AND msg_status = 'NOTSTART' AND publish_time &lt;= NOW()
		<if test="tenant_id!=null and tenant_id!=''">
            cecook2017${tenant_id}
        </if>
	</select>
</mapper>
