<?xml version="1.0" encoding="UTF-8" ?>
<!DOCTYPE mapper PUBLIC "-//mybatis.org//DTD Mapper 3.0//EN" "http://mybatis.org/dtd/mybatis-3-mapper.dtd" >
<mapper namespace="cn.cecook.dao.open.mp.MpMaterialNewsDetailMapper">
    <resultMap id="NewsDetailMap" type="cn.cecook.model.open.mp.MpMaterialNewsDetail">
    	<id column="id" property="id" jdbcType="BIGINT"/>
        <result column="news_media_id" property="newsMediaId" jdbcType="VARCHAR"/>
        <result column="title" property="title" jdbcType="VARCHAR"/>
        <result column="author" property="author" jdbcType="VARCHAR"/>
        <result column="digest" property="digest" jdbcType="VARCHAR"/>
        <result column="content" property="content" jdbcType="VARCHAR"/>
        <result column="content_source_url" property="contentSourceUrl" jdbcType="VARCHAR"/>
        <result column="thumb_media_id" property="thumbMediaId" jdbcType="VARCHAR"/>
        <result column="show_cover_pic" property="showCoverPic" jdbcType="INTEGER"/>
        <result column="url" property="url" jdbcType="VARCHAR"/>
        <result column="thumb_url" property="thumbUrl" jdbcType="VARCHAR"/>
        <result column="thumb_cecook_url" property="thumbCecookUrl" jdbcType="VARCHAR"/>
        <result column="news_id" property="newsId" jdbcType="INTEGER"/>  
    </resultMap>
    <select id="selectNewsDetailById" parameterType="int" resultMap="NewsDetailMap">  
        select * from open_mp_material_news_detail where id = #{id}  
        <if test="tenant_id!=null and tenant_id!=''">
            cecook2017${tenant_id}
        </if>
    </select>
    <select id="selectNewsDetailByNewsId" parameterType="int" resultMap="NewsDetailMap">  
        select * from open_mp_material_news_detail where tenant_id = #{tenant_id} and news_id = #{news_id}  
        <if test="tenant_id!=null and tenant_id!=''">
            cecook2017${tenant_id}
        </if>
    </select>
    <insert id="insertNewsDetail" parameterType="cn.cecook.model.open.mp.MpMaterialNewsDetail">
        insert into open_mp_material_news_detail (
        news_media_id,
        title,
        author,
        digest,
        content,
        content_source_url,
        thumb_media_id,
        show_cover_pic,
        url,
        thumb_url,
        thumb_cecook_url,
        news_id)
        values(
        #{newsMediaId},
        #{title},
        #{author},
        #{digest},
        #{content},
        #{contentSourceUrl},
        #{thumbMediaId},
        #{showCoverPic},
        #{url},
        #{thumbUrl},
        #{thumbCecookUrl},
        #{newsId})
    </insert>
    <select id="delAll">
        DELETE FROM open_mp_material_news_detail WHERE tenant_id = #{tenant_id}
    </select>
    <select id="delById">
        DELETE FROM open_mp_material_news_detail WHERE tenant_id = #{tenant_id} AND id = #{id}
    </select>
    <select id="delByNewsId">
        DELETE FROM open_mp_material_news_detail WHERE tenant_id = #{tenant_id} AND news_id = #{news_id}
    </select>
    <select id="delByMediaId">
        DELETE FROM open_mp_material_news_detail WHERE tenant_id = #{tenant_id} AND news_media_id = #{media_id}
    </select>
</mapper>
