<?xml version="1.0" encoding="UTF-8" ?>
<!DOCTYPE mapper PUBLIC "-//mybatis.org//DTD Mapper 3.0//EN" "http://mybatis.org/dtd/mybatis-3-mapper.dtd" >
<mapper namespace="cn.cecook.dao.open.mp.MpMenuMapper">
    <resultMap id="MpMenuResultMap" type="cn.cecook.model.open.mp.MpMenu">
    	<id column="id" property="id" jdbcType="BIGINT"/>
        <result column="event_key" property="eventKey" jdbcType="VARCHAR"/>
        <result column="event_type" property="eventType" jdbcType="VARCHAR"/>
        <result column="event_detail" property="eventDetail" jdbcType="VARCHAR"/>
        <result column="create_time" property="createTime" jdbcType="TIMESTAMP"/>
    </resultMap>
    <select id="selectOne" resultMap="MpMenuResultMap">
        select * from open_mp_menu WHERE status = 1 AND tenant_id = #{tenant_id} AND event_key = #{event_key}
    </select>
    
    <select id="getCount" resultType="java.lang.Integer">
        select count(1) from open_mp_menu WHERE status = 1 AND tenant_id = #{tenant_id}
    </select>
    
    <insert id="save" parameterType="cn.cecook.model.open.mp.MpMenu">
		insert into open_mp_menu(event_key, event_type, event_detail) values(#{eventKey},#{eventType},#{eventDetail})
    </insert>
    
    <select id="delAll">
        DELETE FROM open_mp_menu WHERE tenant_id = #{tenant_id}
    </select>
    
    <insert id="del">
    	DELETE FROM open_mp_menu WHERE tenant_id = #{tenant_id} AND event_key = #{event_key}
    </insert>
</mapper>
