<?xml version="1.0" encoding="UTF-8" ?>
<!DOCTYPE mapper PUBLIC "-//mybatis.org//DTD Mapper 3.0//EN" "http://mybatis.org/dtd/mybatis-3-mapper.dtd" >
<mapper namespace="cn.cecook.dao.open.mp.MpRelateMapper">
    <resultMap id="MpRelateResultMap" type="cn.cecook.model.open.mp.MpRelate">
    	<id column="id" property="id" jdbcType="BIGINT"/>
        <result column="uuid" property="uuid" jdbcType="VARCHAR"/>
        <result column="tenant_id" property="tenantId" jdbcType="VARCHAR"/>
        <result column="openid" property="openid" jdbcType="VARCHAR"/>
        <result column="phone" property="phone" jdbcType="VARCHAR"/>
        <result column="user_system" property="userSystem" jdbcType="VARCHAR"/>
        <result column="create_time" property="createTime" jdbcType="TIMESTAMP"/>
    </resultMap>
    <select id="getCountByOpenid" resultType="java.lang.Integer">
        select count(*) from open_mp_relate WHERE openid = #{openid} AND tenant_id = #{tenant_id}
        <if test="tenant_id!=null and tenant_id!=''">
            cecook2017${tenant_id}
        </if>
    </select>
    <select id="selectMpRelateByOpenid" resultMap="MpRelateResultMap">
        select * from open_mp_relate WHERE openid = #{openid} AND tenant_id = #{tenant_id} limit 1
        <if test="tenant_id!=null and tenant_id!=''">
            cecook2017${tenant_id}
        </if>
    </select>
    <select id="selectMpRelateByPhone" resultMap="MpRelateResultMap">
        select * from open_mp_relate WHERE phone = #{phone} AND tenant_id = #{tenant_id} limit 1
        <if test="tenant_id!=null and tenant_id!=''">
            cecook2017${tenant_id}
        </if>
    </select>
    <insert id="insert" parameterType="cn.cecook.model.open.mp.MpRelate">
		insert into open_mp_relate(tenant_id, openid, phone, user_system) values(#{mpRelate.tenantId}, #{mpRelate.openid}, #{mpRelate.phone},#{mpRelate.userSystem})
		<if test="tenant_id!=null and tenant_id!=''">
            cecook2017${tenant_id}
        </if>
    </insert>
    
    <update id="update" parameterType="cn.cecook.model.open.mp.MpRelate">
	    UPDATE open_mp_relate
	    <set>
            <if test="mpRelate.openid != null">
            	openid = #{mpRelate.openid,jdbcType=VARCHAR},   
            </if>
            <if test="mpRelate.phone != null">                  
				phone = #{mpRelate.phone,jdbcType=VARCHAR}, 
            </if>
            <if test="mpRelate.userSystem != null">            
				user_system = #{mpRelate.userSystem,jdbcType=VARCHAR}, 
            </if>
        </set>
	    WHERE id = #{mpRelate.id,jdbcType=BIGINT}
	    <if test="tenant_id!=null and tenant_id!=''">
            cecook2017${tenant_id}
        </if>
	</update>
	
	<delete id="deleteByPhone">  
        DELETE FROM open_mp_relate WHERE phone = #{phone}  
        <if test="tenant_id!=null and tenant_id!=''">
            cecook2017${tenant_id}
        </if>
	</delete>  
	
	<delete id="deleteByOpenid">  
        DELETE FROM open_mp_relate WHERE openid = #{openid}  
        <if test="tenant_id!=null and tenant_id!=''">
            cecook2017${tenant_id}
        </if>
	</delete>  
</mapper>
