<?xml version="1.0" encoding="UTF-8" ?>
<!DOCTYPE mapper PUBLIC "-//mybatis.org//DTD Mapper 3.0//EN" "http://mybatis.org/dtd/mybatis-3-mapper.dtd" >
<mapper namespace="cn.cecook.dao.open.mp.MpStatisticMapper">
    <resultMap id="MpStatisticResultMap" type="cn.cecook.model.open.mp.MpStatistic">
        <id column="id" property="id" jdbcType="BIGINT"/>
        <result column="uid" property="uid" jdbcType="VARCHAR"/>
        <result column="tenant_id" property="tenantId" jdbcType="VARCHAR"/>
        <result column="ref_date" property="refDate" jdbcType="DATE"/>
        <result column="source0" property="source0" jdbcType="INTEGER"/>
        <result column="source1" property="source1" jdbcType="INTEGER"/>
        <result column="source17" property="source17" jdbcType="INTEGER"/>
        <result column="source30" property="source30" jdbcType="INTEGER"/>
        <result column="source43" property="source43" jdbcType="INTEGER"/>
        <result column="source51" property="source51" jdbcType="INTEGER"/>
        <result column="source57" property="source57" jdbcType="INTEGER"/>
        <result column="source75" property="source75" jdbcType="INTEGER"/>
        <result column="source78" property="source78" jdbcType="INTEGER"/>
        <result column="new_user" property="newUser" jdbcType="INTEGER"/>
        <result column="cancel_user" property="cancelUser" jdbcType="INTEGER"/>
        <result column="cumulate_user" property="cumulateUser" jdbcType="INTEGER"/>
        <result column="create_time" property="createTime" jdbcType="TIMESTAMP"/>
    </resultMap>
    <select id="getCount" resultType="java.lang.Integer">
       SELECT count(id) from open_mp_user_statistic where tenant_id = #{tenant_id}
       <if test="tenant_id!=null and tenant_id!=''">
            cecook2017${tenant_id}
        </if>
    </select>
    <select id="getMaxDate" resultType="java.util.Date">
       SELECT MAX(ref_date) from open_mp_user_statistic where tenant_id = #{tenant_id}
       <if test="tenant_id!=null and tenant_id!=''">
            cecook2017${tenant_id}
        </if>
    </select>
    <select id="selectByTenantId" resultMap="MpStatisticResultMap">
		select * from open_mp_user_statistic
		<if test="tenant_id!=null and tenant_id!=''">
            cecook2017${tenant_id}
        </if>
	</select>
    <select id="selectByTime" resultMap="MpStatisticResultMap">
		select * from open_mp_user_statistic where ref_date &gt;= #{startTime} AND ref_date &lt;= #{endTime} ORDER BY id ASC
		<if test="tenant_id!=null and tenant_id!=''">
            cecook2017${tenant_id}
        </if>
	</select>
	<insert id="save" parameterType="cn.cecook.model.open.mp.MpStatistic">
    	insert into open_mp_user_statistic
    	<trim prefix="(" suffix=")" suffixOverrides=",">
			<if test="mpStatistic.uuid != null">
				uuid,
			</if>
			<if test="mpStatistic.tenantId != null">
				tenant_id,
			</if>
            <if test="mpStatistic.refDate != null">
                ref_date,
            </if>
                source0,source1,source17,source30,source43,source51,source57,source75,source78,new_user,cancel_user,cumulate_user,
            <if test="mpStatistic.createTime != null">
                create_time,
            </if>
        </trim>
        <trim prefix="values (" suffix=")" suffixOverrides=",">
			<if test="mpStatistic.uuid != null">
				#{mpStatistic.uuid,jdbcType=VARCHAR},
			</if>
			<if test="mpStatistic.tenantId != null">
				#{mpStatistic.tenantId,jdbcType=VARCHAR},
			</if>
            <if test="mpStatistic.refDate != null">
                #{mpStatistic.refDate,jdbcType=DATE},
            </if>
                #{mpStatistic.source0,jdbcType=INTEGER},
                #{mpStatistic.source1,jdbcType=INTEGER},
                #{mpStatistic.source17,jdbcType=INTEGER},
                #{mpStatistic.source30,jdbcType=INTEGER},
                #{mpStatistic.source43,jdbcType=INTEGER},
                #{mpStatistic.source51,jdbcType=INTEGER},
                #{mpStatistic.source57,jdbcType=INTEGER},
                #{mpStatistic.source75,jdbcType=INTEGER},
                #{mpStatistic.source78,jdbcType=INTEGER},
                #{mpStatistic.newUser,jdbcType=INTEGER},
                #{mpStatistic.cancelUser,jdbcType=INTEGER},
                #{mpStatistic.cumulateUser,jdbcType=INTEGER},
            <if test="mpStatistic.createTime != null">
                #{mpStatistic.createTime,jdbcType=TIMESTAMP},
            </if>
        </trim>
        <if test="tenant_id!=null and tenant_id!=''">
			cecook2017${tenant_id}
		</if>
	</insert>
    <delete id="delByTenantId">
	    delete from open_mp_user_statistic
	    <if test="tenant_id!=null and tenant_id!=''">
            cecook2017${tenant_id}
        </if>
	</delete>
    <select id="getSourceStat" resultType="cn.cecook.model.open.mp.MpUserSourceStat">
        SELECT 
		SUM(source0) as source0_count, 
		SUM(source1) as source1_count, 
		SUM(source17) as source17_count, 
		SUM(source30) as source30_count, 
		SUM(source43) as source43_count , 
		SUM(source51) as source51_count , 
		SUM(source57) as source57_count , 
		SUM(source75) as source75_count , 
		SUM(source78) as source78_count 
		FROM open_mp_user_statistic
    </select>
</mapper>
