<?xml version="1.0" encoding="UTF-8" ?>
<!DOCTYPE mapper PUBLIC "-//mybatis.org//DTD Mapper 3.0//EN" "http://mybatis.org/dtd/mybatis-3-mapper.dtd" >
<mapper namespace="cn.cecook.dao.open.mp.MpTicketMapper">
    <resultMap id="MpTicketResultMap" type="cn.cecook.model.open.mp.MpTicket">
        <id column="id" property="id" jdbcType="BIGINT"/>
        <result column="verify_ticket" property="verifyTicket" jdbcType="VARCHAR"/>
        <result column="component_access_token" property="componentAccessToken" jdbcType="VARCHAR"/>
        <result column="ticket_time" property="ticketTime" jdbcType="TIMESTAMP"/>
    </resultMap>
    <select id="selectOne" resultMap="MpTicketResultMap">
       SELECT * from open_mp_ticket limit 1
    </select>
    <insert id="insert" parameterType="cn.cecook.model.open.mp.MpTicket" useGeneratedKeys="true" keyProperty="id">
        insert into open_mp_ticket
        <trim prefix="(" suffix=")" suffixOverrides=",">
            <if test="verifyTicket != null">
                verify_ticket,
            </if>
            <if test="componentAccessToken != null">
                component_access_token,
            </if>
        </trim>
        <trim prefix="values (" suffix=")" suffixOverrides=",">
            <if test="verifyTicket != null">
                #{verifyTicket,jdbcType=VARCHAR},
            </if>
            <if test="componentAccessToken != null">
                #{componentAccessToken,jdbcType=VARCHAR},
            </if>
        </trim>
    </insert>
    <update id="update" parameterType="cn.cecook.model.open.mp.MpTicket">
	    UPDATE open_mp_ticket
	    <set>
            <if test="verifyTicket != null">
                verify_ticket = #{verifyTicket,jdbcType=VARCHAR},
            </if>
            <if test="componentAccessToken != null">
                component_access_token = #{componentAccessToken,jdbcType=VARCHAR},
            </if>
        </set>
	</update>
</mapper>
