<?xml version="1.0" encoding="UTF-8" ?>
<!DOCTYPE mapper PUBLIC "-//mybatis.org//DTD Mapper 3.0//EN" "http://mybatis.org/dtd/mybatis-3-mapper.dtd" >
<mapper namespace="cn.cecook.dao.open.mp.MpUserMapper">
    <resultMap id="BaseResultMap" type="cn.cecook.model.open.mp.MpUser">
        <id column="id" property="id" jdbcType="BIGINT"/>
        <result column="openid" property="openid" jdbcType="VARCHAR"/>
        <result column="unionid" property="unionid" jdbcType="VARCHAR"/>
        <result column="headimgurl" property="headimgurl" jdbcType="VARCHAR"/>
        <result column="nickname" property="nickname" jdbcType="VARCHAR"/>
        <result column="sex" property="sex" jdbcType="INTEGER"/>
        <result column="country" property="country" jdbcType="VARCHAR"/>
        <result column="province" property="province" jdbcType="VARCHAR"/>
        <result column="city" property="city" jdbcType="VARCHAR"/>
        <result column="subscribe_time" property="subscribeTime" jdbcType="TIMESTAMP"/>
        <result column="remark" property="remark" jdbcType="VARCHAR"/>
        <result column="groupid" property="groupid" jdbcType="INTEGER"/>
        <result column="tagids" property="tagids" jdbcType="VARCHAR"/>
        <result column="systagids" property="systagids" jdbcType="VARCHAR"/>
        
        <result column="phone" property="phone" jdbcType="VARCHAR"/>
        <result column="email" property="email" jdbcType="VARCHAR"/>
        <result column="member_name" property="memberName" jdbcType="VARCHAR"/>
        <result column="membered" property="membered" jdbcType="INTEGER"/>
        <result column="member_id" property="memberId" jdbcType="INTEGER"/>
        <result column="create_time" property="createTime" jdbcType="TIMESTAMP"/>
    </resultMap>
    <select id="getCount" resultType="java.lang.Integer">
       SELECT count(id) from open_mp_user
    </select>
    <insert id="insert" parameterType="cn.cecook.model.open.mp.MpUser">
    	insert into open_mp_user
    	<trim prefix="(" suffix=")" suffixOverrides=",">
            <if test="id != null">
                id,
            </if>
			<if test="uuid != null">
				uuid,
			</if>
			<if test="tenantId != null">
				tenant_id,
			</if>
            <if test="openid != null">
                openid,
            </if>
            <if test="unionid != null">
                unionid,
            </if>
            <if test="headimgurl != null">
                headimgurl,
            </if>
            <if test="nickname != null">
                nickname,
            </if>
            <if test="sex >= 0">
                sex,
            </if>
            <if test="country != null">
                country,
            </if>
            <if test="province != null">
                province,
            </if>
            <if test="city != null">
                city,
            </if>
            <if test="subscribeTime != null">
                subscribe_time,
            </if>
            <if test="remark != null">
                remark,
            </if>
            <if test="groupid != null">
                groupid,
            </if>
            <if test="tagids != null">
                tagids,
            </if>
            <if test="systagids != null">
                systagids,
            </if>
            <if test="phone != null">
                phone,
            </if>
            <if test="email != null">
                email,
            </if>
            <if test="memberName != null">
                member_name,
            </if>
            <if test="membered >= 0">
                membered,
            </if>
            <if test="memberId > 0">
                member_id,
            </if>
            <if test="createTime != null">
                create_time,
            </if>
        </trim>
        <trim prefix="values (" suffix=")" suffixOverrides=",">
            <if test="id != null">
                #{id,jdbcType=BIGINT},
            </if>
			<if test="uuid != null">
				#{uuid,jdbcType=VARCHAR},
			</if>
			<if test="tenantId != null">
				#{tenantId,jdbcType=VARCHAR},
			</if>
            <if test="openid != null">
                #{openid,jdbcType=VARCHAR},
            </if>
            <if test="unionid != null">
                #{unionid,jdbcType=VARCHAR},
            </if>
            <if test="headimgurl != null">
                #{headimgurl,jdbcType=VARCHAR},
            </if>
            <if test="nickname != null">
                #{nickname,jdbcType=VARCHAR},
            </if>
            <if test="sex >= 0">
                #{sex,jdbcType=INTEGER},
            </if>
            <if test="country != null">
                #{country,jdbcType=VARCHAR},
            </if>
            <if test="province != null">
                #{province,jdbcType=VARCHAR},
            </if>
            <if test="city != null">
                #{city,jdbcType=VARCHAR},
            </if>
            <if test="subscribeTime != null">
                #{subscribeTime,jdbcType=TIMESTAMP},
            </if>
            <if test="remark != null">
                #{remark,jdbcType=VARCHAR},
            </if>
            <if test="groupid != null">
                #{groupid,jdbcType=VARCHAR},
            </if>
            <if test="tagids != null">
                #{tagids,jdbcType=VARCHAR},
            </if>
            <if test="systagids != null">
                #{systagids,jdbcType=VARCHAR},
            </if>
            <if test="phone != null">
                #{phone,jdbcType=VARCHAR},
            </if>
            <if test="email != null">
                #{email,jdbcType=VARCHAR},
            </if>
            <if test="memberName != null">
                #{memberName,jdbcType=VARCHAR},
            </if>
            <if test="membered >= 0">
                #{membered,jdbcType=INTEGER},
            </if>
            <if test="memberId > 0">
                #{memberId,jdbcType=INTEGER},
            </if>
            <if test="createTime != null">
                #{createTime,jdbcType=TIMESTAMP},
            </if>
        </trim>
        <if test="tenantId!=null and tenantId!=''">
			cecook2017${tenantId}
		</if>
	</insert>
	<delete id="delByTenantId">
	    delete from open_mp_user
	    <if test="tenant_id!=null and tenant_id!=''">
            cecook2017${tenant_id}
        </if>
	</delete>
	
	<sql id="selectFocusUserWhere">
	  <where>
		 <if test="memberId > 0">
              <![CDATA[  and member_id =#{memberId} ]]>
         </if>
         <if test="startQueryTime != null and startQueryTime != ''">
              <![CDATA[  and subscribe_time >= #{startQueryTime} ]]>
         </if>
          <if test="endQueryTime != null and endQueryTime != ''">
               <![CDATA[ and subscribe_time <= #{endQueryTime} ]]>
          </if>
          <if test="nicknameOrPhone != null and nicknameOrPhone != ''">
                and ( nickname like '%${nicknameOrPhone}%' or phone=#{nicknameOrPhone} )
          </if>
          
          <if test="sex != null and sex != ''">
                and sex=#{sex}
          </if>
          
          <if test="country != null and country != ''">
                and country=#{country}
          </if>
          
          <if test="province != null and province != ''">
                and province=#{province}
          </if>
          
          <if test="city != null and city != ''">
                and city=#{city}
          </if>
          
          <if test="membered != null and membered != ''">
                and membered=#{membered}
          </if>
          
           <if test="groupid != null and groupid != ''">
                and groupid=#{groupid}
          </if>
          
           <if test="tagids != null and tagids != ''">
                and tagids like '%,${tagids},%'
          </if>
          
		</where>
	</sql>
	
    <select id="listByPage" resultMap="BaseResultMap">
		select * from open_mp_user 
		<include refid="selectFocusUserWhere"></include>
		limit #{start},#{pageSize}
	</select>
	
    <select id="getAllCount" resultType="INTEGER">
        select count(1) from open_mp_user 
		<include refid="selectFocusUserWhere"></include>
		<if test="tenant_id!=null and tenant_id!=''">
            cecook2017${tenant_id}
        </if>
    </select>
    
    <select id="getUserByPhone" resultType="string" resultMap="BaseResultMap">
        select * from open_mp_user WHERE phone = #{phone} LIMIT 1
    </select>
    
    <select id="getUserByOpenid" resultType="string" resultMap="BaseResultMap">
        select * from open_mp_user WHERE openid = #{openid}
    </select>
    
    <update id="updateUser" parameterType="cn.cecook.model.open.mp.MpUser">
    	update open_mp_user
    	<set>
    		<if test="groupid != null">
    			groupid=#{groupid}
    		</if>
    		<if test="phone != null">
    			phone=#{phone}
    		</if>
    		<if test="tagids != null">
    			tagids=#{tagids}
    		</if>
    		<if test="memo != null">
    			remark=#{memo}
    		</if>
    	</set>
    	where id=#{userId}
    </update>
    
    <update id="clearUserMemberInfo">
    	update open_mp_user set phone = '', systagids = '', membered = 0, member_id = 0 where id=#{user_id}
    </update>
    
    <update id="deleteUserGroup" parameterType="java.lang.Integer">
    	update open_mp_user set groupid=0 where groupid=#{groupid}
    </update>
    
    <update id="deleteTag" parameterType="java.lang.Integer">
    	UPDATE open_mp_user SET tagids = REPLACE(tagids, ',${tagId},', ',');
    </update>
    
    <sql id="targetUserWhereSql">
    <where>
			<if test="condition.sexArray != null and condition.sexArray.length > 0">
				and sex in
				<foreach collection="condition.sexArray" item="sexValue" index="index" open="(" close=")" separator=",">
					#{sexValue}
				</foreach>
			</if>
			
			<if test="condition.tagidList != null and condition.tagidList.size() > 0  ">
				and 
				<foreach collection="condition.tagidList" item="tagid" index="index" open="(" close=")" separator="or">
					tagids like '%${tagid},%'
				</foreach>
			</if>
			
			<if test="condition.systagidList != null and condition.systagidList.size() > 0  ">
				and 
				<foreach collection="condition.systagidList" item="systagid" index="index" open="(" close=")" separator="or">
					systagids like '%${systagid},%'
				</foreach>
			</if>
			<if test="condition.startQueryTime != null and condition.startQueryTime != ''">
				<![CDATA[  and subscribe_time >= #{condition.startQueryTime} ]]>
			</if>
			<if test="condition.endQueryTime != null and condition.endQueryTime != ''">
				<![CDATA[ and subscribe_time <= #{condition.endQueryTime} ]]>
			</if>
			<if test="condition.city != null and condition.city != ''">
				and city=#{condition.city}
			</if>
		</where>
    </sql>
    
     <select id="getTargetUserCount" resultType="INTEGER">
        select count(1) from open_mp_user 
		<include refid="targetUserWhereSql"></include>
    </select>
    
    <select id="getTargetUserList" resultMap="BaseResultMap">
        select * from open_mp_user 
		<include refid="targetUserWhereSql"></include>
		<if test="tenant_id!=null and tenant_id!=''">
            cecook2017${tenant_id}
        </if>
    </select>
    
    <select id="getProvinceInfo" resultType="cn.cecook.model.open.mp.MpUserProvinceStat">
        SELECT province, COUNT(province) as provincecount FROM open_mp_user GROUP BY province;
    </select>
    
    <select id="getSexStat" resultType="cn.cecook.model.open.mp.MpUserSexStat">
        SELECT sex, COUNT(sex) as sexcount FROM open_mp_user GROUP BY sex;
    </select>
    
    <select id="getMemberStat" resultType="cn.cecook.model.open.mp.MpUserMemberStat">
        SELECT membered as member, COUNT(membered) as count FROM open_mp_user GROUP BY membered;
    </select>
    
    <select id="getSystemStat" resultType="cn.cecook.model.open.mp.MpUserSystemStat">
        SELECT r.user_system as system, COUNT(u.openid) AS count FROM open_mp_user u LEFT JOIN open_mp_relate r ON r.openid = u.openid GROUP BY r.user_system
    </select>
    
</mapper>
