<?xml version="1.0" encoding="UTF-8" ?>
<!DOCTYPE mapper PUBLIC "-//mybatis.org//DTD Mapper 3.0//EN" "http://mybatis.org/dtd/mybatis-3-mapper.dtd" >
<mapper namespace="cn.cecook.dao.open.mp.MpUserInfoMapper">
    <resultMap id="BaseResultMap" type="cn.cecook.model.open.mp.MpUserInfo">
        <id column="id" property="id" jdbcType="BIGINT"/>
        <result column="uuid" property="uuid" jdbcType="VARCHAR"/>
        <result column="tenant_id" property="tenantId" jdbcType="VARCHAR"/>
        <result column="logo" property="logo" jdbcType="VARCHAR"/>
        <result column="background" property="background" jdbcType="VARCHAR"/>
        <result column="homeurl" property="homeurl" jdbcType="VARCHAR"/>
        <result column="homeurlShort" property="homeurlShort" jdbcType="VARCHAR"/>
        <result column="update_time" property="updateTime" jdbcType="TIMESTAMP"/>
        <result column="create_time" property="createTime" jdbcType="TIMESTAMP"/>
    </resultMap>
    <insert id="insert" parameterType="cn.cecook.model.open.mp.MpUser">
    	insert into open_mp_user_info
    	<trim prefix="(" suffix=")" suffixOverrides=",">
            <if test="id != null">
                id,
            </if>
			<if test="uuid != null">
				uuid,
			</if>
			<if test="tenantId != null">
				tenant_id,
			</if>
            <if test="logo != null">
                logo,
            </if>
            <if test="background != null">
                background,
            </if>
            <if test="homeurl != null">
                homeurl,
            </if>
            <if test="homeurlShort != null">
                homeurl_short,
            </if>
        </trim>
        <trim prefix="values (" suffix=")" suffixOverrides=",">
            <if test="id != null">
                #{id,jdbcType=BIGINT},
            </if>
			<if test="uuid != null">
				#{uuid,jdbcType=VARCHAR},
			</if>
			<if test="tenantId != null">
				#{tenantId,jdbcType=VARCHAR},
			</if>
            <if test="logo != null">
                #{logo,jdbcType=VARCHAR},
            </if>
            <if test="background != null">
                #{background,jdbcType=VARCHAR},
            </if>
            <if test="homeurl != null">
                #{homeurl,jdbcType=VARCHAR},
            </if>
            <if test="homeurlShort != null">
                #{homeurlShort,jdbcType=VARCHAR},
            </if>
        </trim>
        <if test="tenantId!=null and tenantId!=''">
			cecook2017${tenantId}
		</if>
	</insert>
	<update id="update" parameterType="cn.cecook.model.open.mp.MpUserInfo">
    	update open_mp_user_info
    	<set>
    		<if test="logo != null">
    			logo=#{logo},
    		</if>
    		<if test="background != null">
    			background=#{background},
    		</if>
    		<if test="homeurl != null">
    			homeurl=#{homeurl},
    		</if>
    		<if test="homeurlShort != null">
    			homeurl_short=#{homeurlShort},
    		</if>
    	</set>
    	where tenant_id=#{tenantId}
        <if test="tenantId!=null and tenantId!=''">
			cecook2017${tenantId}
		</if>
    </update>
    <select id="getByTenantId" resultMap="BaseResultMap">
        select * from open_mp_user_info WHERE tenant_id=#{tenant_id}
        <if test="tenant_id!=null and tenant_id!=''">
			cecook2017${tenant_id}
		</if>
    </select>
</mapper>
