<?xml version="1.0" encoding="UTF-8" ?>
<!DOCTYPE mapper PUBLIC "-//mybatis.org//DTD Mapper 3.0//EN" "http://mybatis.org/dtd/mybatis-3-mapper.dtd" >
<mapper namespace="cn.cecook.dao.business.automation.AutomationTaskRuleMapper" >  
  <resultMap id="BaseResultModel" type="cn.cecook.model.business.automation.AutomationTaskRule" >
    <id column="id" property="id" jdbcType="BIGINT" />
    <result column="uuid" property="uuid" jdbcType="VARCHAR" />
    <result column="tenant_id" property="tenantId" jdbcType="VARCHAR" />
    <result column="is_deleted" property="isDeleted" jdbcType="INTEGER" />
    <result column="create_id" property="createId" jdbcType="BIGINT" />
    <result column="create_time" property="createTime" jdbcType="DATE" />
    <result column="order_code" property="orderCode" jdbcType="VARCHAR" />
    <result column="delete_time" property="deleteTime" jdbcType="DATE"/>
    <result column="ex_rule_group_info" property="exRuleGroupInfo" jdbcType="VARCHAR"/>
    <result column="ex_rule_customer_info" property="exRuleCustomerInfo" jdbcType="VARCHAR"/>
    <result column="ex_rule_action_info" property="exRuleActionInfo" />
    <result column="ex_rule_rfm_info" property="exRuleRfmInfo" jdbcType="VARCHAR"/>
    <result column="ex_rule_trigger" property="exRuleTrigger"/>
    <result column="ex_rule_trigger_info" property="exRuleTriggerInfo" jdbcType="VARCHAR"/>
    <result column="ex_rule_medicine_info" property="exRuleMedicineInfo" jdbcType="VARCHAR"/>
  </resultMap>
  <sql id="Base_Column_List">
	id,uuid,tenant_id,is_deleted,create_id,create_time,order_code,delete_time,remarks,
	attachment,bak1,bak2,bak3,bak4,bak5,ex_rule_group_info,ex_rule_customer_info,ex_rule_action_info,ex_rule_rfm_info,
	ex_rule_trigger,ex_rule_trigger_info,point_id,ex_rule_medicine_info
  </sql>
  <insert id="addAutomationTaskRule" keyProperty="id" parameterType="cn.cecook.model.business.automation.AutomationTaskRule" useGeneratedKeys="true">
      insert into auto_market_task_rule(
      is_deleted,create_id,create_time,order_code,delete_time,remarks,
	attachment,bak1,bak2,bak3,bak4,bak5,ex_rule_group_info,ex_rule_customer_info,ex_rule_action_info,ex_rule_rfm_info,
	ex_rule_trigger,ex_rule_trigger_info,point_id,ex_rule_medicine_info
      )
      values( #{isDeleted,jdbcType=INTEGER}, #{createId,jdbcType=BIGINT}, #{createTime,jdbcType=TIMESTAMP}, 
      #{orderCode,jdbcType=VARCHAR}, #{deleteTime,jdbcType=TIMESTAMP},#{remarks,jdbcType=VARCHAR},#{attachment,jdbcType=VARCHAR},
      #{bak1,jdbcType=VARCHAR},#{bak2,jdbcType=VARCHAR},#{bak3,jdbcType=VARCHAR},#{bak4,jdbcType=VARCHAR},#{bak5,jdbcType=VARCHAR},
      #{exRuleGroupInfo},#{exRuleCustomerInfo},#{exRuleActionInfo},#{exRuleRfmInfo},#{exRuleTrigger},
      #{exRuleTriggerInfo},#{pointId},#{exRuleMedicineInfo}
      )
  </insert>
  <select id="selectById" parameterType="java.lang.Integer" resultMap="BaseResultModel">
      select 
      <include refid="Base_Column_List"></include>
      from auto_market_task_rule
      where is_deleted=0 and id=#{id}
  </select>
  <select id="selectByPointId" parameterType="java.lang.Integer" resultMap="BaseResultModel">
      select 
      <include refid="Base_Column_List"></include>
      from auto_market_task_rule
      where is_deleted=0 and point_id=#{pointId}
  </select>
  <update id="deleteByTemplate" parameterType="java.lang.Integer">
  	update auto_market_task_rule set is_deleted=1
  	where id in (select rule_id from auto_market_template_task where template_id=#{templateId})
  </update>
</mapper>