<?xml version="1.0" encoding="UTF-8" ?>
<!DOCTYPE mapper PUBLIC "-//mybatis.org//DTD Mapper 3.0//EN" "http://mybatis.org/dtd/mybatis-3-mapper.dtd" >
<mapper namespace="cn.cecook.dao.business.automation.AutomationTemplateMapper" >  
  <resultMap id="BaseResultModel" type="cn.cecook.model.business.automation.AutomationTemplate" >
    <id column="id" property="id" jdbcType="BIGINT" />
    <result column="uuid" property="uuid" jdbcType="VARCHAR" />
    <result column="tenant_id" property="tenantId" jdbcType="VARCHAR" />
    <result column="is_deleted" property="isDeleted" jdbcType="INTEGER" />
    <result column="create_time" property="createTime" jdbcType="DATE" />
    <result column="delete_time" property="deleteTime" jdbcType="DATE"/>
     <result column="stop_time" property="stopTime" jdbcType="DATE" />
    <result column="run_time" property="runTime" jdbcType="DATE"/>
    <result column="is_run" property="isRun" jdbcType="INTEGER"/>
  </resultMap>
  <sql id="Base_Column_List">
	id,uuid,tenant_id,is_deleted,create_time,stop_time,run_time,delete_time,is_run,name,auditing
  </sql>
  <insert id="addAutomationTemplate" keyProperty="id" parameterType="cn.cecook.model.business.automation.AutomationTemplate" useGeneratedKeys="true">
      insert into auto_market_template(
      is_deleted,create_time,delete_time,stop_time,run_time,is_run,name,auditing
      )
      values( #{isDeleted,jdbcType=INTEGER},#{createTime,jdbcType=TIMESTAMP}, #{deleteTime,jdbcType=TIMESTAMP},
      #{stopTime,jdbcType=TIMESTAMP}, #{runTime,jdbcType=TIMESTAMP},#{isRun,jdbcType=BIGINT},#{name},#{auditing}
      )
  </insert>
	<update id="updateAutomationTemplate" parameterType="cn.cecook.model.business.automation.AutomationTemplate">
	    update auto_market_template
	    <set>
			<if test="createTime != null">
			    create_time=#{createTime},
			</if>
			<if test="isDeleted != null">
			    is_deleted=#{isDeleted},
			</if>
			<if test="runTime != null">
			    run_time=#{runTime},
			</if>
			<if test="stopTime != null">
			    stop_time=#{stopTime},
			</if>
			<if test="isRun != null">
			    is_run=#{isRun},
			</if>
			<if test="name != null">
			    name=#{name},
			</if>
			<if test="auditing != null">
			    auditing=#{auditing},
			</if>
		</set>
			where id=#{id}
	</update>
	<select id="findAll" resultMap="BaseResultModel">
	    select 
	    <include refid="Base_Column_List"></include>
	    from auto_market_template
	    where is_deleted=0
	    order by create_time desc
	</select>
	<select id="isRunAutomation" parameterType="cn.cecook.model.business.automation.AutomationTemplate" resultType="java.lang.Integer">
	    select count(1)
	    from auto_market_template
	    where id=#{id}
	    and is_deleted=0
	    and auditing=1
	    and is_run=0
	</select>
	<select id="selectById" parameterType="java.lang.Integer" resultMap="BaseResultModel">
	    select 
	    <include refid="Base_Column_List"></include>
	    from auto_market_template
	    where is_deleted=0
	    and id=#{id}	    
	</select>
	<select id="findAllByPublic"  resultMap="BaseResultModel">
	     select 
	    <include refid="Base_Column_List"></include>
	    from auto_market_template_public
	    where is_deleted=0	    
	</select>
	<select id="checkAutomationTemplateByName" parameterType="java.lang.String" resultType="java.lang.Integer">
	    select count(1)
	    from auto_market_template
	    where is_deleted=0	
	    and name=#{name}
	</select>
</mapper>