<?xml version="1.0" encoding="UTF-8" ?>
<!DOCTYPE mapper PUBLIC "-//mybatis.org//DTD Mapper 3.0//EN" "http://mybatis.org/dtd/mybatis-3-mapper.dtd" >
<mapper namespace="cn.cecook.dao.business.automation.AutoMarketTaskStatisticsMapper" >
  <resultMap id="BaseResultMap" type="cn.cecook.bean.business.markting.AutoMarketTaskStatistics" >
    <id column="id" property="id" jdbcType="BIGINT" />
    <result column="uuid" property="uuid" jdbcType="VARCHAR" />
    <result column="tenant_id" property="tenantId" jdbcType="VARCHAR" />
    <result column="task_id" property="taskId" jdbcType="BIGINT" />
    <result column="create_time" property="createTime" jdbcType="TIMESTAMP" />
    <result column="is_deleted" property="isDeleted" jdbcType="INTEGER" />
    <result column="send_count" property="sendCount" jdbcType="BIGINT" />
    <result column="arrive_count" property="arriveCount" jdbcType="BIGINT" />
    <result column="click_count" property="clickCount" jdbcType="BIGINT" />
    <result column="submit_count" property="submitCount" jdbcType="BIGINT" />
    <result column="rule_id" property="ruleId" jdbcType="BIGINT" />
    <result column="activity_id" property="activityId" jdbcType="BIGINT" />
    <result column="activity_name" property="activityName" jdbcType="VARCHAR" />
    <result column="group_count" property="groupCount" jdbcType="VARCHAR" />
  </resultMap>
  <sql id="Base_Column_List" >
    id, uuid, tenant_id, task_id, create_time, is_deleted, send_count, arrive_count, 
    click_count, submit_count, rule_id, activity_id, activity_name, group_count
  </sql>
  <select id="selectByPrimaryKey" resultMap="BaseResultMap" parameterType="java.lang.Long" >
    select 
    <include refid="Base_Column_List" />
    from auto_market_task_statistics
    where id = #{id,jdbcType=BIGINT}
  </select>
  <delete id="deleteByPrimaryKey" parameterType="java.lang.Long" >
    delete from auto_market_task_statistics
    where id = #{id,jdbcType=BIGINT}
  </delete>
  <insert id="insert" parameterType="cn.cecook.bean.business.markting.AutoMarketTaskStatistics" >
    insert into auto_market_task_statistics (id, uuid, tenant_id, 
      task_id, create_time, is_deleted, 
      send_count, arrive_count, click_count, 
      submit_count, rule_id, activity_id, 
      activity_name, group_count)
    values (#{id,jdbcType=BIGINT}, #{uuid,jdbcType=VARCHAR}, #{tenantId,jdbcType=VARCHAR}, 
      #{taskId,jdbcType=BIGINT}, #{createTime,jdbcType=TIMESTAMP}, #{isDeleted,jdbcType=INTEGER}, 
      #{sendCount,jdbcType=BIGINT}, #{arriveCount,jdbcType=BIGINT}, #{clickCount,jdbcType=BIGINT}, 
      #{submitCount,jdbcType=BIGINT}, #{ruleId,jdbcType=BIGINT}, #{activityId,jdbcType=BIGINT}, 
      #{activityName,jdbcType=VARCHAR}, #{groupCount,jdbcType=VARCHAR})
  </insert>
  <insert id="insertSelective" parameterType="cn.cecook.bean.business.markting.AutoMarketTaskStatistics" >
    insert into auto_market_task_statistics
    <trim prefix="(" suffix=")" suffixOverrides="," >
      <if test="id != null" >
        id,
      </if>
      <if test="uuid != null" >
        uuid,
      </if>
      <if test="tenantId != null" >
        tenant_id,
      </if>
      <if test="taskId != null" >
        task_id,
      </if>
      <if test="createTime != null" >
        create_time,
      </if>
      <if test="isDeleted != null" >
        is_deleted,
      </if>
      <if test="sendCount != null" >
        send_count,
      </if>
      <if test="arriveCount != null" >
        arrive_count,
      </if>
      <if test="clickCount != null" >
        click_count,
      </if>
      <if test="submitCount != null" >
        submit_count,
      </if>
      <if test="ruleId != null" >
        rule_id,
      </if>
      <if test="activityId != null" >
        activity_id,
      </if>
      <if test="activityName != null" >
        activity_name,
      </if>
      <if test="groupCount != null" >
        group_count,
      </if>
    </trim>
    <trim prefix="values (" suffix=")" suffixOverrides="," >
      <if test="id != null" >
        #{id,jdbcType=BIGINT},
      </if>
      <if test="uuid != null" >
        #{uuid,jdbcType=VARCHAR},
      </if>
      <if test="tenantId != null" >
        #{tenantId,jdbcType=VARCHAR},
      </if>
      <if test="taskId != null" >
        #{taskId,jdbcType=BIGINT},
      </if>
      <if test="createTime != null" >
        #{createTime,jdbcType=TIMESTAMP},
      </if>
      <if test="isDeleted != null" >
        #{isDeleted,jdbcType=INTEGER},
      </if>
      <if test="sendCount != null" >
        #{sendCount,jdbcType=BIGINT},
      </if>
      <if test="arriveCount != null" >
        #{arriveCount,jdbcType=BIGINT},
      </if>
      <if test="clickCount != null" >
        #{clickCount,jdbcType=BIGINT},
      </if>
      <if test="submitCount != null" >
        #{submitCount,jdbcType=BIGINT},
      </if>
      <if test="ruleId != null" >
        #{ruleId,jdbcType=BIGINT},
      </if>
      <if test="activityId != null" >
        #{activityId,jdbcType=BIGINT},
      </if>
      <if test="activityName != null" >
        #{activityName,jdbcType=VARCHAR},
      </if>
      <if test="groupCount != null" >
        #{groupCount,jdbcType=VARCHAR},
      </if>
    </trim>
  </insert>
  <update id="updateByPrimaryKeySelective" parameterType="cn.cecook.bean.business.markting.AutoMarketTaskStatistics" >
    update auto_market_task_statistics
    <set >
      <if test="uuid != null" >
        uuid = #{uuid,jdbcType=VARCHAR},
      </if>
      <if test="tenantId != null" >
        tenant_id = #{tenantId,jdbcType=VARCHAR},
      </if>
      <if test="taskId != null" >
        task_id = #{taskId,jdbcType=BIGINT},
      </if>
      <if test="createTime != null" >
        create_time = #{createTime,jdbcType=TIMESTAMP},
      </if>
      <if test="isDeleted != null" >
        is_deleted = #{isDeleted,jdbcType=INTEGER},
      </if>
      <if test="sendCount != null" >
        send_count = #{sendCount,jdbcType=BIGINT},
      </if>
      <if test="arriveCount != null" >
        arrive_count = #{arriveCount,jdbcType=BIGINT},
      </if>
      <if test="clickCount != null" >
        click_count = #{clickCount,jdbcType=BIGINT},
      </if>
      <if test="submitCount != null" >
        submit_count = #{submitCount,jdbcType=BIGINT},
      </if>
      <if test="ruleId != null" >
        rule_id = #{ruleId,jdbcType=BIGINT},
      </if>
      <if test="activityId != null" >
        activity_id = #{activityId,jdbcType=BIGINT},
      </if>
      <if test="activityName != null" >
        activity_name = #{activityName,jdbcType=VARCHAR},
      </if>
      <if test="groupCount != null" >
        group_count = #{groupCount,jdbcType=VARCHAR},
      </if>
    </set>
    where id = #{id,jdbcType=BIGINT}
  </update>
  <update id="updateByPrimaryKey" parameterType="cn.cecook.bean.business.markting.AutoMarketTaskStatistics" >
    update auto_market_task_statistics
    set uuid = #{uuid,jdbcType=VARCHAR},
      tenant_id = #{tenantId,jdbcType=VARCHAR},
      task_id = #{taskId,jdbcType=BIGINT},
      create_time = #{createTime,jdbcType=TIMESTAMP},
      is_deleted = #{isDeleted,jdbcType=INTEGER},
      send_count = #{sendCount,jdbcType=BIGINT},
      arrive_count = #{arriveCount,jdbcType=BIGINT},
      click_count = #{clickCount,jdbcType=BIGINT},
      submit_count = #{submitCount,jdbcType=BIGINT},
      rule_id = #{ruleId,jdbcType=BIGINT},
      activity_id = #{activityId,jdbcType=BIGINT},
      activity_name = #{activityName,jdbcType=VARCHAR},
      group_count = #{groupCount,jdbcType=VARCHAR}
    where id = #{id,jdbcType=BIGINT}
  </update>
  <!-- 根据taskId获取发送量、到达量、点击量、提交表单量、核销量、核销总额 -->
  <select id="getSummaryData" resultType="map" parameterType="java.lang.Integer">   
    SELECT
    IFNULL(sum(send_count),0) send_count 
    <!-- 
	IFNULL(sum(arrive_count), 0) arrive_count,
    IFNULL(sum(click_count),0) click_count,
	IFNULL(sum(submit_count),0) submit_count,
	IFNULL(sum(write_off_num),0) write_off_num,
	IFNULL(sum(write_off_count),0) write_off_count  
	 -->
	FROM
	auto_market_task_statistics WHERE task_id = #{taskId,jdbcType=INTEGER} AND is_deleted = 0 
  </select>
  
  
   <!-- 查询短信总推送 -->
  <select id="selectSendNum" resultType="java.lang.Long" parameterType="java.lang.Integer">
  	SELECT IFNULL(s.send_num,0) sendCount 
  	FROM social_sms s 
  	WHERE s.is_deleted=0 and s.id=#{ex_action_id};
  </select>
  
  <!-- 查询注券总量 -->
  <select id="selectSendNum2" resultType="java.lang.Long" parameterType="java.lang.Integer">
  	SELECT IFNULL(s.customer_num,0) sendCount 
  	FROM social_coupon_batch s
  	WHERE s.is_deleted=0 and s.id=#{ex_action_id};
  </select>
  
  <!-- 统计短信到达量 -->
  <select id="selectArriveCount" resultType="java.lang.Integer" parameterType="java.lang.Integer">
  	SELECT COUNT(0) arriveCount 
  	FROM bm_sms_send b 
  	WHERE b.state='DELIVRD' AND b.task_id=#{taskId,jdbcType=INTEGER} AND b.is_deleted=0;
  </select>
  <!-- 统计点击量 -->
  <select id="selectClickCount" resultType="java.lang.Integer" parameterType="java.lang.Integer">
  SELECT COUNT(0) clickCount 
  FROM bm_activity_browse c 
  WHERE c.task_id=#{taskId,jdbcType=INTEGER} AND c.is_deleted=0;
  </select>
  <!-- 统计提交表单量 -->
  <select id="selectSubmitCount" resultType="java.lang.Integer" parameterType="java.lang.Integer">
  SELECT COUNT(0) submitCount 
  FROM bm_coupon s 
  WHERE s.task_id=#{taskId,jdbcType=INTEGER} AND s.is_deleted=0;
  </select>
  
  <!-- 统计核销量 -->
  <select id="selectWriteOffNum" resultType="java.lang.Integer" parameterType="java.lang.Integer">
  SELECT COUNT(0) writeCount 
  FROM bm_write_off c 
  WHERE c.task_id=#{taskId,jdbcType=INTEGER} AND c.is_deleted=0;
  </select>
  
  <!-- 统计核销总额 -->
  <select id="selectWriteOffCount" resultType="java.lang.Double" parameterType="java.lang.Integer">
  SELECT IFNULL(sum(c.consumption_amount),0) consumptionAmount 
  FROM bm_write_off c 
  WHERE c.task_id=#{taskId,jdbcType=INTEGER} AND c.is_deleted=0;
  </select>
  
</mapper>