<?xml version="1.0" encoding="UTF-8" ?>
<!DOCTYPE mapper PUBLIC "-//mybatis.org//DTD Mapper 3.0//EN" "http://mybatis.org/dtd/mybatis-3-mapper.dtd" >
<mapper namespace="cn.cecook.dao.business.automation.AutomationPointMapper" >  
  <resultMap id="BaseResultModel" type="cn.cecook.model.business.automation.AutomationPointInfo" >
    <id column="id" property="id" jdbcType="BIGINT" />
    <result column="uuid" property="uuid" jdbcType="VARCHAR" />
    <result column="tenant_id" property="tenantId" jdbcType="VARCHAR" />
    <result column="is_deleted" property="isDeleted" jdbcType="INTEGER" />
    <result column="create_id" property="createId" jdbcType="BIGINT" />
    <result column="create_time" property="createTime" jdbcType="DATE" />
    <result column="order_code" property="orderCode" jdbcType="VARCHAR" />
    <result column="delete_time" property="deleteTime" jdbcType="DATE"/>
    <result column="task_id" property="taskId" jdbcType="BIGINT"/>
    <result column="parent_task_id" property="parentTaskId" jdbcType="BIGINT"/>
    <result column="point_id" property="pointId" jdbcType="BIGINT"/>
    <result column="parent_point_id" property="parentPointId" jdbcType="BIGINT"/>
    <result column="point_info" property="pointInfo" jdbcType="VARCHAR"/>
    <result column="point_type" property="pointType"/>
    <result column="template_id" property="templateId" jdbcType="BIGINT"/>
  </resultMap>
  <sql id="Base_Column_List">
	id,uuid,tenant_id,is_deleted,create_id,create_time,
	order_code,delete_time,remarks,attachment,bak1,bak2,bak3,bak4,bak5,
	task_id,parent_task_id,point_id,parent_point_id,point_info,point_type,template_id      
  </sql>
  <insert id="addAutomationPointInfo" keyProperty="id" parameterType="cn.cecook.model.business.automation.AutomationPointInfo" useGeneratedKeys="true">
      insert into auto_market_point_info(
      is_deleted,create_id,create_time,
	order_code,delete_time,remarks,attachment,bak1,bak2,bak3,bak4,bak5,
	task_id,parent_task_id,point_id,parent_point_id,point_info,point_type,template_id
      )
      values( #{isDeleted,jdbcType=INTEGER}, #{createId,jdbcType=BIGINT}, #{createTime,jdbcType=TIMESTAMP}, 
      #{orderCode,jdbcType=VARCHAR}, #{deleteTime,jdbcType=TIMESTAMP},#{remarks,jdbcType=VARCHAR},#{attachment,jdbcType=VARCHAR},
      #{bak1,jdbcType=VARCHAR},#{bak2,jdbcType=VARCHAR},#{bak3,jdbcType=VARCHAR},#{bak4,jdbcType=VARCHAR},#{bak5,jdbcType=VARCHAR},
      #{taskId,jdbcType=BIGINT},#{parentTaskId,jdbcType=BIGINT},#{pointId,jdbcType=BIGINT},#{parentPointId,jdbcType=BIGINT},#{pointInfo,jdbcType=VARCHAR},
      #{pointType},#{templateId,jdbcType=BIGINT}
      )
  </insert>
  <select id="selectAutomationPointInfo" parameterType="java.lang.Integer" resultMap="BaseResultModel">
      select 
      <include refid="Base_Column_List"></include>
      from auto_market_point_info
      where is_deleted=0
      and id=#{id}
  </select>
  <select id="selectPointByTemplateIdAndType" parameterType="cn.cecook.model.business.automation.AutomationPointInfo" resultMap="BaseResultModel">
      select 
      <include refid="Base_Column_List"></include>
      from auto_market_point_info
      where is_deleted=0
      and point_type=#{pointType}
      and template_id=#{templateId}         
  </select>
  <select id="selectAutomationPointInfoByParentTaskId" parameterType="cn.cecook.model.business.automation.AutomationPointInfo" resultMap="BaseResultModel">
       select 
      <include refid="Base_Column_List"></include>
      from auto_market_point_info
      where is_deleted=0
      and point_id=#{parentPointId}
      and template_id=#{templateId}     
  </select>
  <select id="selectPointInfoByTaskId" parameterType="map" resultMap="BaseResultModel"> 
       select 
      <include refid="Base_Column_List"></include>
      from auto_market_point_info
       where is_deleted=0
      and point_type=#{pointType}
      and template_id=#{templateId}    
       and task_id=#{taskId} 
  </select>
  <select id="isLastPoint" parameterType="cn.cecook.model.business.automation.AutomationPointInfo" resultType="java.lang.Integer">
      select count(1) from auto_market_point_info
        where is_deleted=0
        and parent_point_id=#{pointId}
        and template_id=#{templateId}
  </select>
  <select id="selectAutomationPointInfoByPointId" parameterType="cn.cecook.model.business.automation.AutomationPointInfo" resultMap="BaseResultModel">
       select 
      <include refid="Base_Column_List"></include>
      from auto_market_point_info
       where is_deleted=0
      and template_id=#{templateId}    
       and point_id=#{pointId} 
  </select>
  <select id="validateType" parameterType="java.lang.Integer" resultMap="BaseResultModel">
      select 
      <include refid="Base_Column_List"></include>
      from auto_market_point_info
      where is_deleted=0
      and template_id=#{templateId}
      order by point_id desc
	  limit 1
  </select>
  <select id="selectAutomationPointByTemplateId" parameterType="java.lang.Integer" resultMap="BaseResultModel">
       select 
      <include refid="Base_Column_List"></include>
      from auto_market_point_info
        where is_deleted=0
      and template_id=#{templateId}
  </select>
  <update id="updateAutomationPointInfo" parameterType="cn.cecook.model.business.automation.AutomationPointInfo">
      update auto_market_point_info
      set point_info=#{pointInfo}
      where point_id=#{pointId}
      and template_id=#{templateId}
  </update>
    <select id="selectTemplatePointByPublic" parameterType="java.lang.Integer" resultMap="BaseResultModel">
       select 
      <include refid="Base_Column_List"></include>
      from auto_market_point_info_public
        where is_deleted=0
      and template_id=#{templateId}
  </select>
    <select id="selectPointInfoByPublic" parameterType="cn.cecook.model.business.automation.AutomationPointInfo" resultMap="BaseResultModel">
       select 
      <include refid="Base_Column_List"></include>
      from auto_market_point_info_public
       where is_deleted=0
      and template_id=#{templateId}    
       and point_id=#{pointId} 
  </select>
</mapper>