<?xml version="1.0" encoding="UTF-8" ?>
<!DOCTYPE mapper PUBLIC "-//mybatis.org//DTD Mapper 3.0//EN" "http://mybatis.org/dtd/mybatis-3-mapper.dtd" >
<mapper namespace="cn.cecook.dao.business.automation.AutomationTaskMapper" >  
  <resultMap id="BaseResultModel" type="cn.cecook.model.business.automation.AutomationTask" >
    <id column="id" property="id" jdbcType="BIGINT" />
    <result column="uuid" property="uuid" jdbcType="VARCHAR" />
    <result column="tenant_id" property="tenantId" jdbcType="VARCHAR" />
    <result column="is_deleted" property="isDeleted" jdbcType="INTEGER" />
    <result column="create_time" property="createTime" jdbcType="DATE" />
    <result column="delete_time" property="deleteTime" jdbcType="DATE"/>
    <result column="parent_id" property="parentId" jdbcType="BIGINT"/>
    <result column="template_id" property="templateId" jdbcType="BIGINT"/>
    <result column="rule_id" property="ruleId" jdbcType="BIGINT"/>   
    <result column="ex_action" property="exAction"  />
    <result column="ex_action_id" property="exActionId" jdbcType="BIGINT"/>
    <result column="ex_task_order" property="exTaskOrder" />
    <result column="ex_loop" property="exLoop" />
    <result column="task_status" property="taskStatus" />
    <result column="ex_date_type" property="exDateType" />
    <result column="ex_date_info" property="exDateInfo"/>
    <result column="point_id" property="pointId"/>
  </resultMap>
  <sql id="Base_Column_List">
	id,uuid,tenant_id,is_deleted,delete_time,create_time,parent_id,
	template_id,rule_id,ex_action,ex_action_id,ex_task_order,ex_loop,task_status,ex_date_type,ex_date_info,point_id
  </sql>
  <insert id="addAutomationTask" keyProperty="id" parameterType="cn.cecook.model.business.automation.AutomationTask" useGeneratedKeys="true">
      insert into auto_market_template_task(
      is_deleted,delete_time,create_time,parent_id,
	  template_id,rule_id,ex_action,ex_action_id,ex_task_order,ex_loop,task_status,ex_date_type,ex_date_info,point_id
      )
      values( #{isDeleted,jdbcType=INTEGER}, #{deleteTime,jdbcType=TIMESTAMP},#{createTime,jdbcType=TIMESTAMP},
      #{parentId,jdbcType=BIGINT},#{templateId,jdbcType=BIGINT},#{ruleId,jdbcType=BIGINT},#{exAction},#{exActionId,jdbcType=VARCHAR},#{exTaskOrder},
      #{exLoop},#{taskStatus},#{exDateType},#{exDateInfo},#{pointId}
      )
  </insert>
  <select id="selectById" parameterType="java.lang.Integer" resultMap="BaseResultModel">
      select 
      <include refid="Base_Column_List"></include>
      from auto_market_template_task
      where is_deleted=0 and id=#{id}
  </select>
    <select id="selectByRuleId" parameterType="map" resultMap="BaseResultModel">
      select 
      <include refid="Base_Column_List"></include>
      from auto_market_template_task
      where rule_id=#{ruleId}
      and template_id=#{templateId}
      limit 0,1
  </select>
  <select id="selectByParentId" parameterType="map" resultMap="BaseResultModel">
      select 
      <include refid="Base_Column_List"></include>
      from auto_market_template_task
      where is_deleted=0 and id=#{parentId}
      and template_id=#{templateId}
  </select>
  <select id="isExist" parameterType="cn.cecook.model.business.automation.AutomationTask" resultMap="BaseResultModel">
       select 
      <include refid="Base_Column_List"></include>
      from auto_market_template_task
      where is_deleted=0 
      and point_id=#{pointId}
  </select>
  <select id="selectByActionId" parameterType="java.lang.Integer" resultMap="BaseResultModel">
      select 
            <include refid="Base_Column_List"></include>
        from auto_market_template_task
      where is_deleted=0 
      and template_id=#{templateId}
  </select>
  <update id="deleteAutomationTask" parameterType="java.lang.Integer">
      update auto_market_template_task
      set is_deleted=1
      where template_id=#{templateId}
      and is_deleted=0
  </update>
  <select id="findByPointId" parameterType="java.lang.Integer" resultMap="BaseResultModel">
      select 
            <include refid="Base_Column_List"></include>
        from auto_market_template_task
      where is_deleted=0 
      and point_id=#{pointId}
  </select>
</mapper>