<?xml version="1.0" encoding="UTF-8" ?>
<!DOCTYPE mapper PUBLIC "-//mybatis.org//DTD Mapper 3.0//EN" "http://mybatis.org/dtd/mybatis-3-mapper.dtd" >
<mapper namespace="cn.cecook.dao.business.automation.AutoMarketMedicineTaskMapper" >
  <resultMap id="BaseResultMap" type="cn.cecook.model.business.automation.AutoMarketMedicineTask" >
    <id column="id" property="id" jdbcType="INTEGER" />
    <result column="uuid" property="uuid" jdbcType="VARCHAR" />
    <result column="tenant_id" property="tenantId" jdbcType="VARCHAR" />
    <result column="create_time" property="createTime" jdbcType="TIMESTAMP" />
    <result column="is_deleted" property="isDeleted" jdbcType="INTEGER" />
    <result column="execution_time" property="executionTime" jdbcType="TIMESTAMP" />
    <result column="task_id" property="taskId" jdbcType="INTEGER" />
    <result column="status" property="status" jdbcType="BOOLEAN" />
    <result column="sms_content" property="smsContent" jdbcType="VARCHAR" />
    <result column="phone" property="phone" jdbcType="VARCHAR" />
    <result column="customer_id" property="customerId" jdbcType="INTEGER" />
  </resultMap>
  <sql id="Base_Column_List" >
    id, uuid, create_time, is_deleted, execution_time, task_id, 
    status,tenant_id,phone,customer_id,sms_content
  </sql>
  <select id="selectByPrimaryKey" resultMap="BaseResultMap" parameterType="java.lang.Integer" >
    select 
    <include refid="Base_Column_List" />
    from auto_market_medicine_task
    where id = #{id,jdbcType=INTEGER}
  </select>
  <delete id="deleteByPrimaryKey" parameterType="java.lang.Integer" >
    delete from auto_market_medicine_task
    where id = #{id,jdbcType=INTEGER}
  </delete>
 
  <insert id="insertSelective" parameterType="cn.cecook.model.business.automation.AutoMarketMedicineTask" >
    insert into auto_market_medicine_task
    <trim prefix="(" suffix=")" suffixOverrides="," >
      <if test="id != null" >
        id,
      </if>
      <if test="uuid != null" >
        uuid,
      </if>
      <if test="createTime != null" >
        create_time,
      </if>
      <if test="isDeleted != null" >
        is_deleted,
      </if>
      <if test="executionTime != null" >
        execution_time,
      </if>
      <if test="taskId != null" >
        task_id,
      </if>
      <if test="status != null" >
        status,
      </if>
      <if test="tenantId != null" >
        tenant_id,
      </if>
      <if test="smsContent != null" >
        sms_content,
      </if>
      <if test="phone != null" >
        phone,
      </if>
      <if test="customerId != null" >
        phone,
      </if>
    </trim>
    <trim prefix="values (" suffix=")" suffixOverrides="," >
      <if test="id != null" >
        #{id,jdbcType=INTEGER},
      </if>
      <if test="uuid != null" >
        #{uuid,jdbcType=VARCHAR},
      </if>
      <if test="createTime != null" >
        #{createTime,jdbcType=TIMESTAMP},
      </if>
      <if test="isDeleted != null" >
        #{isDeleted,jdbcType=INTEGER},
      </if>
      <if test="executionTime != null" >
        #{executionTime,jdbcType=TIMESTAMP},
      </if>
      <if test="taskId != null" >
        #{taskId,jdbcType=INTEGER},
      </if>
      <if test="status != null" >
        #{status,jdbcType=BOOLEAN},
      </if>
      <if test="tenantId != null" >
        #{tenantId,jdbcType=VARCHAR},
      </if>
      <if test="smsContent != null" >
        #{smsContent,jdbcType=VARCHAR},
      </if>
      <if test="phone != null" >
        #{phone,jdbcType=VARCHAR},
      </if>
      <if test="customerId != null" >
        #{customerId,jdbcType=INTEGER},
      </if>
      
    </trim>
    <if test="tenantId != null">
       cecook2017${tenantId}
    </if>
  </insert>
  <update id="updateByPrimaryKeySelective" parameterType="cn.cecook.model.business.automation.AutoMarketMedicineTask" >
    update auto_market_medicine_task
    <set >
      <if test="uuid != null" >
        uuid = #{uuid,jdbcType=VARCHAR},
      </if>
      <if test="createTime != null" >
        create_time = #{createTime,jdbcType=TIMESTAMP},
      </if>
      <if test="isDeleted != null" >
        is_deleted = #{isDeleted,jdbcType=INTEGER},
      </if>
      <if test="executionTime != null" >
        execution_time = #{executionTime,jdbcType=TIMESTAMP},
      </if>
      <if test="taskId != null" >
        task_id = #{taskId,jdbcType=INTEGER},
      </if>
      <if test="status != null" >
        status = #{status,jdbcType=BOOLEAN},
      </if>
      <if test="tenantId != null" >
        tenant_id = #{tenantId,jdbcType=VARCHAR},
      </if>
      <if test="smsContent != null" >
        sms_content = #{smsContent,jdbcType=VARCHAR},
      </if>
      <if test="phone != null" >
        phone = #{phone,jdbcType=VARCHAR},
      </if>
      <if test="customerId != null" >
        customer_id = #{customerId,jdbcType=Integer},
      </if>
     
    </set>
    where id = #{id,jdbcType=INTEGER}
    <if test="tenantId != null">
       cecook2017${tenantId}
    </if>
  </update>
  
  <select id="listAutoMarketMedicineTask" resultMap ="BaseResultMap">
  select 
    <include refid="Base_Column_List" />
    from auto_market_medicine_task 
    where is_deleted=0 and status=0
    <if test="executionTime != null">
		and execution_time LIKE CONCAT('%',#{executionTime,jdbcType=VARCHAR},'%')
	</if>
	<if test="tenantId != null">
       cecook2017${tenantId}
    </if>
  </select>
  
  <update id="updateStatusByExecutionTime" parameterType="map">
	  update auto_market_medicine_task set status=#{status}
	  
	  <if test="executionTime != null">
	     and execution_time LIKE CONCAT('%',#{executionTime,jdbcType=VARCHAR},'%')
	  </if>
	  <if test="tenantId != null">
        cecook2017${tenantId}
      </if>
  
  </update>
  
</mapper>