<?xml version="1.0" encoding="UTF-8" ?>
<!DOCTYPE mapper PUBLIC "-//mybatis.org//DTD Mapper 3.0//EN" "http://mybatis.org/dtd/mybatis-3-mapper.dtd" >
<mapper namespace="cn.cecook.dao.business.automation.BaseMedicineDosageMapper" >
   <resultMap id="BaseResultModel" type="cn.cecook.model.business.automation.BaseMedicineDosage" >
    <id column="id" property="id" jdbcType="BIGINT" />
    <result column="medicine_name" property="medicineName" jdbcType="VARCHAR" />
    <result column="approval_number" property="approvalNumber" jdbcType="VARCHAR" />
    <result column="bar_code" property="barCode" jdbcType="VARCHAR" />
    <result column="once_use_number" property="onceUseNumber" jdbcType="INTEGER" />
    <result column="dayUseNumber" property="dayUseNumber" jdbcType="INTEGER" />
    <result column="packing_specifications" property="packingSpecifications" jdbcType="INTEGER" />
  </resultMap>
  <sql id="Base_Column_List" >
    id,medicine_name,approval_number,bar_code,once_use_number,day_use_number,packing_specifications
    </sql>
    <select id="getMedicineByName" parameterType="java.lang.String" resultMap="BaseResultModel">
    select
    	<include refid="Base_Column_List"></include>
    	from base_medicine_dosage
    where medicine_name LIKE CONCAT('%',#{name},'%')
    </select>
    <select id="getMedicineByBarCode" parameterType="java.lang.String" resultMap="BaseResultModel">
    select
    	<include refid="Base_Column_List"></include>
    	from base_medicine_dosage
    where bar_code=#{barCode}
   </select>
   <select id="getAll" resultMap="BaseResultModel">
   	  select
    	<include refid="Base_Column_List"></include>
    	from base_medicine_dosage
   </select>
</mapper>