<?xml version="1.0" encoding="UTF-8" ?>
<!DOCTYPE mapper PUBLIC "-//mybatis.org//DTD Mapper 3.0//EN" "http://mybatis.org/dtd/mybatis-3-mapper.dtd" >
<mapper namespace="cn.cecook.dao.system.DockProductSynchMapper" >
  <resultMap id="BaseResultMap" type="cn.cecook.bean.system.DockProductSynch" >
    <id column="id" property="id" jdbcType="BIGINT" />
    <result column="uuid" property="uuid" jdbcType="VARCHAR" />
    <result column="is_deleted" property="isDeleted" jdbcType="INTEGER" />
    <result column="create_id" property="createId" jdbcType="BIGINT" />
    <result column="create_time" property="createTime" jdbcType="TIMESTAMP" />
    <result column="order_code" property="orderCode" jdbcType="VARCHAR" />
    <result column="delete_time" property="deleteTime" jdbcType="TIMESTAMP" />
    <result column="remarks" property="remarks" jdbcType="VARCHAR" />
    <result column="attachment" property="attachment" jdbcType="VARCHAR" />
    <result column="user_id" property="userId" jdbcType="BIGINT" />
    <result column="product_id" property="productId" jdbcType="BIGINT" />
    <result column="store_id" property="storeId" jdbcType="BIGINT" />
    <result column="crm_role_id" property="crmRoleId" jdbcType="BIGINT" />
    <result column="open_state" property="openState" jdbcType="BIGINT" />
    <result column="tenant_id" property="tenantId" jdbcType="VARCHAR" />
  </resultMap>
  <sql id="Base_Column_List" >
    id, uuid, is_deleted, create_id, create_time, order_code, delete_time, remarks, attachment, 
    user_id, product_id, store_id, crm_role_id, open_state, tenant_id
  </sql>
  <select id="selectByPrimaryKey" resultMap="BaseResultMap" parameterType="java.lang.Long" >
    select 
    <include refid="Base_Column_List" />
    from dock_product_synch
    where id = #{id,jdbcType=BIGINT}
  </select>
  <delete id="deleteByPrimaryKey" parameterType="java.lang.Long" >
    delete from dock_product_synch
    where id = #{id,jdbcType=BIGINT}
  </delete>
  <insert id="insert" parameterType="cn.cecook.bean.system.DockProductSynch" >
    insert into dock_product_synch (id, uuid, is_deleted, 
      create_id, create_time, order_code, 
      delete_time, remarks, attachment, 
      user_id, product_id, store_id, 
      crm_role_id, open_state, tenant_id
      )
    values (#{id,jdbcType=BIGINT}, #{uuid,jdbcType=VARCHAR}, #{isDeleted,jdbcType=INTEGER}, 
      #{createId,jdbcType=BIGINT}, #{createTime,jdbcType=TIMESTAMP}, #{orderCode,jdbcType=VARCHAR}, 
      #{deleteTime,jdbcType=TIMESTAMP}, #{remarks,jdbcType=VARCHAR}, #{attachment,jdbcType=VARCHAR}, 
      #{userId,jdbcType=BIGINT}, #{productId,jdbcType=BIGINT}, #{storeId,jdbcType=BIGINT}, 
      #{crmRoleId,jdbcType=BIGINT}, #{openState,jdbcType=BIGINT}, #{tenantId,jdbcType=VARCHAR}
      )
  </insert>
  <insert id="insertSelective" parameterType="cn.cecook.bean.system.DockProductSynch" >
    insert into dock_product_synch
    <trim prefix="(" suffix=")" suffixOverrides="," >
      <if test="id != null" >
        id,
      </if>
      <if test="uuid != null" >
        uuid,
      </if>
      <if test="isDeleted != null" >
        is_deleted,
      </if>
      <if test="createId != null" >
        create_id,
      </if>
      <if test="createTime != null" >
        create_time,
      </if>
      <if test="orderCode != null" >
        order_code,
      </if>
      <if test="deleteTime != null" >
        delete_time,
      </if>
      <if test="remarks != null" >
        remarks,
      </if>
      <if test="attachment != null" >
        attachment,
      </if>
      <if test="userId != null" >
        user_id,
      </if>
      <if test="productId != null" >
        product_id,
      </if>
      <if test="storeId != null" >
        store_id,
      </if>
      <if test="crmRoleId != null" >
        crm_role_id,
      </if>
      <if test="openState != null" >
        open_state,
      </if>
      <if test="tenantId != null" >
        tenant_id,
      </if>
    </trim>
    <trim prefix="values (" suffix=")" suffixOverrides="," >
      <if test="id != null" >
        #{id,jdbcType=BIGINT},
      </if>
      <if test="uuid != null" >
        #{uuid,jdbcType=VARCHAR},
      </if>
      <if test="isDeleted != null" >
        #{isDeleted,jdbcType=INTEGER},
      </if>
      <if test="createId != null" >
        #{createId,jdbcType=BIGINT},
      </if>
      <if test="createTime != null" >
        #{createTime,jdbcType=TIMESTAMP},
      </if>
      <if test="orderCode != null" >
        #{orderCode,jdbcType=VARCHAR},
      </if>
      <if test="deleteTime != null" >
        #{deleteTime,jdbcType=TIMESTAMP},
      </if>
      <if test="remarks != null" >
        #{remarks,jdbcType=VARCHAR},
      </if>
      <if test="attachment != null" >
        #{attachment,jdbcType=VARCHAR},
      </if>
      <if test="userId != null" >
        #{userId,jdbcType=BIGINT},
      </if>
      <if test="productId != null" >
        #{productId,jdbcType=BIGINT},
      </if>
      <if test="storeId != null" >
        #{storeId,jdbcType=BIGINT},
      </if>
      <if test="crmRoleId != null" >
        #{crmRoleId,jdbcType=BIGINT},
      </if>
      <if test="openState != null" >
        #{openState,jdbcType=BIGINT},
      </if>
      <if test="tenantId != null" >
        #{tenantId,jdbcType=VARCHAR},
      </if>
    </trim>
  </insert>
  <update id="updateByPrimaryKeySelective" parameterType="cn.cecook.bean.system.DockProductSynch" >
    update dock_product_synch
    <set >
      <if test="uuid != null" >
        uuid = #{uuid,jdbcType=VARCHAR},
      </if>
      <if test="isDeleted != null" >
        is_deleted = #{isDeleted,jdbcType=INTEGER},
      </if>
      <if test="createId != null" >
        create_id = #{createId,jdbcType=BIGINT},
      </if>
      <if test="createTime != null" >
        create_time = #{createTime,jdbcType=TIMESTAMP},
      </if>
      <if test="orderCode != null" >
        order_code = #{orderCode,jdbcType=VARCHAR},
      </if>
      <if test="deleteTime != null" >
        delete_time = #{deleteTime,jdbcType=TIMESTAMP},
      </if>
      <if test="remarks != null" >
        remarks = #{remarks,jdbcType=VARCHAR},
      </if>
      <if test="attachment != null" >
        attachment = #{attachment,jdbcType=VARCHAR},
      </if>
      <if test="userId != null" >
        user_id = #{userId,jdbcType=BIGINT},
      </if>
      <if test="productId != null" >
        product_id = #{productId,jdbcType=BIGINT},
      </if>
      <if test="storeId != null" >
        store_id = #{storeId,jdbcType=BIGINT},
      </if>
      <if test="crmRoleId != null" >
        crm_role_id = #{crmRoleId,jdbcType=BIGINT},
      </if>
      <if test="openState != null" >
        open_state = #{openState,jdbcType=BIGINT},
      </if>
      <if test="tenantId != null" >
        tenant_id = #{tenantId,jdbcType=VARCHAR},
      </if>
    </set>
    where id = #{id,jdbcType=BIGINT}
  </update>
  <update id="updateByPrimaryKey" parameterType="cn.cecook.bean.system.DockProductSynch" >
    update dock_product_synch
    set uuid = #{uuid,jdbcType=VARCHAR},
      is_deleted = #{isDeleted,jdbcType=INTEGER},
      create_id = #{createId,jdbcType=BIGINT},
      create_time = #{createTime,jdbcType=TIMESTAMP},
      order_code = #{orderCode,jdbcType=VARCHAR},
      delete_time = #{deleteTime,jdbcType=TIMESTAMP},
      remarks = #{remarks,jdbcType=VARCHAR},
      attachment = #{attachment,jdbcType=VARCHAR},
      user_id = #{userId,jdbcType=BIGINT},
      product_id = #{productId,jdbcType=BIGINT},
      store_id = #{storeId,jdbcType=BIGINT},
      crm_role_id = #{crmRoleId,jdbcType=BIGINT},
      open_state = #{openState,jdbcType=BIGINT},
      tenant_id = #{tenantId,jdbcType=VARCHAR}
    where id = #{id,jdbcType=BIGINT}
  </update> 
    <select id="findByUserId" resultMap="BaseResultMap" parameterType="java.lang.Long" >
    select 
    <include refid="Base_Column_List" />
    from dock_product_synch
   	 where user_id = #{userId,jdbcType=BIGINT}
  </select>
  
     <delete id="deleteByUserId" parameterType="java.lang.Long" >
    delete from dock_product_synch
    where id = #{id,jdbcType=BIGINT}
  </delete>
</mapper>