<?xml version="1.0" encoding="UTF-8" ?>
<!DOCTYPE mapper PUBLIC "-//mybatis.org//DTD Mapper 3.0//EN" "http://mybatis.org/dtd/mybatis-3-mapper.dtd" >
<mapper namespace="cn.cecook.dao.system.DockProductServiceMapper" >
  <resultMap id="BaseResultMap" type="cn.cecook.bean.system.DockProductService" >
    <id column="id" property="id" jdbcType="BIGINT" />
    <result column="uuid" property="uuid" jdbcType="VARCHAR" />
    <result column="is_deleted" property="isDeleted" jdbcType="INTEGER" />
    <result column="create_id" property="createId" jdbcType="BIGINT" />
    <result column="create_time" property="createTime" jdbcType="TIMESTAMP" />
    <result column="order_code" property="orderCode" jdbcType="VARCHAR" />
    <result column="delete_time" property="deleteTime" jdbcType="TIMESTAMP" />
    <result column="remarks" property="remarks" jdbcType="VARCHAR" />
    <result column="attachment" property="attachment" jdbcType="VARCHAR" />
    <result column="name" property="name" jdbcType="VARCHAR" />
    <result column="description" property="description" jdbcType="VARCHAR" />
    <result column="tenant_id" property="tenantId" jdbcType="VARCHAR" />
  </resultMap>
  <sql id="Base_Column_List" >
    id, uuid, is_deleted, create_id, create_time, order_code, delete_time, remarks, attachment, 
    name, description, tenant_id
  </sql>
  <select id="selectByPrimaryKey" resultMap="BaseResultMap" parameterType="java.lang.Long" >
    select 
    <include refid="Base_Column_List" />
    from dock_product_service
    where id = #{id,jdbcType=BIGINT}
  </select>
  <delete id="deleteByPrimaryKey" parameterType="java.lang.Long" >
    delete from dock_product_service
    where id = #{id,jdbcType=BIGINT}
  </delete>
  <insert id="insert" parameterType="cn.cecook.bean.system.DockProductService" >
    insert into dock_product_service (id, uuid, is_deleted, 
      create_id, create_time, order_code, 
      delete_time, remarks, attachment, 
      name, description, tenant_id
      )
    values (#{id,jdbcType=BIGINT}, #{uuid,jdbcType=VARCHAR}, #{isDeleted,jdbcType=INTEGER}, 
      #{createId,jdbcType=BIGINT}, #{createTime,jdbcType=TIMESTAMP}, #{orderCode,jdbcType=VARCHAR}, 
      #{deleteTime,jdbcType=TIMESTAMP}, #{remarks,jdbcType=VARCHAR}, #{attachment,jdbcType=VARCHAR}, 
      #{name,jdbcType=VARCHAR}, #{description,jdbcType=VARCHAR}, #{tenantId,jdbcType=VARCHAR}
      )
  </insert>
  <insert id="insertSelective" parameterType="cn.cecook.bean.system.DockProductService" >
    insert into dock_product_service
    <trim prefix="(" suffix=")" suffixOverrides="," >
      <if test="id != null" >
        id,
      </if>
      <if test="uuid != null" >
        uuid,
      </if>
      <if test="isDeleted != null" >
        is_deleted,
      </if>
      <if test="createId != null" >
        create_id,
      </if>
      <if test="createTime != null" >
        create_time,
      </if>
      <if test="orderCode != null" >
        order_code,
      </if>
      <if test="deleteTime != null" >
        delete_time,
      </if>
      <if test="remarks != null" >
        remarks,
      </if>
      <if test="attachment != null" >
        attachment,
      </if>
      <if test="name != null" >
        name,
      </if>
      <if test="description != null" >
        description,
      </if>
      <if test="tenantId != null" >
        tenant_id,
      </if>
    </trim>
    <trim prefix="values (" suffix=")" suffixOverrides="," >
      <if test="id != null" >
        #{id,jdbcType=BIGINT},
      </if>
      <if test="uuid != null" >
        #{uuid,jdbcType=VARCHAR},
      </if>
      <if test="isDeleted != null" >
        #{isDeleted,jdbcType=INTEGER},
      </if>
      <if test="createId != null" >
        #{createId,jdbcType=BIGINT},
      </if>
      <if test="createTime != null" >
        #{createTime,jdbcType=TIMESTAMP},
      </if>
      <if test="orderCode != null" >
        #{orderCode,jdbcType=VARCHAR},
      </if>
      <if test="deleteTime != null" >
        #{deleteTime,jdbcType=TIMESTAMP},
      </if>
      <if test="remarks != null" >
        #{remarks,jdbcType=VARCHAR},
      </if>
      <if test="attachment != null" >
        #{attachment,jdbcType=VARCHAR},
      </if>
      <if test="name != null" >
        #{name,jdbcType=VARCHAR},
      </if>
      <if test="description != null" >
        #{description,jdbcType=VARCHAR},
      </if>
      <if test="tenantId != null" >
        #{tenantId,jdbcType=VARCHAR},
      </if>
    </trim>
  </insert>
  <update id="updateByPrimaryKeySelective" parameterType="cn.cecook.bean.system.DockProductService" >
    update dock_product_service
    <set >
      <if test="uuid != null" >
        uuid = #{uuid,jdbcType=VARCHAR},
      </if>
      <if test="isDeleted != null" >
        is_deleted = #{isDeleted,jdbcType=INTEGER},
      </if>
      <if test="createId != null" >
        create_id = #{createId,jdbcType=BIGINT},
      </if>
      <if test="createTime != null" >
        create_time = #{createTime,jdbcType=TIMESTAMP},
      </if>
      <if test="orderCode != null" >
        order_code = #{orderCode,jdbcType=VARCHAR},
      </if>
      <if test="deleteTime != null" >
        delete_time = #{deleteTime,jdbcType=TIMESTAMP},
      </if>
      <if test="remarks != null" >
        remarks = #{remarks,jdbcType=VARCHAR},
      </if>
      <if test="attachment != null" >
        attachment = #{attachment,jdbcType=VARCHAR},
      </if>
      <if test="name != null" >
        name = #{name,jdbcType=VARCHAR},
      </if>
      <if test="description != null" >
        description = #{description,jdbcType=VARCHAR},
      </if>
      <if test="tenantId != null" >
        tenant_id = #{tenantId,jdbcType=VARCHAR},
      </if>
    </set>
    where id = #{id,jdbcType=BIGINT}
  </update>
  <update id="updateByPrimaryKey" parameterType="cn.cecook.bean.system.DockProductService" >
    update dock_product_service
    set uuid = #{uuid,jdbcType=VARCHAR},
      is_deleted = #{isDeleted,jdbcType=INTEGER},
      create_id = #{createId,jdbcType=BIGINT},
      create_time = #{createTime,jdbcType=TIMESTAMP},
      order_code = #{orderCode,jdbcType=VARCHAR},
      delete_time = #{deleteTime,jdbcType=TIMESTAMP},
      remarks = #{remarks,jdbcType=VARCHAR},
      attachment = #{attachment,jdbcType=VARCHAR},
      name = #{name,jdbcType=VARCHAR},
      description = #{description,jdbcType=VARCHAR},
      tenant_id = #{tenantId,jdbcType=VARCHAR}
    where id = #{id,jdbcType=BIGINT}
  </update>
</mapper>