<?xml version="1.0" encoding="UTF-8" ?>
<!DOCTYPE mapper PUBLIC "-//mybatis.org//DTD Mapper 3.0//EN" "http://mybatis.org/dtd/mybatis-3-mapper.dtd" >
<mapper namespace="cn.cecook.dao.system.SmsMsgLogMapper" >
  <resultMap id="BaseResultMap" type="cn.cecook.model.system.SmsMsgLog" >
    <id column="id" property="id" jdbcType="INTEGER" />
    <result column="tenant_id" property="tenantId" jdbcType="VARCHAR" />
    <result column="msg_type" property="msgType" jdbcType="INTEGER" />
    <result column="msg_tittle" property="msgTittle" jdbcType="VARCHAR" />
    <result column="msg_counts" property="msgCounts" jdbcType="INTEGER" />
    <result column="batch_num" property="batchNum" jdbcType="VARCHAR" />
    <result column="create_time" property="createTime" jdbcType="TIMESTAMP" />
  </resultMap>
  <sql id="Base_Column_List" >
    id, tenant_id, msg_type, msg_tittle, msg_counts, batch_num, create_time
  </sql>
  <select id="selectByPrimaryKey" resultMap="BaseResultMap" parameterType="java.lang.Integer" >
    select 
    <include refid="Base_Column_List" />
    from sms_msg_log
    where id = #{id,jdbcType=INTEGER}
  </select>
  <delete id="deleteByPrimaryKey" parameterType="java.lang.Integer" >
    delete from sms_msg_log
    where id = #{id,jdbcType=INTEGER}
  </delete>
  <insert id="insert" parameterType="cn.cecook.model.system.SmsMsgLog" >
    insert into sms_msg_log (id, tenant_id, msg_type, 
      msg_tittle, msg_counts, batch_num, 
      create_time)
    values (#{id,jdbcType=INTEGER}, #{tenantId,jdbcType=VARCHAR}, #{msgType,jdbcType=INTEGER}, 
      #{msgTittle,jdbcType=VARCHAR}, #{msgCounts,jdbcType=INTEGER}, #{batchNum,jdbcType=VARCHAR}, 
      #{createTime,jdbcType=TIMESTAMP})
  </insert>
  <insert id="insertSelective" parameterType="cn.cecook.model.system.SmsMsgLog" >
    insert into sms_msg_log
    <trim prefix="(" suffix=")" suffixOverrides="," >
      <if test="id != null" >
        id,
      </if>
      <if test="tenantId != null" >
        tenant_id,
      </if>
      <if test="msgType != null" >
        msg_type,
      </if>
      <if test="msgTittle != null" >
        msg_tittle,
      </if>
      <if test="msgCounts != null" >
        msg_counts,
      </if>
      <if test="batchNum != null" >
        batch_num,
      </if>
      <if test="createTime != null" >
        create_time,
      </if>
    </trim>
    <trim prefix="values (" suffix=")" suffixOverrides="," >
      <if test="id != null" >
        #{id,jdbcType=INTEGER},
      </if>
      <if test="tenantId != null" >
        #{tenantId,jdbcType=VARCHAR},
      </if>
      <if test="msgType != null" >
        #{msgType,jdbcType=INTEGER},
      </if>
      <if test="msgTittle != null" >
        #{msgTittle,jdbcType=VARCHAR},
      </if>
      <if test="msgCounts != null" >
        #{msgCounts,jdbcType=INTEGER},
      </if>
      <if test="batchNum != null" >
        #{batchNum,jdbcType=BIGINT},
      </if>
      <if test="createTime != null" >
        #{createTime,jdbcType=TIMESTAMP},
      </if>
    </trim>
  </insert>
  <update id="updateByPrimaryKeySelective" parameterType="cn.cecook.model.system.SmsMsgLog" >
    update sms_msg_log
    <set >
      <if test="tenantId != null" >
        tenant_id = #{tenantId,jdbcType=VARCHAR},
      </if>
      <if test="msgType != null" >
        msg_type = #{msgType,jdbcType=INTEGER},
      </if>
      <if test="msgTittle != null" >
        msg_tittle = #{msgTittle,jdbcType=VARCHAR},
      </if>
      <if test="msgCounts != null" >
        msg_counts = #{msgCounts,jdbcType=INTEGER},
      </if>
      <if test="batchNum != null" >
        batch_num = #{batchNum,jdbcType=VARCHAR},
      </if>
      <if test="createTime != null" >
        create_time = #{createTime,jdbcType=TIMESTAMP},
      </if>
    </set>
    where id = #{id,jdbcType=INTEGER}
  </update>
  <update id="updateByPrimaryKey" parameterType="cn.cecook.model.system.SmsMsgLog" >
    update sms_msg_log
    set tenant_id = #{tenantId,jdbcType=VARCHAR},
      msg_type = #{msgType,jdbcType=INTEGER},
      msg_tittle = #{msgTittle,jdbcType=VARCHAR},
      msg_counts = #{msgCounts,jdbcType=INTEGER},
      batch_num = #{batchNum,jdbcType=VARCHAR},
      create_time = #{createTime,jdbcType=TIMESTAMP}
    where id = #{id,jdbcType=INTEGER}
  </update>
  
 	<select id="smsPage" parameterType="cn.cecook.uitls.Pages" resultType="map">
 		select id,msg_type,msg_tittle,msg_counts,batch_num,DATE_FORMAT(create_time, '%Y-%m-%d %H:%i') create_time,sum(msg_counts) sum_msg_counts 
		from sms_msg_log 
		where 1=1
		<if test="where.tenantId != null">
			and tenant_id=#{where.tenantId} 
		</if>
		<if test="where.msg_type != null and where.msg_type != ''">
			and msg_type = #{where.msg_type}
		</if>
		<if test="where.startTime != null">
			and create_time >= #{where.startTime}
		</if>
		<if test="where.endTime != null">
			and create_time &lt;= #{where.endTime}
		</if>
		group by batch_num 
		<if test="orderby != null">order by ${orderby}</if>
		limit #{startIndex}, #{pageSize}
 	</select>
 	<select id="smsCount" parameterType="map" resultType="int">
 		select ifnull(count(1),0) 
 		from 
	 		(select count(1) 
	 		from sms_msg_log 
	 		where 1=1
	 		<if test="tenantId != null">
				and tenant_id=#{tenantId} 
			</if>
	 		<if test="msg_type != null and msg_type != ''">
				and msg_type = #{msg_type}
			</if>
			<if test="startTime != null">
				and create_time >= #{startTime}
			</if>
			<if test="endTime != null">
				and create_time &lt;= #{endTime}
			</if>
			group by batch_num) t1
 	</select>
 	
 	<select id="getSendCount" parameterType="map" resultType="int">
 		select ifnull(sum(msg_counts)*-1,0) sendCount 
 		from sms_msg_log 
 		where msg_counts &lt; 0 
 		<if test="tenantId != null">
			and tenant_id=#{tenantId} 
		</if>
 	</select>
 	
 	<select id="smsDetailCount" parameterType="map" resultType="map">
 		select 
	 		(select count(1) 
			from bm_sms_send 
			where state='DELIVRD'
			<choose>
				<when test="batchType == 'C'">
					and coupon_batch = #{batchNo}
				</when>
				<when test="batchType == 'S'">
					and batch = #{batchNo}
				</when>
			</choose>
			) success,
			(select count(1) 
			from bm_sms_send 
			where state!='DELIVRD'
			<choose>
				<when test="batchType == 'C'">
					and coupon_batch = #{batchNo}
				</when>
				<when test="batchType == 'S'">
					and batch = #{batchNo}
				</when>
			</choose>
			) failure
		from dual
 	</select>
 	
 	<select id="smsDetail" parameterType="map" resultType="map">
 		select 
		from bm_sms_send 
		where 1=1 
		<choose>
			<when test="batchType == 'C'">
				and coupon_batch = #{batchNo}
			</when>
			<when test="batchType == 'S'">
				and batch = #{batchNo}
			</when>
		</choose>
 	</select>
</mapper>