<?xml version="1.0" encoding="UTF-8" ?>
<!DOCTYPE mapper PUBLIC "-//mybatis.org//DTD Mapper 3.0//EN" "http://mybatis.org/dtd/mybatis-3-mapper.dtd" >
<mapper namespace="cn.cecook.dao.system.SysCompanyMapper" >
  <resultMap id="BaseResultMap" type="cn.cecook.model.system.SysCompany" >
    <id column="id" property="id" jdbcType="BIGINT" />
    <result column="uuid" property="uuid" jdbcType="VARCHAR" />
    <result column="tenant_id" property="tenantId" jdbcType="VARCHAR" />
    <result column="is_deleted" property="isDeleted" jdbcType="INTEGER" />
    <result column="create_id" property="createId" jdbcType="BIGINT" />
    <result column="create_time" property="createTime" jdbcType="TIMESTAMP" />
    <result column="order_code" property="orderCode" jdbcType="VARCHAR" />
    <result column="delete_time" property="deleteTime" jdbcType="TIMESTAMP" />
    <result column="remarks" property="remarks" jdbcType="VARCHAR" />
    <result column="attachment" property="attachment" jdbcType="VARCHAR" />
    <result column="name" property="name" jdbcType="VARCHAR" />
    <result column="intro" property="intro" jdbcType="VARCHAR" />
    <result column="business" property="business" jdbcType="VARCHAR" />
    <result column="business_license" property="businessLicense" jdbcType="VARCHAR" />
    <result column="key_word" property="keyWord" jdbcType="VARCHAR" />
    <result column="code" property="code" jdbcType="VARCHAR" />   
    <result column="bak1" property="bak1" jdbcType="VARCHAR" />
    <result column="bak2" property="bak2" jdbcType="VARCHAR" />
    <result column="bak3" property="bak3" jdbcType="VARCHAR" />
    <result column="bak4" property="bak4" jdbcType="VARCHAR" />
    <result column="bak5" property="bak5" jdbcType="VARCHAR" />
    <result column="logo" property="logo" jdbcType="VARCHAR" />
    <result column="office_phone" property="phone" jdbcType="VARCHAR" />
    <result column="address" property="address" jdbcType="VARCHAR" />
    <result column="industry_type" property="industryType" jdbcType="INTEGER"/>
  </resultMap>
  <sql id="Example_Where_Clause" >
    <where >
      <foreach collection="oredCriteria" item="criteria" separator="or" >
        <if test="criteria.valid" >
          <trim prefix="(" suffix=")" prefixOverrides="and" >
            <foreach collection="criteria.criteria" item="criterion" >
              <choose >
                <when test="criterion.noValue" >
                  and ${criterion.condition}
                </when>
                <when test="criterion.singleValue" >
                  and ${criterion.condition} #{criterion.value}
                </when>
                <when test="criterion.betweenValue" >
                  and ${criterion.condition} #{criterion.value} and #{criterion.secondValue}
                </when>
                <when test="criterion.listValue" >
                  and ${criterion.condition}
                  <foreach collection="criterion.value" item="listItem" open="(" close=")" separator="," >
                    #{listItem}
                  </foreach>
                </when>
              </choose>
            </foreach>
          </trim>
        </if>
      </foreach>
    </where>
  </sql>
  <sql id="Update_By_Example_Where_Clause" >
    <where >
      <foreach collection="example.oredCriteria" item="criteria" separator="or" >
        <if test="criteria.valid" >
          <trim prefix="(" suffix=")" prefixOverrides="and" >
            <foreach collection="criteria.criteria" item="criterion" >
              <choose >
                <when test="criterion.noValue" >
                  and ${criterion.condition}
                </when>
                <when test="criterion.singleValue" >
                  and ${criterion.condition} #{criterion.value}
                </when>
                <when test="criterion.betweenValue" >
                  and ${criterion.condition} #{criterion.value} and #{criterion.secondValue}
                </when>
                <when test="criterion.listValue" >
                  and ${criterion.condition}
                  <foreach collection="criterion.value" item="listItem" open="(" close=")" separator="," >
                    #{listItem}
                  </foreach>
                </when>
              </choose>
            </foreach>
          </trim>
        </if>
      </foreach>
    </where>
  </sql>
  <sql id="Base_Column_List" >
    id, uuid, tenant_id, is_deleted, create_id, create_time, order_code, delete_time,
    remarks, attachment, name, intro, business, business_license, key_word, code, bak1,
    bak2, bak3, bak4, bak5,logo,office_phone,address
  </sql>
  <select id="selectByExample" resultMap="BaseResultMap" parameterType="cn.cecook.model.system.SysCompanyExample" >
    select
    <if test="distinct" >
      distinct
    </if>
    <include refid="Base_Column_List" />
    from sys_company
    <if test="_parameter != null" >
      <include refid="Example_Where_Clause" />
    </if>
    <if test="orderByClause != null" >
      order by ${orderByClause}
    </if>
  </select>
  <select id="selectByPrimaryKey" resultMap="BaseResultMap" parameterType="java.lang.Long" >
    select
    <include refid="Base_Column_List" />
    from sys_company
    where id = #{id,jdbcType=BIGINT}
  </select>
  <delete id="deleteByPrimaryKey" parameterType="java.lang.Long" >
    delete from sys_company
    where id = #{id,jdbcType=BIGINT}
  </delete>
  <delete id="deleteByExample" parameterType="cn.cecook.model.system.SysCompanyExample" >
    delete from sys_company
    <if test="_parameter != null" >
      <include refid="Example_Where_Clause" />
    </if>
  </delete>
  <insert id="insert" parameterType="cn.cecook.model.system.SysCompany" >
    insert into sys_company (id, uuid, tenant_id,
      is_deleted, create_id, create_time,
      order_code, delete_time, remarks,
      attachment, name, intro,
      business, business_license, key_word,
      code, bak1, bak2, bak3,
      bak4, bak5, logo,office_phone,address)
    values (#{id,jdbcType=BIGINT}, #{uuid,jdbcType=VARCHAR}, #{tenantId,jdbcType=VARCHAR},
      #{isDeleted,jdbcType=INTEGER}, #{createId,jdbcType=BIGINT}, #{createTime,jdbcType=TIMESTAMP},
      #{orderCode,jdbcType=VARCHAR}, #{deleteTime,jdbcType=TIMESTAMP}, #{remarks,jdbcType=VARCHAR},
      #{attachment,jdbcType=VARCHAR}, #{name,jdbcType=VARCHAR}, #{intro,jdbcType=VARCHAR},
      #{business,jdbcType=VARCHAR}, #{businessLicense,jdbcType=VARCHAR}, #{keyWord,jdbcType=VARCHAR},
      #{code,jdbcType=VARCHAR}, #{bak1,jdbcType=VARCHAR}, #{bak2,jdbcType=VARCHAR}, #{bak3,jdbcType=VARCHAR},
      #{bak4,jdbcType=VARCHAR}, #{bak5,jdbcType=VARCHAR},#{logo,jdbcType=VARCHAR},#{phone,jdbcType=VARCHAR},#{address,jdbcType=VARCHAR})
  </insert>
  <insert id="insertSelective" parameterType="cn.cecook.model.system.SysCompany" >
    insert into sys_company
    <trim prefix="(" suffix=")" suffixOverrides="," >
      <if test="id != null" >
        id,
      </if>
      <if test="uuid != null" >
        uuid,
      </if>
      <if test="tenantId != null" >
        tenant_id,
      </if>
      <if test="isDeleted != null" >
        is_deleted,
      </if>
      <if test="createId != null" >
        create_id,
      </if>
      <if test="createTime != null" >
        create_time,
      </if>
      <if test="orderCode != null" >
        order_code,
      </if>
      <if test="deleteTime != null" >
        delete_time,
      </if>
      <if test="remarks != null" >
        remarks,
      </if>
      <if test="attachment != null" >
        attachment,
      </if>
      <if test="name != null" >
        name,
      </if>
      <if test="intro != null" >
        intro,
      </if>
      <if test="business != null" >
        business,
      </if>
      <if test="businessLicense != null" >
        business_license,
      </if>
      <if test="keyWord != null" >
        key_word,
      </if>
      <if test="code != null" >
        code,
      </if>
      <!-- 2017.12.12 -->
     
      <if test="bak1 != null" >
        bak1,
      </if>
      <if test="bak2 != null" >
        bak2,
      </if>
      <if test="bak3 != null" >
        bak3,
      </if>
      <if test="bak4 != null" >
        bak4,
      </if>
      <if test="bak5 != null" >
        bak5,
      </if>
       <if test="logo != null" >
        logo,
      </if>
      <if test="phone != null" >
        office_phone,
      </if>
      <if test="address != null" >
        address
      </if>
      
    </trim>
    <trim prefix="values (" suffix=")" suffixOverrides="," >
      <if test="id != null" >
        #{id,jdbcType=BIGINT},
      </if>
      <if test="uuid != null" >
        #{uuid,jdbcType=VARCHAR},
      </if>
      <if test="tenantId != null" >
        #{tenantId,jdbcType=VARCHAR},
      </if>
      <if test="isDeleted != null" >
        #{isDeleted,jdbcType=INTEGER},
      </if>
      <if test="createId != null" >
        #{createId,jdbcType=BIGINT},
      </if>
      <if test="createTime != null" >
        #{createTime,jdbcType=TIMESTAMP},
      </if>
      <if test="orderCode != null" >
        #{orderCode,jdbcType=VARCHAR},
      </if>
      <if test="deleteTime != null" >
        #{deleteTime,jdbcType=TIMESTAMP},
      </if>
      <if test="remarks != null" >
        #{remarks,jdbcType=VARCHAR},
      </if>
      <if test="attachment != null" >
        #{attachment,jdbcType=VARCHAR},
      </if>
      <if test="name != null" >
        #{name,jdbcType=VARCHAR},
      </if>
      <if test="intro != null" >
        #{intro,jdbcType=VARCHAR},
      </if>
      <if test="business != null" >
        #{business,jdbcType=VARCHAR},
      </if>
      <if test="businessLicense != null" >
        #{businessLicense,jdbcType=VARCHAR},
      </if>
      <if test="keyWord != null" >
        #{keyWord,jdbcType=VARCHAR},
      </if>
      <if test="code != null" >
        #{code,jdbcType=VARCHAR},
      </if>
      
      
      <if test="bak1 != null" >
        #{bak1,jdbcType=VARCHAR},
      </if>
      <if test="bak2 != null" >
        #{bak2,jdbcType=VARCHAR},
      </if>
      <if test="bak3 != null" >
        #{bak3,jdbcType=VARCHAR},
      </if>
      <if test="bak4 != null" >
        #{bak4,jdbcType=VARCHAR},
      </if>
      <if test="bak5 != null" >
        #{bak5,jdbcType=VARCHAR},
      </if>
      <if test="logo != null" >
        #{logo,jdbcType=VARCHAR},
      </if>
       <if test="phone != null" >
        #{phone,jdbcType=VARCHAR},
      </if>
      
      <if test="address != null" >
        #{address,jdbcType=VARCHAR}
      </if>
    </trim>
  </insert>
  <select id="countByExample" parameterType="cn.cecook.model.system.SysCompanyExample" resultType="java.lang.Integer" >
    select count(*) from sys_company
    <if test="_parameter != null" >
      <include refid="Example_Where_Clause" />
    </if>
  </select>
  <update id="updateByExampleSelective" parameterType="map" >
    update sys_company
    <set >
      <if test="record.id != null" >
        id = #{record.id,jdbcType=BIGINT},
      </if>
      <if test="record.uuid != null" >
        uuid = #{record.uuid,jdbcType=VARCHAR},
      </if>
      <if test="record.tenantId != null" >
        tenant_id = #{record.tenantId,jdbcType=VARCHAR},
      </if>
      <if test="record.isDeleted != null" >
        is_deleted = #{record.isDeleted,jdbcType=INTEGER},
      </if>
      <if test="record.createId != null" >
        create_id = #{record.createId,jdbcType=BIGINT},
      </if>
      <if test="record.createTime != null" >
        create_time = #{record.createTime,jdbcType=TIMESTAMP},
      </if>
      <if test="record.orderCode != null" >
        order_code = #{record.orderCode,jdbcType=VARCHAR},
      </if>
      <if test="record.deleteTime != null" >
        delete_time = #{record.deleteTime,jdbcType=TIMESTAMP},
      </if>
      <if test="record.remarks != null" >
        remarks = #{record.remarks,jdbcType=VARCHAR},
      </if>
      <if test="record.attachment != null" >
        attachment = #{record.attachment,jdbcType=VARCHAR},
      </if>
      <if test="record.name != null" >
        name = #{record.name,jdbcType=VARCHAR},
      </if>
      <if test="record.intro != null" >
        intro = #{record.intro,jdbcType=VARCHAR},
      </if>
      <if test="record.business != null" >
        business = #{record.business,jdbcType=VARCHAR},
      </if>
      <if test="record.businessLicense != null" >
        business_license = #{record.businessLicense,jdbcType=VARCHAR},
      </if>
      <if test="record.keyWord != null" >
        key_word = #{record.keyWord,jdbcType=VARCHAR},
      </if>
      <if test="record.code != null" >
        code = #{record.code,jdbcType=VARCHAR},
      </if>
      
      
      <if test="record.bak1 != null" >
        bak1 = #{record.bak1,jdbcType=VARCHAR},
      </if>
      <if test="record.bak2 != null" >
        bak2 = #{record.bak2,jdbcType=VARCHAR},
      </if>
      <if test="record.bak3 != null" >
        bak3 = #{record.bak3,jdbcType=VARCHAR},
      </if>
      <if test="record.bak4 != null" >
        bak4 = #{record.bak4,jdbcType=VARCHAR},
      </if>
      <if test="record.bak5 != null" >
        bak5 = #{record.bak5,jdbcType=VARCHAR},
      </if>
    </set>
    <if test="_parameter != null" >
      <include refid="Update_By_Example_Where_Clause" />
    </if>
  </update>
  <update id="updateByExample" parameterType="map" >
    update sys_company
    set id = #{record.id,jdbcType=BIGINT},
      uuid = #{record.uuid,jdbcType=VARCHAR},
      tenant_id = #{record.tenantId,jdbcType=VARCHAR},
      is_deleted = #{record.isDeleted,jdbcType=INTEGER},
      create_id = #{record.createId,jdbcType=BIGINT},
      create_time = #{record.createTime,jdbcType=TIMESTAMP},
      order_code = #{record.orderCode,jdbcType=VARCHAR},
      delete_time = #{record.deleteTime,jdbcType=TIMESTAMP},
      remarks = #{record.remarks,jdbcType=VARCHAR},
      attachment = #{record.attachment,jdbcType=VARCHAR},
      name = #{record.name,jdbcType=VARCHAR},
      intro = #{record.intro,jdbcType=VARCHAR},
      business = #{record.business,jdbcType=VARCHAR},
      business_license = #{record.businessLicense,jdbcType=VARCHAR},
      key_word = #{record.keyWord,jdbcType=VARCHAR},
      code = #{record.code,jdbcType=VARCHAR},
      bak1 = #{record.bak1,jdbcType=VARCHAR},
      bak2 = #{record.bak2,jdbcType=VARCHAR},
      bak3 = #{record.bak3,jdbcType=VARCHAR},
      bak4 = #{record.bak4,jdbcType=VARCHAR},
      bak5 = #{record.bak5,jdbcType=VARCHAR}
    <if test="_parameter != null" >
      <include refid="Update_By_Example_Where_Clause" />
    </if>
  </update>
  <update id="updateByPrimaryKeySelective" parameterType="cn.cecook.model.system.SysCompany" useGeneratedKeys="true" keyProperty="id" >
    update sys_company
    <set >
      <if test="uuid != null" >
        uuid = #{uuid,jdbcType=VARCHAR},
      </if>
      <if test="tenantId != null" >
        tenant_id = #{tenantId,jdbcType=VARCHAR},
      </if>
      <if test="isDeleted != null" >
        is_deleted = #{isDeleted,jdbcType=INTEGER},
      </if>
      <if test="createId != null" >
        create_id = #{createId,jdbcType=BIGINT},
      </if>
      <if test="createTime != null" >
        create_time = #{createTime,jdbcType=TIMESTAMP},
      </if>
      <if test="orderCode != null" >
        order_code = #{orderCode,jdbcType=VARCHAR},
      </if>
      <if test="deleteTime != null" >
        delete_time = #{deleteTime,jdbcType=TIMESTAMP},
      </if>
      <if test="remarks != null" >
        remarks = #{remarks,jdbcType=VARCHAR},
      </if>
      <if test="attachment != null" >
        attachment = #{attachment,jdbcType=VARCHAR},
      </if>
      <if test="name != null" >
        name = #{name,jdbcType=VARCHAR},
      </if>
      <if test="intro != null" >
        intro = #{intro,jdbcType=VARCHAR},
      </if>
      <if test="business != null" >
        business = #{business,jdbcType=VARCHAR},
      </if>
      <if test="businessLicense != null" >
        business_license = #{businessLicense,jdbcType=VARCHAR},
      </if>
      <if test="keyWord != null" >
        key_word = #{keyWord,jdbcType=VARCHAR},
      </if>
      <if test="code != null" >
        code = #{code,jdbcType=VARCHAR},
      </if>
      
     
      <if test="bak1 != null" >
        bak1 = #{bak1,jdbcType=VARCHAR},
      </if>
      <if test="bak2 != null" >
        bak2 = #{bak2,jdbcType=VARCHAR},
      </if>
      <if test="bak3 != null" >
        bak3 = #{bak3,jdbcType=VARCHAR},
      </if>
      <if test="bak4 != null" >
        bak4 = #{bak4,jdbcType=VARCHAR},
      </if>
      <if test="bak5 != null" >
        bak5 = #{bak5,jdbcType=VARCHAR},
      </if>
       <if test="logo != null" >
        logo = #{logo,jdbcType=VARCHAR},
      </if>
      <if test="phone != null" >
        office_phone = #{phone,jdbcType=VARCHAR},
      </if>
      <if test="address != null" >
        address = #{address,jdbcType=VARCHAR}
      </if>
    </set>
    where id = #{id,jdbcType=BIGINT}
  </update>
  <update id="updateByPrimaryKey" parameterType="cn.cecook.model.system.SysCompany" >
     update sys_company
    <set >
      <if test="uuid != null" >
        uuid = #{uuid,jdbcType=VARCHAR},
      </if>
      <if test="tenantId != null" >
        tenant_id = #{tenantId,jdbcType=VARCHAR},
      </if>
      <if test="isDeleted != null" >
        is_deleted = #{isDeleted,jdbcType=INTEGER},
      </if>
      <if test="createId != null" >
        create_id = #{createId,jdbcType=BIGINT},
      </if>
      <if test="createTime != null" >
        create_time = #{createTime,jdbcType=TIMESTAMP},
      </if>
      <if test="orderCode != null" >
        order_code = #{orderCode,jdbcType=VARCHAR},
      </if>
      <if test="deleteTime != null" >
        delete_time = #{deleteTime,jdbcType=TIMESTAMP},
      </if>
      <if test="remarks != null" >
        remarks = #{remarks,jdbcType=VARCHAR},
      </if>
      <if test="attachment != null" >
        attachment = #{attachment,jdbcType=VARCHAR},
      </if>
      <if test="name != null" >
        name = #{name,jdbcType=VARCHAR},
      </if>
      <if test="intro != null" >
        intro = #{intro,jdbcType=VARCHAR},
      </if>
      <if test="business != null" >
        business = #{business,jdbcType=VARCHAR},
      </if>
      <if test="businessLicense != null" >
        business_license = #{businessLicense,jdbcType=VARCHAR},
      </if>
      <if test="keyWord != null" >
        key_word = #{keyWord,jdbcType=VARCHAR},
      </if>
      <if test="code != null" >
        code = #{code,jdbcType=VARCHAR},
      </if>
      
     
      <if test="bak1 != null" >
        bak1 = #{bak1,jdbcType=VARCHAR},
      </if>
      <if test="bak2 != null" >
        bak2 = #{bak2,jdbcType=VARCHAR},
      </if>
      <if test="bak3 != null" >
        bak3 = #{bak3,jdbcType=VARCHAR},
      </if>
      <if test="bak4 != null" >
        bak4 = #{bak4,jdbcType=VARCHAR},
      </if>
      <if test="bak5 != null" >
        bak5 = #{bak5,jdbcType=VARCHAR},
      </if>
       <if test="logo != null" >
        logo = #{logo,jdbcType=VARCHAR},
      </if>
      <if test="phone != null" >
        office_phone = #{phone,jdbcType=VARCHAR},
      </if>
      <if test="address != null" >
        address = #{address,jdbcType=VARCHAR}
      </if>
    </set>
    where id = #{id,jdbcType=BIGINT}
  </update>
   	<!-- sunny -->
          <select id="findByName" parameterType="String" resultType="cn.cecook.model.system.SysCompany">
        select * from sys_company where name = #{name,jdbcType=VARCHAR}
    </select>

    <update id="updateSysCompanyByIDAndTid" parameterType="cn.cecook.model.system.SysCompany" >
    update sys_company
    set
      is_deleted = #{isDeleted,jdbcType=INTEGER},
      create_id = #{createId,jdbcType=BIGINT},
      create_time = #{createTime,jdbcType=TIMESTAMP},
      order_code = #{orderCode,jdbcType=VARCHAR},
      delete_time = #{deleteTime,jdbcType=TIMESTAMP},
      remarks = #{remarks,jdbcType=VARCHAR},
      attachment = #{attachment,jdbcType=VARCHAR},
      name = #{name,jdbcType=VARCHAR},
      intro = #{intro,jdbcType=VARCHAR},
      business = #{business,jdbcType=VARCHAR},
      business_license = #{businessLicense,jdbcType=VARCHAR},
      key_word = #{keyWord,jdbcType=VARCHAR},
      code = #{code,jdbcType=VARCHAR},
      
      bak1 = #{bak1,jdbcType=VARCHAR},
      bak2 = #{bak2,jdbcType=VARCHAR},
      bak3 = #{bak3,jdbcType=VARCHAR},
      bak4 = #{bak4,jdbcType=VARCHAR},
      bak5 = #{bak5,jdbcType=VARCHAR},
      logo = #{logo,jdbcType=VARCHAR},
     office_phone = #{phone,jdbcType=VARCHAR},
     address = #{address,jdbcType=VARCHAR}
    where id = #{id,jdbcType=BIGINT} and tenant_id = #{tenantId,jdbcType=VARCHAR}
    </update>

    <!-- sunny -->
    <select id="findByTenantId" parameterType="String" resultType="cn.cecook.model.system.SysCompany">
        select * from sys_company where tenant_id = #{tenantId,jdbcType=VARCHAR}
         </select>
    <select id="selectCompanyByTenantId" parameterType="String" resultType="cn.cecook.model.system.SysCompany">
        select
          id  id,
          uuid uuid,
	      tenant_id  tenantId,
	      is_deleted  isDeleted,
	      create_id  createId,
	      create_time  createTime,
	      order_code orderCode,
	      delete_time  deleteTime,
	      remarks  remarks,
	      attachment  attachment,
	      name  name,
	      intro  intro,
	      business  business,
	      business_license  businessLicense,
	      key_word  keyWord,
	      code  code,
	    
	      bak1  bak1,
	      bak2  bak2,
	      bak3  bak3,
	      bak4  bak4,
	      bak5  bak5,
	      logo  logo,
	     office_phone  phone,
	     address address
		from sys_company where tenant_id = #{tenant_id ,jdbcType=VARCHAR} 

    </select>  
    <update id="uploadBLicenseByTenantId" parameterType="cn.cecook.bean.system.CompanyModel">
    	update sys_company
    	set
    		business_license = #{b_license,jdbcType=VARCHAR}
    	where 
    		tenant_id = #{tenant_id,jdbcType=VARCHAR}
    </update>
    
    <!--上传logo -->
    <update id="uploadLogoByTenantId" parameterType="cn.cecook.bean.system.CompanyModel">
    	update sys_company
    	set
    		logo = #{logo,jdbcType=VARCHAR}
    	where 
    		tenant_id = #{tenant_id,jdbcType=VARCHAR}
    </update>
    
    
    <update id="delBLicenseByTenantId" parameterType="map">
  	 update sys_company
    	set
    		business_license = ''
    	where 
    		tenant_id = #{tenant_id,jdbcType=VARCHAR}
    </update>
    <update id="updateupdateKeyWordsByTid" parameterType="map">
     update sys_company
    	set
    		key_word = #{keyword,jdbcType=VARCHAR}
    	where 
    		tenant_id = #{tenant_id,jdbcType=VARCHAR} and is_deleted = 0
    </update>
  <!-- 根据租户id查询该租户的短信充值数量 -->
  <select id="selectSmsNumByTenantId" resultType="java.lang.Integer" parameterType="java.lang.String" >
    select 
    sms_num 
    from sys_company 
    where tenant_id = #{tenant_id,jdbcType=VARCHAR} 
  </select>
  <!-- 根据租户id增加该租户的短信充值数量 -->
   <update id="updateSmsNumByTenantId_add" parameterType="map">
  	 update sys_company set sms_num = sms_num + #{smsNum,jdbcType=INTEGER} 
     where tenant_id = #{tenantId,jdbcType=VARCHAR}
   </update>
   
  <!-- 根据租户id减少该租户的短信充值数量 -->
   <update id="updateSmsNumByTenantId_min" parameterType="map">
  	 update sys_company set sms_num = sms_num - #{smsNum,jdbcType=INTEGER} 
     where tenant_id = #{tenantId,jdbcType=VARCHAR} and sms_num &gt;= #{smsNum,jdbcType=INTEGER} 
   </update>
   <!-- 根据租户id查询行业标记 -->
  <select id="getIndustryByTenantId" parameterType="java.lang.String" resultType="java.lang.String">
  	select industry_type from sys_company
  	where tenant_id = #{tenantId,jdbcType=VARCHAR}
  </select>
</mapper>