<?xml version="1.0" encoding="UTF-8" ?>
<!DOCTYPE mapper PUBLIC "-//mybatis.org//DTD Mapper 3.0//EN" "http://mybatis.org/dtd/mybatis-3-mapper.dtd" >
<mapper namespace="cn.cecook.dao.system.SysDepartmentMapper" >
  <resultMap id="BaseResultMap" type="cn.cecook.model.system.SysDepartment" >
    <id column="id" property="id" jdbcType="BIGINT" />
    <result column="uuid" property="uuid" jdbcType="VARCHAR" />
    <result column="tenant_id" property="tenantId" jdbcType="VARCHAR" />
    <result column="is_deleted" property="isDeleted" jdbcType="INTEGER" />
    <result column="create_id" property="createId" jdbcType="BIGINT" />
    <result column="create_time" property="createTime" jdbcType="TIMESTAMP" />
    <result column="order_code" property="orderCode" jdbcType="VARCHAR" />
    <result column="delete_time" property="deleteTime" jdbcType="TIMESTAMP" />
    <result column="remarks" property="remarks" jdbcType="VARCHAR" />
    <result column="attachment" property="attachment" jdbcType="VARCHAR" />
    <result column="name" property="name" jdbcType="VARCHAR" />
    <result column="code" property="code" jdbcType="VARCHAR" />
    <result column="description" property="description" jdbcType="VARCHAR" />
    <result column="parent_dept_id" property="parentDeptId" jdbcType="BIGINT" />
    <result column="leader_id" property="leaderId" jdbcType="BIGINT" />
    <result column="bak1" property="bak1" jdbcType="VARCHAR" />
    <result column="bak2" property="bak2" jdbcType="VARCHAR" />
    <result column="bak3" property="bak3" jdbcType="VARCHAR" />
    <result column="bak4" property="bak4" jdbcType="VARCHAR" />
    <result column="bak5" property="bak5" jdbcType="VARCHAR" />
  </resultMap>
  <sql id="Example_Where_Clause" >
    <where >
      <foreach collection="oredCriteria" item="criteria" separator="or" >
        <if test="criteria.valid" >
          <trim prefix="(" suffix=")" prefixOverrides="and" >
            <foreach collection="criteria.criteria" item="criterion" >
              <choose >
                <when test="criterion.noValue" >
                  and ${criterion.condition}
                </when>
                <when test="criterion.singleValue" >
                  and ${criterion.condition} #{criterion.value}
                </when>
                <when test="criterion.betweenValue" >
                  and ${criterion.condition} #{criterion.value} and #{criterion.secondValue}
                </when>
                <when test="criterion.listValue" >
                  and ${criterion.condition}
                  <foreach collection="criterion.value" item="listItem" open="(" close=")" separator="," >
                    #{listItem}
                  </foreach>
                </when>
              </choose>
            </foreach>
          </trim>
        </if>
      </foreach>
    </where>
  </sql>
  <sql id="Update_By_Example_Where_Clause" >
    <where >
      <foreach collection="example.oredCriteria" item="criteria" separator="or" >
        <if test="criteria.valid" >
          <trim prefix="(" suffix=")" prefixOverrides="and" >
            <foreach collection="criteria.criteria" item="criterion" >
              <choose >
                <when test="criterion.noValue" >
                  and ${criterion.condition}
                </when>
                <when test="criterion.singleValue" >
                  and ${criterion.condition} #{criterion.value}
                </when>
                <when test="criterion.betweenValue" >
                  and ${criterion.condition} #{criterion.value} and #{criterion.secondValue}
                </when>
                <when test="criterion.listValue" >
                  and ${criterion.condition}
                  <foreach collection="criterion.value" item="listItem" open="(" close=")" separator="," >
                    #{listItem}
                  </foreach>
                </when>
              </choose>
            </foreach>
          </trim>
        </if>
      </foreach>
    </where>
  </sql>
  <sql id="Base_Column_List" >
    id, uuid, tenant_id, is_deleted, create_id, create_time, order_code, delete_time, 
    remarks, attachment, name, code, description, parent_dept_id, leader_id, bak1, bak2, 
    bak3, bak4, bak5
  </sql>
  <select id="selectByExample" resultMap="BaseResultMap" parameterType="cn.cecook.model.system.SysDepartmentExample" >
    select
    <if test="distinct" >
      distinct
    </if>
    <include refid="Base_Column_List" />
    from sys_department
    <if test="_parameter != null" >
      <include refid="Example_Where_Clause" />
    </if>
    <if test="orderByClause != null" >
      order by ${orderByClause}
    </if>
  </select>
  <select id="selectByPrimaryKey" resultMap="BaseResultMap" parameterType="java.lang.Long" >
    select 
    <include refid="Base_Column_List" />
    from sys_department
    where id = #{id,jdbcType=BIGINT}
  </select>
  <delete id="deleteByPrimaryKey" parameterType="java.lang.Long" >
    delete from sys_department
    where id = #{id,jdbcType=BIGINT}
  </delete>
  <delete id="deleteByExample" parameterType="cn.cecook.model.system.SysDepartmentExample" >
    delete from sys_department
    <if test="_parameter != null" >
      <include refid="Example_Where_Clause" />
    </if>
  </delete>
  <insert id="insert" parameterType="cn.cecook.model.system.SysDepartment" >
    insert into sys_department (id, uuid, tenant_id, 
      is_deleted, create_id, create_time, 
      order_code, delete_time, remarks, 
      attachment, name, code, 
      description, parent_dept_id, leader_id, 
      bak1, bak2, bak3, bak4, 
      bak5)
    values (#{id,jdbcType=BIGINT}, #{uuid,jdbcType=VARCHAR}, #{tenantId,jdbcType=VARCHAR}, 
      #{isDeleted,jdbcType=INTEGER}, #{createId,jdbcType=BIGINT}, #{createTime,jdbcType=TIMESTAMP}, 
      #{orderCode,jdbcType=VARCHAR}, #{deleteTime,jdbcType=TIMESTAMP}, #{remarks,jdbcType=VARCHAR}, 
      #{attachment,jdbcType=VARCHAR}, #{name,jdbcType=VARCHAR}, #{code,jdbcType=VARCHAR}, 
      #{description,jdbcType=VARCHAR}, #{parentDeptId,jdbcType=BIGINT}, #{leaderId,jdbcType=BIGINT}, 
      #{bak1,jdbcType=VARCHAR}, #{bak2,jdbcType=VARCHAR}, #{bak3,jdbcType=VARCHAR}, #{bak4,jdbcType=VARCHAR}, 
      #{bak5,jdbcType=VARCHAR})
  </insert>
  <insert id="insertSelective" parameterType="cn.cecook.model.system.SysDepartment"  useGeneratedKeys="true" keyProperty="id">
    insert into sys_department
    <trim prefix="(" suffix=")" suffixOverrides="," >
      <if test="id != null" >
        id,
      </if>
      <if test="uuid != null" >
        uuid,
      </if>
      <if test="tenantId != null" >
        tenant_id,
      </if>
      <if test="isDeleted != null" >
        is_deleted,
      </if>
      <if test="createId != null" >
        create_id,
      </if>
      <if test="createTime != null" >
        create_time,
      </if>
      <if test="orderCode != null" >
        order_code,
      </if>
      <if test="deleteTime != null" >
        delete_time,
      </if>
      <if test="remarks != null" >
        remarks,
      </if>
      <if test="attachment != null" >
        attachment,
      </if>
      <if test="name != null" >
        name,
      </if>
      <if test="code != null" >
        code,
      </if>
      <if test="description != null" >
        description,
      </if>
      <if test="parentDeptId != null" >
        parent_dept_id,
      </if>
      <if test="leaderId != null" >
        leader_id,
      </if>
      <if test="bak1 != null" >
        bak1,
      </if>
      <if test="bak2 != null" >
        bak2,
      </if>
      <if test="bak3 != null" >
        bak3,
      </if>
      <if test="bak4 != null" >
        bak4,
      </if>
      <if test="bak5 != null" >
        bak5,
      </if>
    </trim>
    <trim prefix="values (" suffix=")" suffixOverrides="," >
      <if test="id != null" >
        #{id,jdbcType=BIGINT},
      </if>
      <if test="uuid != null" >
        #{uuid,jdbcType=VARCHAR},
      </if>
      <if test="tenantId != null" >
        #{tenantId,jdbcType=VARCHAR},
      </if>
      <if test="isDeleted != null" >
        #{isDeleted,jdbcType=INTEGER},
      </if>
      <if test="createId != null" >
        #{createId,jdbcType=BIGINT},
      </if>
      <if test="createTime != null" >
        #{createTime,jdbcType=TIMESTAMP},
      </if>
      <if test="orderCode != null" >
        #{orderCode,jdbcType=VARCHAR},
      </if>
      <if test="deleteTime != null" >
        #{deleteTime,jdbcType=TIMESTAMP},
      </if>
      <if test="remarks != null" >
        #{remarks,jdbcType=VARCHAR},
      </if>
      <if test="attachment != null" >
        #{attachment,jdbcType=VARCHAR},
      </if>
      <if test="name != null" >
        #{name,jdbcType=VARCHAR},
      </if>
      <if test="code != null" >
        #{code,jdbcType=VARCHAR},
      </if>
      <if test="description != null" >
        #{description,jdbcType=VARCHAR},
      </if>
      <if test="parentDeptId != null" >
        #{parentDeptId,jdbcType=BIGINT},
      </if>
      <if test="leaderId != null" >
        #{leaderId,jdbcType=BIGINT},
      </if>
      <if test="bak1 != null" >
        #{bak1,jdbcType=VARCHAR},
      </if>
      <if test="bak2 != null" >
        #{bak2,jdbcType=VARCHAR},
      </if>
      <if test="bak3 != null" >
        #{bak3,jdbcType=VARCHAR},
      </if>
      <if test="bak4 != null" >
        #{bak4,jdbcType=VARCHAR},
      </if>
      <if test="bak5 != null" >
        #{bak5,jdbcType=VARCHAR},
      </if>
    </trim>
  </insert>
  <select id="countByExample" parameterType="cn.cecook.model.system.SysDepartmentExample" resultType="java.lang.Integer" >
    select count(*) from sys_department
    <if test="_parameter != null" >
      <include refid="Example_Where_Clause" />
    </if>
  </select>
  <update id="updateByExampleSelective" parameterType="map" >
    update sys_department
    <set >
      <if test="record.id != null" >
        id = #{record.id,jdbcType=BIGINT},
      </if>
      <if test="record.uuid != null" >
        uuid = #{record.uuid,jdbcType=VARCHAR},
      </if>
      <if test="record.tenantId != null" >
        tenant_id = #{record.tenantId,jdbcType=VARCHAR},
      </if>
      <if test="record.isDeleted != null" >
        is_deleted = #{record.isDeleted,jdbcType=INTEGER},
      </if>
      <if test="record.createId != null" >
        create_id = #{record.createId,jdbcType=BIGINT},
      </if>
      <if test="record.createTime != null" >
        create_time = #{record.createTime,jdbcType=TIMESTAMP},
      </if>
      <if test="record.orderCode != null" >
        order_code = #{record.orderCode,jdbcType=VARCHAR},
      </if>
      <if test="record.deleteTime != null" >
        delete_time = #{record.deleteTime,jdbcType=TIMESTAMP},
      </if>
      <if test="record.remarks != null" >
        remarks = #{record.remarks,jdbcType=VARCHAR},
      </if>
      <if test="record.attachment != null" >
        attachment = #{record.attachment,jdbcType=VARCHAR},
      </if>
      <if test="record.name != null" >
        name = #{record.name,jdbcType=VARCHAR},
      </if>
      <if test="record.code != null" >
        code = #{record.code,jdbcType=VARCHAR},
      </if>
      <if test="record.description != null" >
        description = #{record.description,jdbcType=VARCHAR},
      </if>
      <if test="record.parentDeptId != null" >
        parent_dept_id = #{record.parentDeptId,jdbcType=BIGINT},
      </if>
      <if test="record.leaderId != null" >
        leader_id = #{record.leaderId,jdbcType=BIGINT},
      </if>
      <if test="record.bak1 != null" >
        bak1 = #{record.bak1,jdbcType=VARCHAR},
      </if>
      <if test="record.bak2 != null" >
        bak2 = #{record.bak2,jdbcType=VARCHAR},
      </if>
      <if test="record.bak3 != null" >
        bak3 = #{record.bak3,jdbcType=VARCHAR},
      </if>
      <if test="record.bak4 != null" >
        bak4 = #{record.bak4,jdbcType=VARCHAR},
      </if>
      <if test="record.bak5 != null" >
        bak5 = #{record.bak5,jdbcType=VARCHAR},
      </if>
    </set>
    <if test="_parameter != null" >
      <include refid="Update_By_Example_Where_Clause" />
    </if>
  </update>
  <update id="updateByExample" parameterType="map" >
    update sys_department
    set id = #{record.id,jdbcType=BIGINT},
      uuid = #{record.uuid,jdbcType=VARCHAR},
      tenant_id = #{record.tenantId,jdbcType=VARCHAR},
      is_deleted = #{record.isDeleted,jdbcType=INTEGER},
      create_id = #{record.createId,jdbcType=BIGINT},
      create_time = #{record.createTime,jdbcType=TIMESTAMP},
      order_code = #{record.orderCode,jdbcType=VARCHAR},
      delete_time = #{record.deleteTime,jdbcType=TIMESTAMP},
      remarks = #{record.remarks,jdbcType=VARCHAR},
      attachment = #{record.attachment,jdbcType=VARCHAR},
      name = #{record.name,jdbcType=VARCHAR},
      code = #{record.code,jdbcType=VARCHAR},
      description = #{record.description,jdbcType=VARCHAR},
      parent_dept_id = #{record.parentDeptId,jdbcType=BIGINT},
      leader_id = #{record.leaderId,jdbcType=BIGINT},
      bak1 = #{record.bak1,jdbcType=VARCHAR},
      bak2 = #{record.bak2,jdbcType=VARCHAR},
      bak3 = #{record.bak3,jdbcType=VARCHAR},
      bak4 = #{record.bak4,jdbcType=VARCHAR},
      bak5 = #{record.bak5,jdbcType=VARCHAR}
    <if test="_parameter != null" >
      <include refid="Update_By_Example_Where_Clause" />
    </if>
  </update>
  <update id="updateByPrimaryKeySelective" parameterType="cn.cecook.model.system.SysDepartment" >
    update sys_department
    <set >
      <if test="uuid != null" >
        uuid = #{uuid,jdbcType=VARCHAR},
      </if>
      <if test="tenantId != null" >
        tenant_id = #{tenantId,jdbcType=VARCHAR},
      </if>
      <if test="isDeleted != null" >
        is_deleted = #{isDeleted,jdbcType=INTEGER},
      </if>
      <if test="createId != null" >
        create_id = #{createId,jdbcType=BIGINT},
      </if>
      <if test="createTime != null" >
        create_time = #{createTime,jdbcType=TIMESTAMP},
      </if>
      <if test="orderCode != null" >
        order_code = #{orderCode,jdbcType=VARCHAR},
      </if>
      <if test="deleteTime != null" >
        delete_time = #{deleteTime,jdbcType=TIMESTAMP},
      </if>
      <if test="remarks != null" >
        remarks = #{remarks,jdbcType=VARCHAR},
      </if>
      <if test="attachment != null" >
        attachment = #{attachment,jdbcType=VARCHAR},
      </if>
      <if test="name != null" >
        name = #{name,jdbcType=VARCHAR},
      </if>
      <if test="code != null" >
        code = #{code,jdbcType=VARCHAR},
      </if>
      <if test="description != null" >
        description = #{description,jdbcType=VARCHAR},
      </if>
      <if test="parentDeptId != null" >
        parent_dept_id = #{parentDeptId,jdbcType=BIGINT},
      </if>
      <if test="leaderId != null" >
        leader_id = #{leaderId,jdbcType=BIGINT},
      </if>
      <if test="bak1 != null" >
        bak1 = #{bak1,jdbcType=VARCHAR},
      </if>
      <if test="bak2 != null" >
        bak2 = #{bak2,jdbcType=VARCHAR},
      </if>
      <if test="bak3 != null" >
        bak3 = #{bak3,jdbcType=VARCHAR},
      </if>
      <if test="bak4 != null" >
        bak4 = #{bak4,jdbcType=VARCHAR},
      </if>
      <if test="bak5 != null" >
        bak5 = #{bak5,jdbcType=VARCHAR},
      </if>
    </set>
    where id = #{id,jdbcType=BIGINT}
  </update>
  <update id="updateByPrimaryKey" parameterType="cn.cecook.model.system.SysDepartment" >
    update sys_department
    set uuid = #{uuid,jdbcType=VARCHAR},
      tenant_id = #{tenantId,jdbcType=VARCHAR},
      is_deleted = #{isDeleted,jdbcType=INTEGER},
      create_id = #{createId,jdbcType=BIGINT},
      create_time = #{createTime,jdbcType=TIMESTAMP},
      order_code = #{orderCode,jdbcType=VARCHAR},
      delete_time = #{deleteTime,jdbcType=TIMESTAMP},
      remarks = #{remarks,jdbcType=VARCHAR},
      attachment = #{attachment,jdbcType=VARCHAR},
      name = #{name,jdbcType=VARCHAR},
      code = #{code,jdbcType=VARCHAR},
      description = #{description,jdbcType=VARCHAR},
      parent_dept_id = #{parentDeptId,jdbcType=BIGINT},
      leader_id = #{leaderId,jdbcType=BIGINT},
      bak1 = #{bak1,jdbcType=VARCHAR},
      bak2 = #{bak2,jdbcType=VARCHAR},
      bak3 = #{bak3,jdbcType=VARCHAR},
      bak4 = #{bak4,jdbcType=VARCHAR},
      bak5 = #{bak5,jdbcType=VARCHAR}
    where id = #{id,jdbcType=BIGINT}
  </update>
  	<!-- 根据当前登录用户的tenant_id、部门id查询当前登录用户所管理的此部门下的账号和没有部门的账号的列表信息 sunny -->
	<select id="sysDepartmentDetailList" resultType="map">
		SELECT a.id sid,a.name sname,a.account saccount,a.email semail,a.job
		sjob,group_concat(c.name) roles,d.leader_id leadId,
		a.department_id sdepartmentId
		FROM
		sys_user a
		LEFT JOIN sys_department d on
		d.id=a.department_id
		LEFT JOIN sys_user_role b ON a.id = b.user_id
		LEFT
		JOIN sys_role c ON c.id = b.role_id
		where a.is_deleted=0
<!-- 		<if test="where.department_id != null ">
		and (a.department_id =${where.department_id} or a.department_id is null)
		</if> -->
		<if test="where.tenant_id!= null and where.tenant_id != '' ">
			and a.tenant_id ='${where.tenant_id}'
		</if>
		<if test="where.keyWord != null and where.keyWord != ''">
			and
			(a.name like '%${where.keyWord}%' or
			a.account like '%${where.keyWord}%' or
			a.job like '%${where.keyWord}%')
		</if>
		<!-- 此处role实为部门名称，避免出错未做修改 -->
		<if test="where.roles != null and where.roles != ''">
			and
			d.name = '${where.roles}' 
		</if>
		GROUP BY a.id
		<if test="orderby != null">order by ${orderby}</if>
		limit #{startIndex}, #{pageSize}
	</select>
	  	<!-- 根据当前登录用户的id、部门id查询当前登录用户所管理的此部门下的账号和没有部门的账号的列表信息总数 sunny -->
	<select id="sysDepartmentDetailListCount" resultType="java.lang.Integer">
		SELECT count(DISTINCT a.id)
		FROM
		sys_user a
		LEFT JOIN sys_department d on
		d.id=a.department_id
		LEFT JOIN sys_user_role b ON a.id = b.user_id
		LEFT
		JOIN sys_role c ON c.id = b.role_id
		where a.is_deleted=0
<!-- 		<if test="department_id != null ">
			and (a.department_id =${department_id} or a.department_id is null)
		</if> -->
		<if test="tenant_id!= null and tenant_id != '' ">
			and a.tenant_id ='${tenant_id}'
		</if>
		<if test="keyWord != null and keyWord != ''">
			and
			(a.name like '%${keyWord}%' or
			a.account like '%${keyWord}%' or
			a.job like '%${keyWord}%')
		</if>
		<if test="roles != null and roles != ''">
			and
			d.name = '${roles}' 
		</if>
	</select>
	<!-- 更新部门主管 sunny-->
	 <update id="updateleaderIdById" parameterType="cn.cecook.model.system.SysDepartment" >
    update sys_department
    <set >
      <if test="leaderId != null" >
        leader_id = #{leaderId,jdbcType=BIGINT},
      </if>
    </set>
    where id = #{id,jdbcType=BIGINT}
  </update>
  <!-- 更新部门成员，即更新user的departmentId  sunny -->
  	<update id="updatedepartmentIdById" >
		update sys_user
		set
		department_id = #{departmentId,jdbcType=BIGINT}
		where id = #{id,jdbcType=BIGINT}
	</update> 
	
	<select id="selectCountByPid" parameterType="map" resultType="int">
		select 
			count(id)
		from sys_department 
		where parent_dept_id = #{id,jdbcType=BIGINT} and tenant_id = #{tenant_id,jdbcType=VARCHAR} and is_deleted = 0
	</select>
	<select id="selectDepartmentById" parameterType="map" resultType="cn.cecook.model.system.SysDepartment">
		select 
			  id  id,
			  uuid  uuid,
		      tenant_id  tenantId,
		      is_deleted  isDeleted,
		      create_id  createId,
		      create_time  createTime,
		      order_code  orderCode,
		      delete_time  deleteTime,
		      remarks  remarks,
		      attachment  attachment,
		      name  name,
		      code  code,
		      description  description,
		      parent_dept_id  parentDeptId,
		      leader_id  leaderId,
		      bak1  bak1,
		      bak2  bak2,
		      bak3  bak3,
		      bak4  bak4,
		      bak5  bak5
		 from sys_department 
		 where id = #{id,jdbcType=BIGINT} and tenant_id = #{tenant_id,jdbcType=VARCHAR}
	</select>
	<update id="updateIsDeletedByDepart" parameterType="cn.cecook.model.system.SysDepartment">
		update sys_department 
		set
			is_deleted = #{isDeleted,jdbcType=INTEGER}
		where id = #{id,jdbcType=BIGINT} and tenant_id = #{tenantId,jdbcType=VARCHAR}
	</update>
	    <!-- 更新部门成员，選出當前部門的leadID  sunny -->
	<select id="findLeadId"  resultType="map">
		SELECT a.name sname, b.name leaderName,b.id sid
		FROM
		sys_department a
		LEFT JOIN sys_user b
		on a.leader_id=b.id
		where a.id = #{department_id,jdbcType=BIGINT}
		and a.tenant_id = #{tenant_id,jdbcType=VARCHAR}
	</select>
	
	<!-- 更新部门成员，選出當前部門的成员名字 sunny -->
	<select id="findMember"  resultType="map">
		select 
		id,name
		from sys_user
		where department_id = #{department_id,jdbcType=BIGINT} 
		and tenant_id = #{tenant_id,jdbcType=VARCHAR}
		and is_deleted = 0
	</select>
	 <!-- 删除在此部门下的所有成员  sunny -->
  	<update id="updatedepartmentIdBydepartment_id" >
		update sys_user
		set
		department_id =0
		where department_id = #{department_id,jdbcType=BIGINT}
	</update> 
	<!-- 根据租户ID获得所有部门 -->

	<select id="getAllChildNode2"  resultType="map">
		select id,name,parent_dept_id pid 
		from sys_department 
		where 1=1 
		and is_deleted = 0 
		and tenant_id = #{tenant_id,jdbcType=VARCHAR}
		limit #{startIndex}, #{pageSize} 
	</select>
  	<select id="getAllChildNode"  resultType="map">
		select id,name,parent_dept_id pid 
		from sys_department 
		where 1=1 
		and is_deleted = 0 
		and tenant_id = #{tenant_id,jdbcType=VARCHAR}
		
	</select>
  
</mapper>
