<?xml version="1.0" encoding="UTF-8"?>
<!DOCTYPE mapper PUBLIC "-//mybatis.org//DTD Mapper 3.0//EN" "http://mybatis.org/dtd/mybatis-3-mapper.dtd" >
<mapper namespace="cn.cecook.dao.system.SysDepartmentManagementMapper">
   <resultMap type="cn.cecook.model.system.SysDepartmentManagement" id="DepartmentManagementMap">
     <id column="id" property="id"/>
     <result column="uuid" property="uuid"/>
     <result column="is_deleted" property="isDeleted"/>
     <result column="tenant_id" property="tenantId"/>
     <result column="create_id" property="createId"/>
     <result column="create_time" property="createTime"/>
     <result column="order_code" property="orderCode"/>
     <result column="delete_time" property="deleteTime"/>
     <result column="remarks" property="remarks"/>
     <result column="attachment" property="attachment"/>
     <result column="name" property="name"/>
     <result column="code" property="code"/>
     <result column="description" property="description"/>
     <result column="parent_dept_id" property="parentDeptId"/>
     <result column="leader_id" property="leaderId"/>
     <result column="bak1" property="bak1"/>
     <result column="bak2" property="bak2"/>
     <result column="bak3" property="bak3"/>
     <result column="bak4" property="bak4"/>
     <result column="bak5" property="bak5"/>
     <association property="sysUser" javaType="cn.cecook.model.system.SysUser">
          <result column="user_name" property="name"/>
     </association>
   </resultMap>
   <resultMap type="cn.cecook.model.system.SysDepartmentManagement" id="OnlyDepartmentManagementMap">
      <id column="id" property="id"/>
     <result column="uuid" property="uuid"/>
     <result column="is_deleted" property="isDeleted"/>
     <result column="tenant_id" property="tenantId"/>
     <result column="create_id" property="createId"/>
     <result column="create_time" property="createTime"/>
     <result column="order_code" property="orderCode"/>
     <result column="delete_time" property="deleteTime"/>
     <result column="remarks" property="remarks"/>
     <result column="attachment" property="attachment"/>
     <result column="name" property="name"/>
     <result column="code" property="code"/>
     <result column="description" property="description"/>
     <result column="parent_dept_id" property="parentDeptId"/>
     <result column="leader_id" property="leaderId"/>
     <result column="bak1" property="bak1"/>
     <result column="bak2" property="bak2"/>
     <result column="bak3" property="bak3"/>
     <result column="bak4" property="bak4"/>
     <result column="bak5" property="bak5"/>
   </resultMap>
   
  <select id="Select_departmentANDuser_Bytenant_id" parameterType = "java.lang.String" resultMap ="DepartmentManagementMap">
      SELECT sys_department.*,
       sys_user.`name` user_name
       FROM 
       sys_department,
       sys_user
       WHERE sys_user.`id`  = sys_department.`leader_id`
        AND sys_department.`tenant_id` = #{value} 
         ORDER BY sys_department.`id`
  </select>
  <select id="Select_departmentBytenant_id" parameterType = "java.lang.String" resultMap ="OnlyDepartmentManagementMap">
       SELECT *
      
       FROM 
       sys_department
     
       WHERE is_deleted ='0' AND
       sys_department.`tenant_id` = #{value} 
         ORDER BY sys_department.`bak1`
  </select>
   <select id="Select_departmentBytenant_idandbak1" parameterType = "cn.cecook.model.system.SysDepartment" resultMap ="OnlyDepartmentManagementMap">
       SELECT *
      
       FROM 
       sys_department
     
       WHERE is_deleted ='0' AND
       sys_department.`tenant_id` = #{tenantId} and sys_department.`bak1` = #{bak1}
         ORDER BY sys_department.`id`
  </select>
  
  <select id="Select_departmentBybak1andtenant_id" parameterType = "cn.cecook.model.system.SysDepartment" resultMap ="OnlyDepartmentManagementMap">
     SELECT * FROM sys_department WHERE is_deleted ='0' AND tenant_id =#{tenantId} AND bak1=#{bak1}
  </select>
  <select id="Select_departmentByidandtenant_id" parameterType = "cn.cecook.model.system.SysDepartment" resultMap ="OnlyDepartmentManagementMap">
      SELECT * FROM sys_department WHERE is_deleted ='0' and tenant_id =#{tenantId} AND id=#{id}
  </select>
  
   <select id="Select_departmentforlikename" parameterType = "cn.cecook.model.system.SysDepartment" resultMap ="OnlyDepartmentManagementMap">
      SELECT * FROM sys_department WHERE id !=#{id} and is_deleted ='0' and  tenant_id =#{tenantId} 
  </select>
   <select id="select_department_limit" parameterType = "map" resultMap ="OnlyDepartmentManagementMap">
	SELECT *      
       FROM 
       sys_department
     
       WHERE is_deleted ='0' AND
       tenant_id = #{tenant_id} 
       limit ${startIndex},${pageSize}
   </select>
           
   <select id="select_department_nolimit" parameterType = "map" resultMap ="OnlyDepartmentManagementMap">
	SELECT *      
       FROM 
       sys_department
     
       WHERE is_deleted ='0' AND
       tenant_id = #{tenant_id} 
  </select>
  <select id="select_departmentByParentId" parameterType = "map" resultMap ="OnlyDepartmentManagementMap">
	SELECT *      
       FROM 
       sys_department
     
       WHERE is_deleted ='0' AND
       tenant_id = #{tenant_id} 
    	and parent_dept_id=#{parent_dept_id}
           </select>
</mapper>