<?xml version="1.0" encoding="UTF-8"?>
<!DOCTYPE mapper PUBLIC "-//mybatis.org//DTD Mapper 3.0//EN" "http://mybatis.org/dtd/mybatis-3-mapper.dtd" >
<mapper namespace = "cn.cecook.dao.system.SysMailAccountMapper" >
		 <resultMap type="cn.cecook.model.system.SysMailAccount" id="SysMailAccountMap">
		     	<id column = "id" property = "id"></id> 
				<result column="uuid" property="uuid"/>  
				<result column="tenant_id" property="tenantId"/>  
				<result column="is_deleted" property="isDeleted"/>  
				<result column="create_id" property="createId"/>  
				<result column="create_time" property="createTime"/>  
				<result column="order_code" property="orderCode"/>  
				<result column="delete_time" property="deleteTime"/>  
				<result column="remarks" property="remarks"/>
				<result column="attachment" property="attachment"/>    
				<result column="user_id" property="userId"/>  
				<result column="mail" property="mail"/>  
				<result column="type" property="type"/>  
				<result column="password" property="password"/>  
				<result column="command" property="command"/>  
				<result column="bind_status" property="bindStatus"/>  
				<result column="bak1" property="bak1"/>  
				<result column="bak2" property="bak2"/>  
				<result column="bak3" property="bak3"/>  
				<result column="bak4" property="bak4"/>  
				<result column="bak5" property="bak5"/>  
				
		   </resultMap>
	<insert id="insert_mail_account" parameterType="cn.cecook.model.system.SysMailAccount">
	     insert into sys_mail_account (uuid, tenant_id, 
      is_deleted, create_id,  
      order_code, delete_time, remarks, 
      attachment, user_id, mail, 
      type,password,command,bind_status, bak1, bak2, bak3, 
      bak4, bak5)
    values (#{uuid,jdbcType=VARCHAR}, #{tenantId,jdbcType=VARCHAR}, 
      #{isDeleted,jdbcType=INTEGER}, #{createId,jdbcType=INTEGER}, 
      #{orderCode,jdbcType=VARCHAR}, #{deleteTime,jdbcType=TIMESTAMP}, #{remarks,jdbcType=VARCHAR}, 
      #{attachment,jdbcType=VARCHAR},#{userId,jdbcType=BIGINT},#{mail,jdbcType=VARCHAR},#{type,jdbcType=VARCHAR},
      #{password,jdbcType=VARCHAR},#{command,jdbcType=VARCHAR},#{bindStatus,jdbcType=INTEGER},
      #{bak1,jdbcType=VARCHAR}, #{bak2,jdbcType=VARCHAR}, #{bak3,jdbcType=VARCHAR}, 
      #{bak4,jdbcType=VARCHAR}, #{bak5,jdbcType=VARCHAR})
	</insert>	   
	<update id="DeleteMailAccount" parameterType="cn.cecook.model.system.SysMailAccount">
	    UPDATE	sys_mail_account SET is_deleted='1',bind_status ='0' WHERE
	    is_deleted='0' and  bind_status='1' and
	      user_id =#{userId} and tenant_id = #{tenantId}
	</update>
	<select id="SelectMailAccount" parameterType="cn.cecook.model.system.SysMailAccount" resultMap="SysMailAccountMap">
	   SELECT * FROM sys_mail_account WHERE
       user_id =#{userId} and tenant_id = #{tenantId}
	   AND is_deleted='0'AND bind_status='1'
	</select>
	<select id="SelectMailAccountByAccount" parameterType="java.lang.String" resultMap="SysMailAccountMap">
	   SELECT * FROM sys_mail_account WHERE is_deleted='0' AND bind_status ='1' 
	   AND mail =#{mail}
	</select>
	<select id="SelectMailAccountforother" parameterType="cn.cecook.model.system.SysMailAccount" resultMap="SysMailAccountMap">
	  SELECT sys_mail_account.`mail`,sys_mail_account.`password`,sys_mail_account.`command`
      FROM sys_mail_account WHERE is_deleted='0' AND bind_status='1' AND
      sys_mail_account.`user_id`=#{userId}
	</select>
	<select id="SelectMailAccountforothers" parameterType="java.lang.String" resultMap="SysMailAccountMap">
	  SELECT sys_mail_account.`mail`,sys_mail_account.`password`,sys_mail_account.`command`
      FROM sys_mail_account WHERE is_deleted='0' AND bind_status='1' AND
      sys_mail_account.`tenant_id`='2c9700d75d0b9f9c015d0b9f9c320000'
	</select>
	
</mapper>