<?xml version="1.0" encoding="UTF-8" ?>
<!DOCTYPE mapper PUBLIC "-//mybatis.org//DTD Mapper 3.0//EN" "http://mybatis.org/dtd/mybatis-3-mapper.dtd" >
<mapper namespace="cn.cecook.dao.system.SysOperatorListMapper">
	<resultMap id="BaseResultMap" type="cn.cecook.model.system.SysOperatorList">
		<id column="id" property="id" jdbcType="INTEGER" />
		<result column="uuid" property="uuid" jdbcType="VARCHAR" />
		<result column="tenant_id" property="tenantId" jdbcType="VARCHAR" />
		<result column="create_time" property="createTime" jdbcType="TIMESTAMP" />
		<result column="is_deleted" property="isDeleted" jdbcType="INTEGER" />
		<result column="phone" property="phone" jdbcType="VARCHAR" />
		<result column="type" property="type" jdbcType="VARCHAR" />
		<result column="name" property="name" jdbcType="VARCHAR" />
		<result column="email" property="email" jdbcType="VARCHAR" />
	</resultMap>

	<sql id="Base_Column_List">
		id, uuid, tenant_id, create_time, is_deleted, phone, type, name,email
	</sql>

	<select id="selectByPrimaryKey" resultMap="BaseResultMap"
		parameterType="java.lang.Integer">
		select
		<include refid="Base_Column_List" />
		from sys_operator_list
		where id = #{id,jdbcType=INTEGER}
	</select>
	<delete id="deleteByPrimaryKey" parameterType="java.lang.Integer">
		delete from sys_operator_list
		where id = #{id,jdbcType=INTEGER}
	</delete>

	<insert id="insert" parameterType="cn.cecook.model.system.SysOperatorList">
		insert into sys_operator_list (id, uuid, tenant_id,
		create_time, is_deleted, phone,
		type, name)
		values (#{id,jdbcType=INTEGER}, #{uuid,jdbcType=VARCHAR},
		#{tenantId,jdbcType=VARCHAR},
		#{createTime,jdbcType=TIMESTAMP}, #{isDeleted,jdbcType=INTEGER}, #{phone,jdbcType=VARCHAR},
		#{type,jdbcType=VARCHAR}, #{name,jdbcType=VARCHAR})
	</insert>
	<insert id="insertSelective" parameterType="cn.cecook.model.system.SysOperatorList">
		insert into sys_operator_list
		<trim prefix="(" suffix=")" suffixOverrides=",">
			<if test="id != null">
				id,
			</if>
			<if test="uuid != null">
				uuid,
			</if>
			<if test="tenantId != null">
				tenant_id,
			</if>
			<if test="createTime != null">
				create_time,
			</if>
			<if test="isDeleted != null">
				is_deleted,
			</if>
			<if test="phone != null">
				phone,
			</if>
			<if test="type != null">
				type,
			</if>
			<if test="name != null">
				name,
			</if>
			<if test="email != null">
				email,
			</if>
		</trim>
		<trim prefix="values (" suffix=")" suffixOverrides=",">
			<if test="id != null">
				#{id,jdbcType=INTEGER},
			</if>
			<if test="uuid != null">
				#{uuid,jdbcType=VARCHAR},
			</if>
			<if test="tenantId != null">
				#{tenantId,jdbcType=VARCHAR},
			</if>
			<if test="createTime != null">
				#{createTime,jdbcType=TIMESTAMP},
			</if>
			<if test="isDeleted != null">
				#{isDeleted,jdbcType=INTEGER},
			</if>
			<if test="phone != null">
				#{phone,jdbcType=VARCHAR},
			</if>
			<if test="type != null">
				#{type,jdbcType=VARCHAR},
			</if>
			<if test="name != null">
				#{name,jdbcType=VARCHAR},
			</if>
			<if test="email != null">
				#{email,jdbcType=VARCHAR},
			</if>
		</trim>
	</insert>



	<update id="updateByPrimaryKeySelective" parameterType="cn.cecook.model.system.SysOperatorList">
		update sys_operator_list
		<set>
			<if test="uuid != null">
				uuid = #{uuid,jdbcType=VARCHAR},
			</if>
			<if test="tenantId != null">
				tenant_id = #{tenantId,jdbcType=VARCHAR},
			</if>
			<if test="createTime != null">
				create_time = #{createTime,jdbcType=TIMESTAMP},
			</if>
			<if test="isDeleted != null">
				is_deleted = #{isDeleted,jdbcType=INTEGER},
			</if>
			<if test="phone != null">
				phone = #{phone,jdbcType=VARCHAR},
			</if>
			<if test="type != null">
				type = #{type,jdbcType=VARCHAR},
			</if>
			<if test="name != null">
				name = #{name,jdbcType=VARCHAR},
			</if>
			<if test="email != null">
				email = #{email,jdbcType=VARCHAR},
			</if>
		</set>
		where id = #{id,jdbcType=INTEGER}
	</update>
	<update id="updateByPrimaryKey" parameterType="cn.cecook.model.system.SysOperatorList">
		update sys_operator_list
		set uuid = #{uuid,jdbcType=VARCHAR},
		tenant_id = #{tenantId,jdbcType=VARCHAR},
		create_time = #{createTime,jdbcType=TIMESTAMP},
		is_deleted = #{isDeleted,jdbcType=INTEGER},
		phone = #{phone,jdbcType=VARCHAR},
		type = #{type,jdbcType=VARCHAR},
		name = #{name,jdbcType=VARCHAR}
		where id = #{id,jdbcType=INTEGER}
	</update>


	<select id="queryList" parameterType="map" resultMap="BaseResultMap">
		select
		<include refid="Base_Column_List" />
		from sys_operator_list
		where is_deleted=0 and type=#{type}
	</select>
</mapper>