<?xml version="1.0" encoding="UTF-8"?>
<!DOCTYPE mapper PUBLIC "-//mybatis.org//DTD Mapper 3.0//EN" "http://mybatis.org/dtd/mybatis-3-mapper.dtd" >
<mapper namespace = "cn.cecook.dao.system.SysPersonInfoMapper" >
	<select id="select_UserByIdAndPassword" parameterType = "map" resultType ="java.lang.String">
	   SELECT sys_user.`account` FROM sys_user WHERE is_deleted ='0' 
	   AND sys_user.`id`=#{id} AND  sys_user.`pwd` =#{old_password}
	</select>
	<update id="Updata_Hobby" parameterType = "cn.cecook.model.system.SysUser">
	       UPDATE sys_user 
	       <set>
	         <if test="hobby!=null">
	         hobby = #{hobby} ,
	         </if>
	       </set>
	       WHERE id = #{id}
	</update>
	<update id="Updata_account" parameterType = "cn.cecook.model.system.SysUser">
	       UPDATE sys_user 
	       <set>
	         <if test="account!=null">
	         account = #{account} ,
	         </if>
	       </set>
	       WHERE id = #{id}
	</update>
	<update id="Update_PasswordByIdAndPassword" parameterType = "map">
	   UPDATE sys_user SET sys_user.`pwd`  = #{new_password}
    WHERE is_deleted ='0' AND sys_user.`id`=#{id} AND  sys_user.`pwd` =#{old_password}
    <!-- 修改姓名和邮箱 -->
	</update>
	<update id="Update_NameAndEmail" parameterType="cn.cecook.model.system.SysUser">
	  	UPDATE sys_user 
	  	<set>
	         <if test="name!=null">
	         name = #{name} ,
	         </if>
	         <if test="email!=null">
	         email = #{email} ,
	         </if>
	    </set>
	    WHERE id= #{id}
	</update>
	
</mapper>

