<?xml version="1.0" encoding="UTF-8" ?>
<!DOCTYPE mapper PUBLIC "-//mybatis.org//DTD Mapper 3.0//EN" "http://mybatis.org/dtd/mybatis-3-mapper.dtd" >
<mapper namespace="cn.cecook.dao.system.SysRoleAuthorityMapper">
    <resultMap id="BaseResultMap" type="cn.cecook.model.system.SysRoleAuthority">
        <id column="id" property="id" jdbcType="BIGINT"/>
        <result column="uuid" property="uuid" jdbcType="VARCHAR"/>
        <result column="tenant_id" property="tenantId" jdbcType="VARCHAR"/>
        <result column="is_deleted" property="isDeleted" jdbcType="INTEGER"/>
        <result column="create_id" property="createId" jdbcType="BIGINT"/>
        <result column="create_time" property="createTime" jdbcType="TIMESTAMP"/>
        <result column="order_code" property="orderCode" jdbcType="VARCHAR"/>
        <result column="delete_time" property="deleteTime" jdbcType="TIMESTAMP"/>
        <result column="remarks" property="remarks" jdbcType="VARCHAR"/>
        <result column="attachment" property="attachment" jdbcType="VARCHAR"/>
        <result column="role_id" property="roleId" jdbcType="BIGINT"/>
        <result column="authority_id" property="authorityId" jdbcType="BIGINT"/>
        <result column="authority_name" property="authorityName"
                jdbcType="VARCHAR"/>
        <result column="authority_name_en" property="authorityNameEn"
                jdbcType="VARCHAR"/>
        <result column="bak1" property="bak1" jdbcType="VARCHAR"/>
        <result column="bak2" property="bak2" jdbcType="VARCHAR"/>
        <result column="bak3" property="bak3" jdbcType="VARCHAR"/>
        <result column="bak4" property="bak4" jdbcType="VARCHAR"/>
        <result column="bak5" property="bak5" jdbcType="VARCHAR"/>
    </resultMap>
    <sql id="Example_Where_Clause">
        <where>
            <foreach collection="oredCriteria" item="criteria" separator="or">
                <if test="criteria.valid">
                    <trim prefix="(" suffix=")" prefixOverrides="and">
                        <foreach collection="criteria.criteria" item="criterion">
                            <choose>
                                <when test="criterion.noValue">
                                    and ${criterion.condition}
                                </when>
                                <when test="criterion.singleValue">
                                    and ${criterion.condition} #{criterion.value}
                                </when>
                                <when test="criterion.betweenValue">
                                    and ${criterion.condition} #{criterion.value} and
                                    #{criterion.secondValue}
                                </when>
                                <when test="criterion.listValue">
                                    and ${criterion.condition}
                                    <foreach collection="criterion.value" item="listItem"
                                             open="(" close=")" separator=",">
                                        #{listItem}
                                    </foreach>
                                </when>
                            </choose>
                        </foreach>
                    </trim>
                </if>
            </foreach>
        </where>
    </sql>
    <sql id="Update_By_Example_Where_Clause">
        <where>
            <foreach collection="example.oredCriteria" item="criteria"
                     separator="or">
                <if test="criteria.valid">
                    <trim prefix="(" suffix=")" prefixOverrides="and">
                        <foreach collection="criteria.criteria" item="criterion">
                            <choose>
                                <when test="criterion.noValue">
                                    and ${criterion.condition}
                                </when>
                                <when test="criterion.singleValue">
                                    and ${criterion.condition} #{criterion.value}
                                </when>
                                <when test="criterion.betweenValue">
                                    and ${criterion.condition} #{criterion.value} and
                                    #{criterion.secondValue}
                                </when>
                                <when test="criterion.listValue">
                                    and ${criterion.condition}
                                    <foreach collection="criterion.value" item="listItem"
                                             open="(" close=")" separator=",">
                                        #{listItem}
                                    </foreach>
                                </when>
                            </choose>
                        </foreach>
                    </trim>
                </if>
            </foreach>
        </where>
    </sql>
    <sql id="Base_Column_List">
		id, uuid, tenant_id, is_deleted, create_id, create_time, order_code,
		delete_time,
		remarks, attachment, role_id, authority_id, authority_name, authority_name_en,
		bak1,
		bak2, bak3, bak4, bak5
	</sql>
    <select id="selectByExample" resultMap="BaseResultMap"
            parameterType="cn.cecook.model.system.SysRoleAuthorityExample">
        select
        <if test="distinct">
            distinct
        </if>
        <include refid="Base_Column_List"/>
        from sys_role_authority
        <if test="_parameter != null">
            <include refid="Example_Where_Clause"/>
        </if>
        <if test="orderByClause != null">
            order by ${orderByClause}
        </if>
    </select>
    <select id="selectByPrimaryKey" resultMap="BaseResultMap"
            parameterType="java.lang.Long">
        select
        <include refid="Base_Column_List"/>
        from sys_role_authority
        where id = #{id,jdbcType=BIGINT}
    </select>
    <delete id="deleteByPrimaryKey" parameterType="java.lang.Long">
		delete from sys_role_authority
		where id = #{id,jdbcType=BIGINT}
	</delete>
    <delete id="deleteByExample" parameterType="cn.cecook.model.system.SysRoleAuthorityExample">
        delete from sys_role_authority
        <if test="_parameter != null">
            <include refid="Example_Where_Clause"/>
        </if>
    </delete>
    <insert id="insert" parameterType="cn.cecook.model.system.SysRoleAuthority">
		insert into sys_role_authority (id, uuid, tenant_id,
		is_deleted, create_id, create_time,
		order_code, delete_time, remarks,
		attachment, role_id, authority_id,
		authority_name, authority_name_en, bak1,
		bak2, bak3, bak4, bak5
		)
		values (#{id,jdbcType=BIGINT}, #{uuid,jdbcType=VARCHAR},
		#{tenantId,jdbcType=VARCHAR},
		#{isDeleted,jdbcType=INTEGER}, #{createId,jdbcType=BIGINT}, #{createTime,jdbcType=TIMESTAMP},
		#{orderCode,jdbcType=VARCHAR}, #{deleteTime,jdbcType=TIMESTAMP},
		#{remarks,jdbcType=VARCHAR},
		#{attachment,jdbcType=VARCHAR}, #{roleId,jdbcType=BIGINT}, #{authorityId,jdbcType=BIGINT},
		#{authorityName,jdbcType=VARCHAR},
		#{authorityNameEn,jdbcType=VARCHAR}, #{bak1,jdbcType=VARCHAR},
		#{bak2,jdbcType=VARCHAR}, #{bak3,jdbcType=VARCHAR},
		#{bak4,jdbcType=VARCHAR}, #{bak5,jdbcType=VARCHAR}
		)
	</insert>
    <insert id="insertSelective" parameterType="cn.cecook.model.system.SysRoleAuthority">
        insert into sys_role_authority
        <trim prefix="(" suffix=")" suffixOverrides=",">
            <if test="id != null">
                id,
            </if>
            <if test="uuid != null">
                uuid,
            </if>
            <if test="tenantId != null">
                tenant_id,
            </if>
            <if test="isDeleted != null">
                is_deleted,
            </if>
            <if test="createId != null">
                create_id,
            </if>
            <if test="createTime != null">
                create_time,
            </if>
            <if test="orderCode != null">
                order_code,
            </if>
            <if test="deleteTime != null">
                delete_time,
            </if>
            <if test="remarks != null">
                remarks,
            </if>
            <if test="attachment != null">
                attachment,
            </if>
            <if test="roleId != null">
                role_id,
            </if>
            <if test="authorityId != null">
                authority_id,
            </if>
            <if test="authorityName != null">
                authority_name,
            </if>
            <if test="authorityNameEn != null">
                authority_name_en,
            </if>
            <if test="bak1 != null">
                bak1,
            </if>
            <if test="bak2 != null">
                bak2,
            </if>
            <if test="bak3 != null">
                bak3,
            </if>
            <if test="bak4 != null">
                bak4,
            </if>
            <if test="bak5 != null">
                bak5,
            </if>
        </trim>
        <trim prefix="values (" suffix=")" suffixOverrides=",">
            <if test="id != null">
                #{id,jdbcType=BIGINT},
            </if>
            <if test="uuid != null">
                #{uuid,jdbcType=VARCHAR},
            </if>
            <if test="tenantId != null">
                #{tenantId,jdbcType=VARCHAR},
            </if>
            <if test="isDeleted != null">
                #{isDeleted,jdbcType=INTEGER},
            </if>
            <if test="createId != null">
                #{createId,jdbcType=BIGINT},
            </if>
            <if test="createTime != null">
                #{createTime,jdbcType=TIMESTAMP},
            </if>
            <if test="orderCode != null">
                #{orderCode,jdbcType=VARCHAR},
            </if>
            <if test="deleteTime != null">
                #{deleteTime,jdbcType=TIMESTAMP},
            </if>
            <if test="remarks != null">
                #{remarks,jdbcType=VARCHAR},
            </if>
            <if test="attachment != null">
                #{attachment,jdbcType=VARCHAR},
            </if>
            <if test="roleId != null">
                #{roleId,jdbcType=BIGINT},
            </if>
            <if test="authorityId != null">
                #{authorityId,jdbcType=BIGINT},
            </if>
            <if test="authorityName != null">
                #{authorityName,jdbcType=VARCHAR},
            </if>
            <if test="authorityNameEn != null">
                #{authorityNameEn,jdbcType=VARCHAR},
            </if>
            <if test="bak1 != null">
                #{bak1,jdbcType=VARCHAR},
            </if>
            <if test="bak2 != null">
                #{bak2,jdbcType=VARCHAR},
            </if>
            <if test="bak3 != null">
                #{bak3,jdbcType=VARCHAR},
            </if>
            <if test="bak4 != null">
                #{bak4,jdbcType=VARCHAR},
            </if>
            <if test="bak5 != null">
                #{bak5,jdbcType=VARCHAR},
            </if>
        </trim>
    </insert>
    <select id="countByExample" parameterType="cn.cecook.model.system.SysRoleAuthorityExample"
            resultType="java.lang.Integer">
        select count(*) from sys_role_authority
        <if test="_parameter != null">
            <include refid="Example_Where_Clause"/>
        </if>
    </select>
    <update id="updateByExampleSelective" parameterType="map">
        update sys_role_authority
        <set>
            <if test="record.id != null">
                id = #{record.id,jdbcType=BIGINT},
            </if>
            <if test="record.uuid != null">
                uuid = #{record.uuid,jdbcType=VARCHAR},
            </if>
            <if test="record.tenantId != null">
                tenant_id = #{record.tenantId,jdbcType=VARCHAR},
            </if>
            <if test="record.isDeleted != null">
                is_deleted = #{record.isDeleted,jdbcType=INTEGER},
            </if>
            <if test="record.createId != null">
                create_id = #{record.createId,jdbcType=BIGINT},
            </if>
            <if test="record.createTime != null">
                create_time = #{record.createTime,jdbcType=TIMESTAMP},
            </if>
            <if test="record.orderCode != null">
                order_code = #{record.orderCode,jdbcType=VARCHAR},
            </if>
            <if test="record.deleteTime != null">
                delete_time = #{record.deleteTime,jdbcType=TIMESTAMP},
            </if>
            <if test="record.remarks != null">
                remarks = #{record.remarks,jdbcType=VARCHAR},
            </if>
            <if test="record.attachment != null">
                attachment = #{record.attachment,jdbcType=VARCHAR},
            </if>
            <if test="record.roleId != null">
                role_id = #{record.roleId,jdbcType=BIGINT},
            </if>
            <if test="record.authorityId != null">
                authority_id = #{record.authorityId,jdbcType=BIGINT},
            </if>
            <if test="record.authorityName != null">
                authority_name = #{record.authorityName,jdbcType=VARCHAR},
            </if>
            <if test="record.authorityNameEn != null">
                authority_name_en = #{record.authorityNameEn,jdbcType=VARCHAR},
            </if>
            <if test="record.bak1 != null">
                bak1 = #{record.bak1,jdbcType=VARCHAR},
            </if>
            <if test="record.bak2 != null">
                bak2 = #{record.bak2,jdbcType=VARCHAR},
            </if>
            <if test="record.bak3 != null">
                bak3 = #{record.bak3,jdbcType=VARCHAR},
            </if>
            <if test="record.bak4 != null">
                bak4 = #{record.bak4,jdbcType=VARCHAR},
            </if>
            <if test="record.bak5 != null">
                bak5 = #{record.bak5,jdbcType=VARCHAR},
            </if>
        </set>
        <if test="_parameter != null">
            <include refid="Update_By_Example_Where_Clause"/>
        </if>
    </update>
    <update id="updateByExample" parameterType="map">
        update sys_role_authority
        set id = #{record.id,jdbcType=BIGINT},
        uuid = #{record.uuid,jdbcType=VARCHAR},
        tenant_id = #{record.tenantId,jdbcType=VARCHAR},
        is_deleted = #{record.isDeleted,jdbcType=INTEGER},
        create_id = #{record.createId,jdbcType=BIGINT},
        create_time = #{record.createTime,jdbcType=TIMESTAMP},
        order_code = #{record.orderCode,jdbcType=VARCHAR},
        delete_time = #{record.deleteTime,jdbcType=TIMESTAMP},
        remarks = #{record.remarks,jdbcType=VARCHAR},
        attachment = #{record.attachment,jdbcType=VARCHAR},
        role_id = #{record.roleId,jdbcType=BIGINT},
        authority_id = #{record.authorityId,jdbcType=BIGINT},
        authority_name = #{record.authorityName,jdbcType=VARCHAR},
        authority_name_en = #{record.authorityNameEn,jdbcType=VARCHAR},
        bak1 = #{record.bak1,jdbcType=VARCHAR},
        bak2 = #{record.bak2,jdbcType=VARCHAR},
        bak3 = #{record.bak3,jdbcType=VARCHAR},
        bak4 = #{record.bak4,jdbcType=VARCHAR},
        bak5 = #{record.bak5,jdbcType=VARCHAR}
        <if test="_parameter != null">
            <include refid="Update_By_Example_Where_Clause"/>
        </if>
    </update>
    <update id="updateByPrimaryKeySelective" parameterType="cn.cecook.model.system.SysRoleAuthority">
        update sys_role_authority
        <set>
            <if test="uuid != null">
                uuid = #{uuid,jdbcType=VARCHAR},
            </if>
            <if test="tenantId != null">
                tenant_id = #{tenantId,jdbcType=VARCHAR},
            </if>
            <if test="isDeleted != null">
                is_deleted = #{isDeleted,jdbcType=INTEGER},
            </if>
            <if test="createId != null">
                create_id = #{createId,jdbcType=BIGINT},
            </if>
            <if test="createTime != null">
                create_time = #{createTime,jdbcType=TIMESTAMP},
            </if>
            <if test="orderCode != null">
                order_code = #{orderCode,jdbcType=VARCHAR},
            </if>
            <if test="deleteTime != null">
                delete_time = #{deleteTime,jdbcType=TIMESTAMP},
            </if>
            <if test="remarks != null">
                remarks = #{remarks,jdbcType=VARCHAR},
            </if>
            <if test="attachment != null">
                attachment = #{attachment,jdbcType=VARCHAR},
            </if>
            <if test="roleId != null">
                role_id = #{roleId,jdbcType=BIGINT},
            </if>
            <if test="authorityId != null">
                authority_id = #{authorityId,jdbcType=BIGINT},
            </if>
            <if test="authorityName != null">
                authority_name = #{authorityName,jdbcType=VARCHAR},
            </if>
            <if test="authorityNameEn != null">
                authority_name_en = #{authorityNameEn,jdbcType=VARCHAR},
            </if>
            <if test="bak1 != null">
                bak1 = #{bak1,jdbcType=VARCHAR},
            </if>
            <if test="bak2 != null">
                bak2 = #{bak2,jdbcType=VARCHAR},
            </if>
            <if test="bak3 != null">
                bak3 = #{bak3,jdbcType=VARCHAR},
            </if>
            <if test="bak4 != null">
                bak4 = #{bak4,jdbcType=VARCHAR},
            </if>
            <if test="bak5 != null">
                bak5 = #{bak5,jdbcType=VARCHAR},
            </if>
        </set>
        where id = #{id,jdbcType=BIGINT}
    </update>
    <update id="updateByPrimaryKey" parameterType="cn.cecook.model.system.SysRoleAuthority">
		update sys_role_authority
		set uuid = #{uuid,jdbcType=VARCHAR},
		tenant_id = #{tenantId,jdbcType=VARCHAR},
		is_deleted = #{isDeleted,jdbcType=INTEGER},
		create_id = #{createId,jdbcType=BIGINT},
		create_time = #{createTime,jdbcType=TIMESTAMP},
		order_code = #{orderCode,jdbcType=VARCHAR},
		delete_time = #{deleteTime,jdbcType=TIMESTAMP},
		remarks = #{remarks,jdbcType=VARCHAR},
		attachment = #{attachment,jdbcType=VARCHAR},
		role_id = #{roleId,jdbcType=BIGINT},
		authority_id = #{authorityId,jdbcType=BIGINT},
		authority_name = #{authorityName,jdbcType=VARCHAR},
		authority_name_en = #{authorityNameEn,jdbcType=VARCHAR},
		bak1 = #{bak1,jdbcType=VARCHAR},
		bak2 = #{bak2,jdbcType=VARCHAR},
		bak3 = #{bak3,jdbcType=VARCHAR},
		bak4 = #{bak4,jdbcType=VARCHAR},
		bak5 = #{bak5,jdbcType=VARCHAR}
		where id = #{id,jdbcType=BIGINT}
	</update>

    <!-- LeeX -->
    <select id="selectAuthorityByParentCode" resultType="cn.cecook.model.system.SysAuthority"
            parameterType="map">
		select
		id id,
		uuid uuid,
		tenant_id tenantId,
		is_deleted isDeleted,
		create_id createId,
		create_time createTime,
		order_code orderCode,
		delete_time deleteTime,
		remarks remarks,
		attachment attachment,
		bak1 bak1,
		bak2 bak2,
		bak3 bak3,
		bak4 bak4,
		bak5 bak5,
		name name,
		name_en nameEn,
		type type,
		parent_code parentCode
		from sys_authority
		where tenant_id = #{tenant_id,jdbcType=VARCHAR} and role_id =
		#{role_id,jdbcType=BIGINT}
	</select>

    <select id="selectAuthorityByUid" resultType="cn.cecook.model.system.SysAuthority"
            parameterType="map">
		select
		id id,
		uuid uuid,
		tenant_id tenantId,
		is_deleted isDeleted,
		create_id createId,
		create_time createTime,
		order_code orderCode,
		delete_time deleteTime,
		remarks remarks,
		attachment attachment,
		bak1 bak1,
		bak2 bak2,
		bak3 bak3,
		bak4 bak4,
		bak5 bak5,
		name name,
		name_en nameEn,
		type type,
		parent_code parentCode
		from sys_authority
		where is_deleted = 0 and id in (
		select authority_id
		from sys_role_authority
		where tenant_id = #{tenant_id,jdbcType=VARCHAR} and role_id in (
		select role_id
		from sys_user_role
		where user_id = #{uid,jdbcType=BIGINT}
		and tenant_id = #{tenant_id,jdbcType=VARCHAR}
		))
	</select>

    <select id="selectAuthorityByRoleId" parameterType="map"
            resultType="cn.cecook.model.system.SysRoleAuthority">
		select
		id id,
		uuid uuid,
		tenant_id tenantId,
		is_deleted isDeleted,
		create_id createId,
		create_time createTime,
		order_code orderCode,
		delete_time deleteTime,
		remarks remarks,
		attachment attachment,
		role_id roleId,
		authority_id authorityId,
		authority_name authorityName,
		authority_name_en authorityNameEn,
		bak1 bak1,
		bak2 bak2,
		bak3 bak3,
		bak4 bak4,
		bak5 bak5
		from sys_role_authority
		where role_id = #{role_id,jdbcType=BIGINT} and tenant_id =
		#{tenant_id,jdbcType=VARCHAR}
	</select>

    <update id="deleteByRoleId" parameterType="map">
		update sys_role_authority set is_deleted=1 
		where role_id = #{role_id,jdbcType=BIGINT} and tenant_id =
		#{tenant_id,jdbcType=VARCHAR}
	</update>
    <select id="selectAuthorityById" parameterType="map"
            resultType="cn.cecook.model.system.SysAuthority">
		select
		id id,
		uuid uuid,
		tenant_id tenantId,
		is_deleted isDeleted,
		create_id createId,
		create_time createTime,
		order_code orderCode,
		delete_time deleteTime,
		remarks remarks,
		attachment attachment,
		bak1 bak1,
		bak2 bak2,
		bak3 bak3,
		bak4 bak4,
		bak5 bak5,
		name name,
		name_en nameEn,
		type type,
		parent_code parentCode
		from sys_authority
		where id = #{auth_id,jdbcType=BIGINT}
	</select>
    <update id="updateDelByRoleId" parameterType="map">
		update sys_role_authority
		set is_deleted = 1
		where role_id = #{role_id,jdbcType=BIGINT}
		and tenant_id = #{tenant_id,jdbcType=VARCHAR}
		and is_deleted = 0
	</update>
    <select id="selectBaseAuth" resultType="cn.cecook.model.system.SysAuthority"
            parameterType="map">
		select
		id id,
		uuid uuid,
		tenant_id tenantId,
		is_deleted isDeleted,
		create_id createId,
		create_time createTime,
		order_code orderCode,
		delete_time deleteTime,
		remarks remarks,
		attachment attachment,
		bak1 bak1,
		bak2 bak2,
		bak3 bak3,
		bak4 bak4,
		bak5 bak5,
		name name,
		name_en nameEn,
		type type,
		parent_code parentCode
		from sys_authority
		where bak1 = '1' and product_id = 0 and is_deleted = 0
	</select>
    <insert id="insertAuth" parameterType="cn.cecook.model.system.SysRoleAuthority">
		insert into sys_role_authority
		(uuid,tenant_id,is_deleted,create_id,create_time,order_code,delete_time,remarks,attachment,bak1,bak2,bak3,bak4,bak5,role_id,authority_id,authority_name,authority_name_en)
		values
		(uuid,tenantId,isDeleted,createId,createTime,orderCode,deleteTime,remarks,attachment,bak1,bak2,bak3,bak4,bak5,roleId,authorityId,authorityName,authorityNameEn)
	</insert>
    <!-- 查询模块下的权限分组 -->
    <select id="ListAuthorityGroup" resultType="cn.cecook.bean.system.AuthorityModel">
		SELECT t1.id,t1.name_en as nameEn,t1.name,t1.parent_code as parentCode,t1.weight as weight from sys_authority t1
		LEFT JOIN (SELECT id,name_en,`name` FROM sys_authority WHERE parent_code=0
		AND is_deleted=0) t2 ON t1.parent_code=t2.id

		WHERE is_deleted=0 AND t1.product_id =0
        ORDER BY parentCode,weight
	</select>
	<!-- 根据租户id查询最大用户所拥有的权限列表 -->
	<select id="ListAuthorityGroupByTenantId" parameterType="java.lang.String" resultType="cn.cecook.bean.system.AuthorityModel">
		SELECT
			t2.*
		FROM
			sys_role_authority t1
		INNER JOIN (
			SELECT
				id,
				name_en AS nameEn,
				NAME,
				parent_code AS parentCode,
				weight AS weight
			FROM
				sys_authority
			WHERE
				is_deleted = 0
			AND product_id = 0
		) t2 ON t2.id = t1.authority_id
		WHERE
			t1.role_id = (
				SELECT
					role_id
				FROM
					sys_user_role t3
				INNER JOIN (
					SELECT
						id
					FROM
						sys_role
					WHERE
						product_id IS NULL
				) t4 ON t3.role_id = t4.id
				WHERE
					is_deleted=0 and user_id IN (
						SELECT
							id
						FROM
							sys_user
						WHERE
							tenant_id = #{tenantId}
						AND bak3 = 'super'
					)
			)ORDER BY weight ASC;

	</select>
    
    <!-- 根据刚插入的角色获取全部的该角色对应的用户 -->
    <select id="getAllUserByRoleId" resultType="cn.cecook.model.system.SysUserRole"
            parameterType="java.lang.Long">
		SELECT a.user_id userId from sys_user_role a  where a.role_id = #{roleId,jdbcType=BIGINT}
	</select>
    <!-- 根据role_id和authority_id恢复权限 -->
    <update id="restoreByAuthIdsAndRoleId" parameterType="map">
        update sys_role_authority set is_deleted=0 where authority_id in
        <foreach item="item" index="index" collection="list" open="("
			separator="," close=")">
			#{item}
		</foreach>
		and role_id=#{role_id}
    </update>
</mapper>