<?xml version="1.0" encoding="UTF-8" ?>
<!DOCTYPE mapper PUBLIC "-//mybatis.org//DTD Mapper 3.0//EN" "http://mybatis.org/dtd/mybatis-3-mapper.dtd" >
<mapper namespace="cn.cecook.dao.system.SysRoleMapper">
    <resultMap id="BaseResultMap" type="cn.cecook.model.system.SysRole">
        <id column="id" property="id" jdbcType="BIGINT"/>
        <result column="uuid" property="uuid" jdbcType="VARCHAR"/>
        <result column="tenant_id" property="tenantId" jdbcType="VARCHAR"/>
        <result column="is_deleted" property="isDeleted" jdbcType="INTEGER"/>
        <result column="create_id" property="createId" jdbcType="BIGINT"/>
        <result column="create_time" property="createTime" jdbcType="TIMESTAMP"/>
        <result column="order_code" property="orderCode" jdbcType="VARCHAR"/>
        <result column="delete_time" property="deleteTime" jdbcType="TIMESTAMP"/>
        <result column="remarks" property="remarks" jdbcType="VARCHAR"/>
        <result column="attachment" property="attachment" jdbcType="VARCHAR"/>
        <result column="name" property="name" jdbcType="VARCHAR"/>
        <result column="description" property="description" jdbcType="VARCHAR"/>
        <result column="code" property="code" jdbcType="VARCHAR"/>
        <result column="bak1" property="bak1" jdbcType="VARCHAR"/>
        <result column="bak2" property="bak2" jdbcType="VARCHAR"/>
        <result column="bak3" property="bak3" jdbcType="VARCHAR"/>
        <result column="bak4" property="bak4" jdbcType="VARCHAR"/>
        <result column="bak5" property="bak5" jdbcType="VARCHAR"/>
        <result column="operation" property="operation" jdbcType="INTEGER"/>
    </resultMap>
    <sql id="Example_Where_Clause">
        <where>
            <foreach collection="oredCriteria" item="criteria" separator="or">
                <if test="criteria.valid">
                    <trim prefix="(" suffix=")" prefixOverrides="and">
                        <foreach collection="criteria.criteria" item="criterion">
                            <choose>
                                <when test="criterion.noValue">
                                    and ${criterion.condition}
                                </when>
                                <when test="criterion.singleValue">
                                    and ${criterion.condition} #{criterion.value}
                                </when>
                                <when test="criterion.betweenValue">
                                    and ${criterion.condition} #{criterion.value}
                                    and
                                    #{criterion.secondValue}
                                </when>
                                <when test="criterion.listValue">
                                    and ${criterion.condition}
                                    <foreach collection="criterion.value" item="listItem"
                                             open="(" close=")" separator=",">
                                        #{listItem}
                                    </foreach>
                                </when>
                            </choose>
                        </foreach>
                    </trim>
                </if>
            </foreach>
        </where>
    </sql>
    <sql id="Update_By_Example_Where_Clause">
        <where>
            <foreach collection="example.oredCriteria" item="criteria"
                     separator="or">
                <if test="criteria.valid">
                    <trim prefix="(" suffix=")" prefixOverrides="and">
                        <foreach collection="criteria.criteria" item="criterion">
                            <choose>
                                <when test="criterion.noValue">
                                    and ${criterion.condition}
                                </when>
                                <when test="criterion.singleValue">
                                    and ${criterion.condition} #{criterion.value}
                                </when>
                                <when test="criterion.betweenValue">
                                    and ${criterion.condition} #{criterion.value}
                                    and
                                    #{criterion.secondValue}
                                </when>
                                <when test="criterion.listValue">
                                    and ${criterion.condition}
                                    <foreach collection="criterion.value" item="listItem"
                                             open="(" close=")" separator=",">
                                        #{listItem}
                                    </foreach>
                                </when>
                            </choose>
                        </foreach>
                    </trim>
                </if>
            </foreach>
        </where>
    </sql>
    <sql id="Base_Column_List">
		id, uuid, tenant_id, is_deleted, create_id, create_time,
		order_code,
		delete_time,
		remarks, attachment, name, description, code,
		bak1, bak2, bak3, bak4, bak5,operation
	</sql>
    <select id="selectByExample" resultMap="BaseResultMap"
            parameterType="cn.cecook.model.system.SysRoleExample">
        select
        <if test="distinct">
            distinct
        </if>
        <include refid="Base_Column_List"/>
        from sys_role
        <if test="_parameter != null">
            <include refid="Example_Where_Clause"/>
        </if>
        <if test="orderByClause != null">
            order by ${orderByClause}
        </if>
    </select>
    <select id="selectByPrimaryKey" resultMap="BaseResultMap"
            parameterType="java.lang.Long">
        select
        <include refid="Base_Column_List"/>
        from sys_role
        where id = #{id,jdbcType=BIGINT} and is_deleted=0
    </select>
    <delete id="deleteByPrimaryKey" parameterType="java.lang.Integer">
		delete from
		sys_role
		where id = #{id,jdbcType=INTEGER}
	</delete>
    <delete id="deleteByExample" parameterType="cn.cecook.model.system.SysRoleExample">
        delete from sys_role
        <if test="_parameter != null">
            <include refid="Example_Where_Clause"/>
        </if>
    </delete>
    <insert id="insert" parameterType="cn.cecook.model.system.SysRole">
		insert into sys_role (id,
		uuid, tenant_id,
		is_deleted, create_id, create_time,
		order_code,
		delete_time, remarks,
		attachment, name, description,
		code, bak1, bak2,
		bak3,
		bak4, bak5)
		values (#{id,jdbcType=INTEGER},
		#{uuid,jdbcType=VARCHAR},
		#{tenantId,jdbcType=VARCHAR},
		#{isDeleted,jdbcType=INTEGER}, #{createId,jdbcType=INTEGER},
		#{createTime,jdbcType=TIMESTAMP},
		#{orderCode,jdbcType=VARCHAR},
		#{deleteTime,jdbcType=TIMESTAMP},
		#{remarks,jdbcType=VARCHAR},
		#{attachment,jdbcType=VARCHAR}, #{name,jdbcType=VARCHAR},
		#{description,jdbcType=VARCHAR},
		#{code,jdbcType=VARCHAR},
		#{bak1,jdbcType=VARCHAR},
		#{bak2,jdbcType=VARCHAR},
		#{bak3,jdbcType=VARCHAR},
		#{bak4,jdbcType=VARCHAR},
		#{bak5,jdbcType=VARCHAR})
	</insert>
    <insert id="insertSelective" parameterType="cn.cecook.model.system.SysRole"
            useGeneratedKeys="true" keyProperty="id">
        insert into sys_role
        <trim prefix="(" suffix=")" suffixOverrides=",">
            <if test="id != null">
                id,
            </if>
            <if test="uuid != null">
                uuid,
            </if>
            <if test="tenantId != null">
                tenant_id,
            </if>
            <if test="isDeleted != null">
                is_deleted,
            </if>
            <if test="createId != null">
                create_id,
            </if>
            <if test="createTime != null">
                create_time,
            </if>
            <if test="orderCode != null">
                order_code,
            </if>
            <if test="deleteTime != null">
                delete_time,
            </if>
            <if test="remarks != null">
                remarks,
            </if>
            <if test="attachment != null">
                attachment,
            </if>
            <if test="name != null">
                name,
            </if>
            <if test="description != null">
                description,
            </if>
            <if test="code != null">
                code,
            </if>
            <if test="bak1 != null">
                bak1,
            </if>
            <if test="bak2 != null">
                bak2,
            </if>
            <if test="bak3 != null">
                bak3,
            </if>
            <if test="bak4 != null">
                bak4,
            </if>
            <if test="bak5 != null">
                bak5,
            </if>

            <if test="operation != null">
                operation,
            </if>
            <if test="productId != null">
                product_id,
            </if>
            <if test="productRoleId != null">
                product_role_id,
            </if>
        </trim>
        <trim prefix="values (" suffix=")" suffixOverrides=",">
            <if test="id != null">
                #{id,jdbcType=BIGINT},
            </if>
            <if test="uuid != null">
                #{uuid,jdbcType=VARCHAR},
            </if>
            <if test="tenantId != null">
                #{tenantId,jdbcType=VARCHAR},
            </if>
            <if test="isDeleted != null">
                #{isDeleted,jdbcType=INTEGER},
            </if>
            <if test="createId != null">
                #{createId,jdbcType=BIGINT},
            </if>
            <if test="createTime != null">
                #{createTime,jdbcType=TIMESTAMP},
            </if>
            <if test="orderCode != null">
                #{orderCode,jdbcType=VARCHAR},
            </if>
            <if test="deleteTime != null">
                #{deleteTime,jdbcType=TIMESTAMP},
            </if>
            <if test="remarks != null">
                #{remarks,jdbcType=VARCHAR},
            </if>
            <if test="attachment != null">
                #{attachment,jdbcType=VARCHAR},
            </if>
            <if test="name != null">
                #{name,jdbcType=VARCHAR},
            </if>
            <if test="description != null">
                #{description,jdbcType=VARCHAR},
            </if>
            <if test="code != null">
                #{code,jdbcType=VARCHAR},
            </if>
            <if test="bak1 != null">
                #{bak1,jdbcType=VARCHAR},
            </if>
            <if test="bak2 != null">
                #{bak2,jdbcType=VARCHAR},
            </if>
            <if test="bak3 != null">
                #{bak3,jdbcType=VARCHAR},
            </if>
            <if test="bak4 != null">
                #{bak4,jdbcType=VARCHAR},
            </if>
            <if test="bak5 != null">
                #{bak5,jdbcType=VARCHAR},
            </if>
            <if test="operation != null">
                #{operation,jdbcType=INTEGER},
            </if>
            <if test="productId != null">
                #{productId,jdbcType=INTEGER},
            </if>
            <if test="productRoleId != null">
                #{productRoleId,jdbcType=INTEGER},
            </if>
        </trim>
    </insert>
    <select id="countByExample" parameterType="cn.cecook.model.system.SysRoleExample"
            resultType="java.lang.Integer">
        select count(*) from sys_role
        <if test="_parameter != null">
            <include refid="Example_Where_Clause"/>
        </if>
    </select>
    <update id="updateByExampleSelective" parameterType="map">
        update sys_role
        <set>
            <if test="record.id != null">
                id = #{record.id,jdbcType=BIGINT},
            </if>
            <if test="record.uuid != null">
                uuid = #{record.uuid,jdbcType=VARCHAR},
            </if>
            <if test="record.tenantId != null">
                tenant_id = #{record.tenantId,jdbcType=VARCHAR},
            </if>
            <if test="record.isDeleted != null">
                is_deleted = #{record.isDeleted,jdbcType=INTEGER},
            </if>
            <if test="record.createId != null">
                create_id = #{record.createId,jdbcType=BIGINT},
            </if>
            <if test="record.createTime != null">
                create_time = #{record.createTime,jdbcType=TIMESTAMP},
            </if>
            <if test="record.orderCode != null">
                order_code = #{record.orderCode,jdbcType=VARCHAR},
            </if>
            <if test="record.deleteTime != null">
                delete_time = #{record.deleteTime,jdbcType=TIMESTAMP},
            </if>
            <if test="record.remarks != null">
                remarks = #{record.remarks,jdbcType=VARCHAR},
            </if>
            <if test="record.attachment != null">
                attachment = #{record.attachment,jdbcType=VARCHAR},
            </if>
            <if test="record.name != null">
                name = #{record.name,jdbcType=VARCHAR},
            </if>
            <if test="record.description != null">
                description = #{record.description,jdbcType=VARCHAR},
            </if>
            <if test="record.code != null">
                code = #{record.code,jdbcType=VARCHAR},
            </if>
            <if test="record.bak1 != null">
                bak1 = #{record.bak1,jdbcType=VARCHAR},
            </if>
            <if test="record.bak2 != null">
                bak2 = #{record.bak2,jdbcType=VARCHAR},
            </if>
            <if test="record.bak3 != null">
                bak3 = #{record.bak3,jdbcType=VARCHAR},
            </if>
            <if test="record.bak4 != null">
                bak4 = #{record.bak4,jdbcType=VARCHAR},
            </if>
            <if test="record.bak5 != null">
                bak5 = #{record.bak5,jdbcType=VARCHAR},
            </if>
        </set>
        <if test="_parameter != null">
            <include refid="Update_By_Example_Where_Clause"/>
        </if>
    </update>
    <update id="updateByExample" parameterType="map">
        update sys_role
        set id = #{record.id,jdbcType=BIGINT},
        uuid =
        #{record.uuid,jdbcType=VARCHAR},
        tenant_id =
        #{record.tenantId,jdbcType=VARCHAR},
        is_deleted =
        #{record.isDeleted,jdbcType=INTEGER},
        create_id =
        #{record.createId,jdbcType=BIGINT},
        create_time =
        #{record.createTime,jdbcType=TIMESTAMP},
        order_code =
        #{record.orderCode,jdbcType=VARCHAR},
        delete_time =
        #{record.deleteTime,jdbcType=TIMESTAMP},
        remarks =
        #{record.remarks,jdbcType=VARCHAR},
        attachment =
        #{record.attachment,jdbcType=VARCHAR},
        name =
        #{record.name,jdbcType=VARCHAR},
        description =
        #{record.description,jdbcType=VARCHAR},
        code =
        #{record.code,jdbcType=VARCHAR},
        bak1 =
        #{record.bak1,jdbcType=VARCHAR},
        bak2 =
        #{record.bak2,jdbcType=VARCHAR},
        bak3 =
        #{record.bak3,jdbcType=VARCHAR},
        bak4 =
        #{record.bak4,jdbcType=VARCHAR},
        bak5 = #{record.bak5,jdbcType=VARCHAR}
        <if test="_parameter != null">
            <include refid="Update_By_Example_Where_Clause"/>
        </if>
    </update>
    <update id="updateByPrimaryKeySelective" parameterType="cn.cecook.model.system.SysRole">
        update sys_role
        <set>
            <if test="uuid != null">
                uuid = #{uuid,jdbcType=VARCHAR},
            </if>
            <if test="tenantId != null">
                tenant_id = #{tenantId,jdbcType=VARCHAR},
            </if>
            <if test="isDeleted != null">
                is_deleted = #{isDeleted,jdbcType=INTEGER},
            </if>
            <if test="createId != null">
                create_id = #{createId,jdbcType=BIGINT},
            </if>
            <if test="createTime != null">
                create_time = #{createTime,jdbcType=TIMESTAMP},
            </if>
            <if test="orderCode != null">
                order_code = #{orderCode,jdbcType=VARCHAR},
            </if>
            <if test="deleteTime != null">
                delete_time = #{deleteTime,jdbcType=TIMESTAMP},
            </if>
            <if test="remarks != null">
                remarks = #{remarks,jdbcType=VARCHAR},
            </if>
            <if test="attachment != null">
                attachment = #{attachment,jdbcType=VARCHAR},
            </if>
            <if test="name != null">
                name = #{name,jdbcType=VARCHAR},
            </if>
            <if test="description != null">
                description = #{description,jdbcType=VARCHAR},
            </if>
            <if test="code != null">
                code = #{code,jdbcType=VARCHAR},
            </if>
            <if test="bak1 != null">
                bak1 = #{bak1,jdbcType=VARCHAR},
            </if>
            <if test="bak2 != null">
                bak2 = #{bak2,jdbcType=VARCHAR},
            </if>
            <if test="bak3 != null">
                bak3 = #{bak3,jdbcType=VARCHAR},
            </if>
            <if test="bak4 != null">
                bak4 = #{bak4,jdbcType=VARCHAR},
            </if>
            <if test="bak5 != null">
                bak5 = #{bak5,jdbcType=VARCHAR},
            </if>
        </set>
        where id = #{id,jdbcType=INTEGER}
    </update>
    <update id="updateByPrimaryKey" parameterType="cn.cecook.model.system.SysRole">
		update sys_role
		set uuid = #{uuid,jdbcType=VARCHAR},
		tenant_id =
		#{tenantId,jdbcType=VARCHAR},
		is_deleted =
		#{isDeleted,jdbcType=INTEGER},
		create_id = #{createId,jdbcType=BIGINT},
		create_time = #{createTime,jdbcType=TIMESTAMP},
		order_code =
		#{orderCode,jdbcType=VARCHAR},
		delete_time =
		#{deleteTime,jdbcType=TIMESTAMP},
		remarks =
		#{remarks,jdbcType=VARCHAR},
		attachment =
		#{attachment,jdbcType=VARCHAR},
		name = #{name,jdbcType=VARCHAR},
		description = #{description,jdbcType=VARCHAR},
		code =
		#{code,jdbcType=VARCHAR},
		bak1 = #{bak1,jdbcType=VARCHAR},
		bak2 =
		#{bak2,jdbcType=VARCHAR},
		bak3 = #{bak3,jdbcType=VARCHAR},
		bak4 =
		#{bak4,jdbcType=VARCHAR},
		bak5 = #{bak5,jdbcType=VARCHAR}
		where id =
		#{id,jdbcType=INTEGER}
	</update>
    <select id="selectRoleByName" parameterType="map"
            resultType="cn.cecook.model.system.SysRole">
        select
        id id,
        uuid uuid,
        tenant_id tenantId,
        is_deleted
        isDeleted,
        create_id createId,
        create_time createTime,
        order_code
        orderCode,
        delete_time deleteTime,
        remarks remarks,
        attachment
        attachment,
        name name,
        description description,
        code code,
        bak1 bak1,
        bak2
        bak2,
        bak3 bak3,
        bak4 bak4,
        bak5 bak5
        from sys_role
        where is_deleted = 0
        and name = #{name,jdbcType=VARCHAR} and tenant_id =
        #{tenant_id,jdbcType=VARCHAR}
        <if test="id!=null and id!=''">
            and id!=#{id}
        </if>


    </select>

    <select id="selectRolesForPage" parameterType="cn.cecook.bean.system.PageBean"
            resultType="cn.cecook.model.system.SysRoleExample">
        select
        id id,
        uuid uuid,
        tenant_id tenantId,
        is_deleted isDeleted,
        create_id createId,
        DATE_FORMAT(create_time,'%Y-%m-%d %H:%i:%s')
        createTime,
        order_code orderCode,
        delete_time deleteTime,
        remarks
        remarks,
        attachment attachment,
        name name,
        description description,
        code
        code,
        bak1 bak1,
        bak2 bak2,
        bak3 bak3,
        bak4 bak4,
        bak5 bak5
        from sys_role
        where is_deleted = 0 and tenant_id = #{tenantId,jdbcType=VARCHAR}
        <if test="keyword != null and keyword != ''">
            and ( name like '%${keyword}%' or bak1 like
            '%${keyword}%')
        </if>
        limit #{index,jdbcType=BIGINT},#{pageNum,jdbcType=BIGINT}
    </select>
    <select id="selectRoleByRoleId" parameterType="map"
            resultType="cn.cecook.model.system.SysRole">
		select
		id id,
		uuid uuid,
		tenant_id tenantId,
		is_deleted
		isDeleted,
		create_id createId,
		create_time createTime,
		order_code
		orderCode,
		delete_time deleteTime,
		remarks remarks,
		attachment
		attachment,
		name name,
		description description,
		code code,
		bak1 bak1,
		bak2
		bak2,
		bak3 bak3,
		bak4 bak4,
		bak5 bak5
		from sys_role
		where id =
		#{role_id,jdbcType=BIGINT} and tenant_id =
		#{tenant_id,jdbcType=VARCHAR}
	</select>
    <select id="selectPageCount" parameterType="cn.cecook.bean.system.PageBean"
            resultType="int">
        select
        count(id)
        from sys_role
        where is_deleted = 0 and tenant_id =
        #{tenantId,jdbcType=VARCHAR}
        <if test="keyword != null and keyword != ''">
            and name like '%${keyword}%' or bak1 like '%${keyword}%'
        </if>
    </select>
    <update id="updateDelByRoleId" parameterType="map">
		update sys_role
		set
		is_deleted = #{is_deleted}
		where id = #{role_id,jdbcType=BIGINT} and
		tenant_id =
		#{tenant_id,jdbcType=VARCHAR}
	</update>
    <update id="updateRoleNameByRIdTId" parameterType="map">
        update sys_role
        set
        name = #{name,jdbcType=VARCHAR},
        <if test="description!=null">
            description=#{description},
        </if>
        <if test="operation!=null">
            operation=${operation},
        </if>
        bak1 = (select name from sys_user where id = #{uid,jdbcType=BIGINT}
        and tenant_id = #{tenant_id,jdbcType=VARCHAR}),
        bak2 = now()
        where id =
        ${role_id} and tenant_id =
        #{tenant_id,jdbcType=VARCHAR}
    </update>
    <insert id="insertRole" parameterType="cn.cecook.model.system.SysRole">
		insert into sys_role
		(id,uuid,tenant_id,is_deleted,create_id,create_time,order_code,delete_time,remarks,attachment,name,description,code,bak1,bak2,bak3,bak4,bak5)
		values (
		#{id},
		#{uuid},
		#{tenantId},
		#{isDeleted},
		#{createId},
		#{createTime},
		#{orderCode},
		#{deleteTime},
		#{remarks},
		#{attachment},
		#{name},
		#{description},
		#{code},
		#{bak1},
		#{bak2},
		#{bak3},
		#{bak4},
		#{bak5})
	</insert>
    <select id="selectAllRoleCodeByTid" parameterType="string"
            resultType="string">
		select
		code
		from sys_role
		where is_deleted = 0 and tenant_id =
		#{tenantId,jdbcType=VARCHAR}
	</select>
    <select id="selectAllUsedRole" resultType="cn.cecook.model.system.SysRole">
		select
		id id,
		uuid uuid,
		tenant_id tenantId,
		is_deleted isDeleted,
		create_id createId,
		create_time createTime,
		order_code orderCode,
		delete_time deleteTime,
		remarks remarks,
		attachment attachment,
		name name,
		description
		description,
		code code,
		bak1 bak1,
		bak2 bak2,
		bak3 bak3,
		bak4 bak4,
		bak5
		bak5
		from sys_role
		where is_deleted = 0

	</select>
    <select id="selectOneRoleAuths" parameterType="map" resultType="java.lang.Long">
		select
		authority_id
		from sys_role_authority
		where role_id =
		#{rid,jdbcType=BIGINT} and tenant_id =
		#{tid,jdbcType=VARCHAR} and
		is_deleted=0
	</select>

    <select id="RoleList" parameterType="map" resultType="map">
		SELECT
			t1.id,
			t1.`name`,
			IFNULL(t1.description, "") AS description,
			t1.operation,
			IFNULL(t3.total, 0) AS total,
			IFNULL(t4.authIds, "") AS authIds
		FROM
			sys_role t1
		LEFT JOIN (
			SELECT
			COUNT(1) AS total,
		  t5.role_id
		FROM
			sys_user_role t5,
			sys_user t6
		WHERE
			t5.user_id = t6.id
		AND t5.tenant_id = #{tenant_id}
		AND t5.is_deleted = 0
		AND t6.is_deleted = 0
			GROUP BY
				t5.role_id
		) t3 ON t3.role_id = t1.id
		LEFT JOIN (
			SELECT
				GROUP_CONCAT(authority_id SEPARATOR ',') AS authIds,
				role_id AS id
			FROM
				sys_role_authority
			GROUP BY
				role_id
		) t4 ON t1.id = t4.id
		WHERE
			t1.is_deleted = 0
		AND t1.tenant_id = #{tenant_id}
		AND product_id IS NULL
		ORDER BY
			create_time DESC
		limit
		#{startIndex},#{pageSize}
		;
	</select>
    <select id="CountRoleList" parameterType="java.lang.String"
            resultType="java.lang.Integer">
		SELECT count(1) FROM sys_role t1
		LEFT JOIN (SELECT count(1)
		AS total,t2.role_id from sys_user_role t2 where
		t2.is_deleted=0 and
		tenant_id=#{tenant_id} GROUP BY t2.role_id) t3 ON
		t3.role_id=t1.id
		WHERE t1.is_deleted=0 and t1.tenant_id=#{tenant_id} AND product_id is null
	</select>
    <select id="selectByProductRoleId" parameterType="map" resultType="cn.cecook.model.system.SysRole">
        select
        id id,
        uuid uuid,
        tenant_id tenantId,
        is_deleted
        isDeleted,
        create_id createId,
        create_time createTime,
        order_code
        orderCode,
        delete_time deleteTime,
        remarks remarks,
        attachment
        attachment,
        name name,
        description description,
        code code,
        bak1 bak1,
        bak2
        bak2,
        bak3 bak3,
        bak4 bak4,
        bak5 bak5
        from sys_role
        where is_deleted = 0
        and tenant_id = #{tenant_id,jdbcType=VARCHAR} 
		and product_id = #{productId,jdbcType=VARCHAR} 
		and product_role_id = #{crmRole,jdbcType=VARCHAR} 
    </select>
    <!-- 获取全部的url，用于判断是否是最后一页 -->
    <select id="getAllUrl" resultType="map">
		SELECT url from sys_authority where is_deleted = 0 and url is not null and url != "";
	</select>

</mapper>
