<?xml version="1.0" encoding="UTF-8" ?>
<!DOCTYPE mapper PUBLIC "-//mybatis.org//DTD Mapper 3.0//EN" "http://mybatis.org/dtd/mybatis-3-mapper.dtd" >
<mapper namespace="cn.cecook.dao.system.SysSmsCodeMapper">
	<resultMap id="BaseResultMap" type="cn.cecook.model.system.SysSmsCode">
		<id column="id" property="id" jdbcType="BIGINT" />
		<result column="uuid" property="uuid" jdbcType="VARCHAR" />
		<result column="tenant_id" property="tenantId" jdbcType="VARCHAR" />
		<result column="is_deleted" property="isDeleted" jdbcType="INTEGER" />
		<result column="create_id" property="createId" jdbcType="BIGINT" />
		<result column="create_time" property="createTime" jdbcType="TIMESTAMP" />
		<result column="order_code" property="orderCode" jdbcType="VARCHAR" />
		<result column="delete_time" property="deleteTime" jdbcType="TIMESTAMP" />
		<result column="remarks" property="remarks" jdbcType="VARCHAR" />
		<result column="attachment" property="attachment" jdbcType="VARCHAR" />
		<result column="mobile" property="mobile" jdbcType="VARCHAR" />
		<result column="check_code" property="checkCode" jdbcType="VARCHAR" />
		<result column="expire_time" property="expireTime" jdbcType="TIMESTAMP" />
		<result column="is_used" property="isUsed" jdbcType="INTEGER" />
		<result column="using_time" property="usingTime" jdbcType="TIMESTAMP" />
		<result column="bak1" property="bak1" jdbcType="VARCHAR" />
		<result column="bak2" property="bak2" jdbcType="VARCHAR" />
		<result column="bak3" property="bak3" jdbcType="VARCHAR" />
		<result column="bak4" property="bak4" jdbcType="VARCHAR" />
		<result column="bak5" property="bak5" jdbcType="VARCHAR" />
	</resultMap>
	<sql id="Example_Where_Clause">
		<where>
			<foreach collection="oredCriteria" item="criteria" separator="or">
				<if test="criteria.valid">
					<trim prefix="(" suffix=")" prefixOverrides="and">
						<foreach collection="criteria.criteria" item="criterion">
							<choose>
								<when test="criterion.noValue">
									and ${criterion.condition}
								</when>
								<when test="criterion.singleValue">
									and ${criterion.condition} #{criterion.value}
								</when>
								<when test="criterion.betweenValue">
									and ${criterion.condition} #{criterion.value} and
									#{criterion.secondValue}
								</when>
								<when test="criterion.listValue">
									and ${criterion.condition}
									<foreach collection="criterion.value" item="listItem"
										open="(" close=")" separator=",">
										#{listItem}
									</foreach>
								</when>
							</choose>
						</foreach>
					</trim>
				</if>
			</foreach>
		</where>
	</sql>
	<sql id="Update_By_Example_Where_Clause">
		<where>
			<foreach collection="example.oredCriteria" item="criteria"
				separator="or">
				<if test="criteria.valid">
					<trim prefix="(" suffix=")" prefixOverrides="and">
						<foreach collection="criteria.criteria" item="criterion">
							<choose>
								<when test="criterion.noValue">
									and ${criterion.condition}
								</when>
								<when test="criterion.singleValue">
									and ${criterion.condition} #{criterion.value}
								</when>
								<when test="criterion.betweenValue">
									and ${criterion.condition} #{criterion.value} and
									#{criterion.secondValue}
								</when>
								<when test="criterion.listValue">
									and ${criterion.condition}
									<foreach collection="criterion.value" item="listItem"
										open="(" close=")" separator=",">
										#{listItem}
									</foreach>
								</when>
							</choose>
						</foreach>
					</trim>
				</if>
			</foreach>
		</where>
	</sql>
	<sql id="Base_Column_List">
		id, uuid, tenant_id, is_deleted, create_id, create_time, order_code,
		delete_time,
		remarks, attachment, mobile, check_code, expire_time, is_used, using_time,
		bak1,
		bak2, bak3, bak4, bak5
	</sql>
	<select id="selectByExample" resultMap="BaseResultMap"
		parameterType="cn.cecook.model.system.SysSmsCodeExample">
		select
		<if test="distinct">
			distinct
		</if>
		<include refid="Base_Column_List" />
		from sys_sms_code
		<if test="_parameter != null">
			<include refid="Example_Where_Clause" />
		</if>
		<if test="orderByClause != null">
			order by ${orderByClause}
		</if>
	</select>
	<select id="selectByPrimaryKey" resultMap="BaseResultMap"
		parameterType="java.lang.Long">
		select
		<include refid="Base_Column_List" />
		from sys_sms_code
		where id = #{id,jdbcType=BIGINT}
	</select>
	<delete id="deleteByPrimaryKey" parameterType="java.lang.Long">
		delete from sys_sms_code
		where id = #{id,jdbcType=BIGINT}
	</delete>
	<delete id="deleteByExample" parameterType="cn.cecook.model.system.SysSmsCodeExample">
		delete from sys_sms_code
		<if test="_parameter != null">
			<include refid="Example_Where_Clause" />
		</if>
	</delete>
	<insert id="insert" parameterType="cn.cecook.model.system.SysSmsCode">
		insert into sys_sms_code (id, uuid, tenant_id,
		is_deleted, create_id, create_time,
		order_code, delete_time, remarks,
		attachment, mobile, check_code,
		expire_time, is_used, using_time,
		bak1, bak2, bak3, bak4,
		bak5)
		values (#{id,jdbcType=BIGINT}, #{uuid,jdbcType=VARCHAR},
		#{tenantId,jdbcType=VARCHAR},
		#{isDeleted,jdbcType=INTEGER}, #{createId,jdbcType=BIGINT}, #{createTime,jdbcType=TIMESTAMP},
		#{orderCode,jdbcType=VARCHAR}, #{deleteTime,jdbcType=TIMESTAMP},
		#{remarks,jdbcType=VARCHAR},
		#{attachment,jdbcType=VARCHAR}, #{mobile,jdbcType=VARCHAR}, #{checkCode,jdbcType=VARCHAR},
		#{expireTime,jdbcType=TIMESTAMP}, #{isUsed,jdbcType=INTEGER},
		#{usingTime,jdbcType=TIMESTAMP},
		#{bak1,jdbcType=VARCHAR}, #{bak2,jdbcType=VARCHAR}, #{bak3,jdbcType=VARCHAR},
		#{bak4,jdbcType=VARCHAR},
		#{bak5,jdbcType=VARCHAR})
	</insert>
	<insert id="insertSelective" parameterType="cn.cecook.model.system.SysSmsCode">
		insert into sys_sms_code
		<trim prefix="(" suffix=")" suffixOverrides=",">
			<if test="id != null">
				id,
			</if>
			<if test="uuid != null">
				uuid,
			</if>
			<if test="tenantId != null">
				tenant_id,
			</if>
			<if test="isDeleted != null">
				is_deleted,
			</if>
			<if test="createId != null">
				create_id,
			</if>
			<if test="createTime != null">
				create_time,
			</if>
			<if test="orderCode != null">
				order_code,
			</if>
			<if test="deleteTime != null">
				delete_time,
			</if>
			<if test="remarks != null">
				remarks,
			</if>
			<if test="attachment != null">
				attachment,
			</if>
			<if test="mobile != null">
				mobile,
			</if>
			<if test="checkCode != null">
				check_code,
			</if>
			<if test="expireTime != null">
				expire_time,
			</if>
			<if test="isUsed != null">
				is_used,
			</if>
			<if test="usingTime != null">
				using_time,
			</if>
			<if test="bak1 != null">
				bak1,
			</if>
			<if test="bak2 != null">
				bak2,
			</if>
			<if test="bak3 != null">
				bak3,
			</if>
			<if test="bak4 != null">
				bak4,
			</if>
			<if test="bak5 != null">
				bak5,
			</if>
		</trim>
		<trim prefix="values (" suffix=")" suffixOverrides=",">
			<if test="id != null">
				#{id,jdbcType=BIGINT},
			</if>
			<if test="uuid != null">
				#{uuid,jdbcType=VARCHAR},
			</if>
			<if test="tenantId != null">
				#{tenantId,jdbcType=VARCHAR},
			</if>
			<if test="isDeleted != null">
				#{isDeleted,jdbcType=INTEGER},
			</if>
			<if test="createId != null">
				#{createId,jdbcType=BIGINT},
			</if>
			<if test="createTime != null">
				#{createTime,jdbcType=TIMESTAMP},
			</if>
			<if test="orderCode != null">
				#{orderCode,jdbcType=VARCHAR},
			</if>
			<if test="deleteTime != null">
				#{deleteTime,jdbcType=TIMESTAMP},
			</if>
			<if test="remarks != null">
				#{remarks,jdbcType=VARCHAR},
			</if>
			<if test="attachment != null">
				#{attachment,jdbcType=VARCHAR},
			</if>
			<if test="mobile != null">
				#{mobile,jdbcType=VARCHAR},
			</if>
			<if test="checkCode != null">
				#{checkCode,jdbcType=VARCHAR},
			</if>
			<if test="expireTime != null">
				#{expireTime,jdbcType=TIMESTAMP},
			</if>
			<if test="isUsed != null">
				#{isUsed,jdbcType=INTEGER},
			</if>
			<if test="usingTime != null">
				#{usingTime,jdbcType=TIMESTAMP},
			</if>
			<if test="bak1 != null">
				#{bak1,jdbcType=VARCHAR},
			</if>
			<if test="bak2 != null">
				#{bak2,jdbcType=VARCHAR},
			</if>
			<if test="bak3 != null">
				#{bak3,jdbcType=VARCHAR},
			</if>
			<if test="bak4 != null">
				#{bak4,jdbcType=VARCHAR},
			</if>
			<if test="bak5 != null">
				#{bak5,jdbcType=VARCHAR},
			</if>
		</trim>
	</insert>
	<select id="countByExample" parameterType="cn.cecook.model.system.SysSmsCodeExample"
		resultType="java.lang.Integer">
		select count(*) from sys_sms_code
		<if test="_parameter != null">
			<include refid="Example_Where_Clause" />
		</if>
	</select>
	<update id="updateByExampleSelective" parameterType="map">
		update sys_sms_code
		<set>
			<if test="record.id != null">
				id = #{record.id,jdbcType=BIGINT},
			</if>
			<if test="record.uuid != null">
				uuid = #{record.uuid,jdbcType=VARCHAR},
			</if>
			<if test="record.tenantId != null">
				tenant_id = #{record.tenantId,jdbcType=VARCHAR},
			</if>
			<if test="record.isDeleted != null">
				is_deleted = #{record.isDeleted,jdbcType=INTEGER},
			</if>
			<if test="record.createId != null">
				create_id = #{record.createId,jdbcType=BIGINT},
			</if>
			<if test="record.createTime != null">
				create_time = #{record.createTime,jdbcType=TIMESTAMP},
			</if>
			<if test="record.orderCode != null">
				order_code = #{record.orderCode,jdbcType=VARCHAR},
			</if>
			<if test="record.deleteTime != null">
				delete_time = #{record.deleteTime,jdbcType=TIMESTAMP},
			</if>
			<if test="record.remarks != null">
				remarks = #{record.remarks,jdbcType=VARCHAR},
			</if>
			<if test="record.attachment != null">
				attachment = #{record.attachment,jdbcType=VARCHAR},
			</if>
			<if test="record.mobile != null">
				mobile = #{record.mobile,jdbcType=VARCHAR},
			</if>
			<if test="record.checkCode != null">
				check_code = #{record.checkCode,jdbcType=VARCHAR},
			</if>
			<if test="record.expireTime != null">
				expire_time = #{record.expireTime,jdbcType=TIMESTAMP},
			</if>
			<if test="record.isUsed != null">
				is_used = #{record.isUsed,jdbcType=INTEGER},
			</if>
			<if test="record.usingTime != null">
				using_time = #{record.usingTime,jdbcType=TIMESTAMP},
			</if>
			<if test="record.bak1 != null">
				bak1 = #{record.bak1,jdbcType=VARCHAR},
			</if>
			<if test="record.bak2 != null">
				bak2 = #{record.bak2,jdbcType=VARCHAR},
			</if>
			<if test="record.bak3 != null">
				bak3 = #{record.bak3,jdbcType=VARCHAR},
			</if>
			<if test="record.bak4 != null">
				bak4 = #{record.bak4,jdbcType=VARCHAR},
			</if>
			<if test="record.bak5 != null">
				bak5 = #{record.bak5,jdbcType=VARCHAR},
			</if>
		</set>
		<if test="_parameter != null">
			<include refid="Update_By_Example_Where_Clause" />
		</if>
	</update>
	<update id="updateByExample" parameterType="map">
		update sys_sms_code
		set id = #{record.id,jdbcType=BIGINT},
		uuid = #{record.uuid,jdbcType=VARCHAR},
		tenant_id = #{record.tenantId,jdbcType=VARCHAR},
		is_deleted = #{record.isDeleted,jdbcType=INTEGER},
		create_id = #{record.createId,jdbcType=BIGINT},
		create_time = #{record.createTime,jdbcType=TIMESTAMP},
		order_code = #{record.orderCode,jdbcType=VARCHAR},
		delete_time = #{record.deleteTime,jdbcType=TIMESTAMP},
		remarks = #{record.remarks,jdbcType=VARCHAR},
		attachment = #{record.attachment,jdbcType=VARCHAR},
		mobile = #{record.mobile,jdbcType=VARCHAR},
		check_code = #{record.checkCode,jdbcType=VARCHAR},
		expire_time = #{record.expireTime,jdbcType=TIMESTAMP},
		is_used = #{record.isUsed,jdbcType=INTEGER},
		using_time = #{record.usingTime,jdbcType=TIMESTAMP},
		bak1 = #{record.bak1,jdbcType=VARCHAR},
		bak2 = #{record.bak2,jdbcType=VARCHAR},
		bak3 = #{record.bak3,jdbcType=VARCHAR},
		bak4 = #{record.bak4,jdbcType=VARCHAR},
		bak5 = #{record.bak5,jdbcType=VARCHAR}
		<if test="_parameter != null">
			<include refid="Update_By_Example_Where_Clause" />
		</if>
	</update>
	<update id="updateByPrimaryKeySelective" parameterType="cn.cecook.model.system.SysSmsCode">
		update sys_sms_code
		<set>
			<if test="uuid != null">
				uuid = #{uuid,jdbcType=VARCHAR},
			</if>
			<if test="tenantId != null">
				tenant_id = #{tenantId,jdbcType=VARCHAR},
			</if>
			<if test="isDeleted != null">
				is_deleted = #{isDeleted,jdbcType=INTEGER},
			</if>
			<if test="createId != null">
				create_id = #{createId,jdbcType=BIGINT},
			</if>
			<if test="createTime != null">
				create_time = #{createTime,jdbcType=TIMESTAMP},
			</if>
			<if test="orderCode != null">
				order_code = #{orderCode,jdbcType=VARCHAR},
			</if>
			<if test="deleteTime != null">
				delete_time = #{deleteTime,jdbcType=TIMESTAMP},
			</if>
			<if test="remarks != null">
				remarks = #{remarks,jdbcType=VARCHAR},
			</if>
			<if test="attachment != null">
				attachment = #{attachment,jdbcType=VARCHAR},
			</if>
			<if test="mobile != null">
				mobile = #{mobile,jdbcType=VARCHAR},
			</if>
			<if test="checkCode != null">
				check_code = #{checkCode,jdbcType=VARCHAR},
			</if>
			<if test="expireTime != null">
				expire_time = #{expireTime,jdbcType=TIMESTAMP},
			</if>
			<if test="isUsed != null">
				is_used = #{isUsed,jdbcType=INTEGER},
			</if>
			<if test="usingTime != null">
				using_time = #{usingTime,jdbcType=TIMESTAMP},
			</if>
			<if test="bak1 != null">
				bak1 = #{bak1,jdbcType=VARCHAR},
			</if>
			<if test="bak2 != null">
				bak2 = #{bak2,jdbcType=VARCHAR},
			</if>
			<if test="bak3 != null">
				bak3 = #{bak3,jdbcType=VARCHAR},
			</if>
			<if test="bak4 != null">
				bak4 = #{bak4,jdbcType=VARCHAR},
			</if>
			<if test="bak5 != null">
				bak5 = #{bak5,jdbcType=VARCHAR},
			</if>
		</set>
		where id = #{id,jdbcType=BIGINT}
	</update>
	<update id="updateByPrimaryKey" parameterType="cn.cecook.model.system.SysSmsCode">
		update sys_sms_code
		set uuid = #{uuid,jdbcType=VARCHAR},
		tenant_id = #{tenantId,jdbcType=VARCHAR},
		is_deleted = #{isDeleted,jdbcType=INTEGER},
		create_id = #{createId,jdbcType=BIGINT},
		create_time = #{createTime,jdbcType=TIMESTAMP},
		order_code = #{orderCode,jdbcType=VARCHAR},
		delete_time = #{deleteTime,jdbcType=TIMESTAMP},
		remarks = #{remarks,jdbcType=VARCHAR},
		attachment = #{attachment,jdbcType=VARCHAR},
		mobile = #{mobile,jdbcType=VARCHAR},
		check_code = #{checkCode,jdbcType=VARCHAR},
		expire_time = #{expireTime,jdbcType=TIMESTAMP},
		is_used = #{isUsed,jdbcType=INTEGER},
		using_time = #{usingTime,jdbcType=TIMESTAMP},
		bak1 = #{bak1,jdbcType=VARCHAR},
		bak2 = #{bak2,jdbcType=VARCHAR},
		bak3 = #{bak3,jdbcType=VARCHAR},
		bak4 = #{bak4,jdbcType=VARCHAR},
		bak5 = #{bak5,jdbcType=VARCHAR}
		where id = #{id,jdbcType=BIGINT}
	</update>

	<insert id="insertCode" useGeneratedKeys="true"
		keyProperty="id" parameterType="cn.cecook.model.system.SysSmsCode">
		INSERT INTO sys_sms_code(mobile,check_code,expire_time)
		VALUES(#{mobile},#{checkCode},date_add(NOW(), interval 60 second));

	</insert>

	<insert id="insertCodeByTime" useGeneratedKeys="true"
		keyProperty="id" parameterType="cn.cecook.model.system.SysSmsCode">
		INSERT INTO sys_sms_code(mobile,check_code,expire_time)
		VALUES(#{mobile},#{checkCode},#{expireTime});

	</insert>
	<select id="selectCodeById" parameterType="long" resultType="cn.cecook.model.system.SysSmsCode">
		select
		<include refid="Base_Column_List" />
		from sys_sms_code
		where id = #{id,jdbcType=BIGINT}
	</select>
</mapper>