<?xml version="1.0" encoding="UTF-8" ?>
<!DOCTYPE mapper PUBLIC "-//mybatis.org//DTD Mapper 3.0//EN" "http://mybatis.org/dtd/mybatis-3-mapper.dtd" >
<mapper namespace="cn.cecook.dao.system.SysUserMapper">
    <resultMap id="BaseResultMap" type="cn.cecook.model.system.SysUser">
        <id column="id" property="id" jdbcType="BIGINT"/>
        <result column="uuid" property="uuid" jdbcType="VARCHAR"/>
        <result column="tenant_id" property="tenantId" jdbcType="VARCHAR"/>
        <result column="is_deleted" property="isDeleted" jdbcType="INTEGER"/>
        <result column="create_id" property="createId" jdbcType="BIGINT"/>
        <result column="create_time" property="createTime" jdbcType="TIMESTAMP"/>
        <result column="order_code" property="orderCode" jdbcType="VARCHAR"/>
        <result column="delete_time" property="deleteTime" jdbcType="TIMESTAMP"/>
        <result column="remarks" property="remarks" jdbcType="VARCHAR"/>
        <result column="attachment" property="attachment" jdbcType="VARCHAR"/>
        <result column="account" property="account" jdbcType="VARCHAR"/>
        <result column="phone" property="phone" jdbcType="VARCHAR"/>
        <result column="pwd" property="pwd" jdbcType="VARCHAR"/>
        <result column="name" property="name" jdbcType="VARCHAR"/>
        <result column="email" property="email" jdbcType="VARCHAR"/>
        <result column="district_name" property="districtName"
                jdbcType="VARCHAR"/>
        <result column="industry" property="industry" jdbcType="VARCHAR"/>
        <result column="company" property="company" jdbcType="VARCHAR"/>
        <result column="company_code" property="companyCode" jdbcType="VARCHAR"/>
        <result column="job" property="job" jdbcType="VARCHAR"/>
        <result column="hobby" property="hobby" jdbcType="VARCHAR"/>
        <result column="code" property="code" jdbcType="VARCHAR"/>
        <result column="status" property="status" jdbcType="INTEGER"/>
        <result column="department_id" property="departmentId"
                jdbcType="BIGINT"/>
        <result column="social_account" property="socialAccount"
                jdbcType="VARCHAR"/>
        <result column="avatar" property="avatar" jdbcType="VARCHAR"/>
        <result column="gender" property="gender" jdbcType="VARCHAR"/>
        <result column="bak1" property="bak1" jdbcType="VARCHAR"/>
        <result column="bak2" property="bak2" jdbcType="VARCHAR"/>
        <result column="bak3" property="bak3" jdbcType="VARCHAR"/>
        <result column="bak4" property="bak4" jdbcType="VARCHAR"/>
        <result column="bak5" property="bak5" jdbcType="VARCHAR"/>
        <result column="roles" property="roles" jdbcType="VARCHAR"/>
        <result column="stop_time" property="stopTime" jdbcType="TIMESTAMP"/>
        <result column="job_number" property="jobNumber" jdbcType="VARCHAR"/>
        <result column="department_name" property="departmentName" jdbcType="VARCHAR"/>
    </resultMap>
    <sql id="Example_Where_Clause">
        <where>
        
            <foreach collection="oredCriteria" item="criteria" separator="or">
                <if test="criteria.valid">
                    <trim prefix="(" suffix=")" prefixOverrides="and">
                        <foreach collection="criteria.criteria" item="criterion">
                            <choose>
                                <when test="criterion.noValue">
                                    and ${criterion.condition}
                                </when>
                                <when test="criterion.singleValue">
                                    and ${criterion.condition} #{criterion.value}
                                </when>
                                <when test="criterion.betweenValue">
                                    and ${criterion.condition} #{criterion.value}
                                    and
                                    #{criterion.secondValue}
                                </when>
                                <when test="criterion.listValue">
                                    and ${criterion.condition}
                                    <foreach collection="criterion.value" item="listItem"
                                             open="(" close=")" separator=",">
                                        #{listItem}
                                    </foreach>
                                </when>
                            </choose>
                        </foreach>
                    </trim>
                </if>
            </foreach>
        </where>
    </sql>
    <sql id="Update_By_Example_Where_Clause">
        <where>
            <foreach collection="example.oredCriteria" item="criteria"
                     separator="or">
                <if test="criteria.valid">
                    <trim prefix="(" suffix=")" prefixOverrides="and">
                        <foreach collection="criteria.criteria" item="criterion">
                            <choose>
                                <when test="criterion.noValue">
                                    and ${criterion.condition}
                                </when>
                                <when test="criterion.singleValue">
                                    and ${criterion.condition} #{criterion.value}
                                </when>
                                <when test="criterion.betweenValue">
                                    and ${criterion.condition} #{criterion.value}
                                    and
                                    #{criterion.secondValue}
                                </when>
                                <when test="criterion.listValue">
                                    and ${criterion.condition}
                                    <foreach collection="criterion.value" item="listItem"
                                             open="(" close=")" separator=",">
                                        #{listItem}
                                    </foreach>
                                </when>
                            </choose>
                        </foreach>
                    </trim>
                </if>
            </foreach>
        </where>
    </sql>
    <sql id="Base_Column_List">
		id, uuid, tenant_id, is_deleted, create_id, create_time,
		order_code,
		delete_time,
		remarks, attachment, account, phone, pwd, name,
		email, district_name,
		industry, company,
		company_code, job, hobby, code,
		status, department_id, social_account, avatar,
		gender,
		bak1, bak2, bak3,
		bak4, bak5
	</sql>
	<select id="selectByCount" resultMap="BaseResultMap"
            parameterType="cn.cecook.model.system.SysUserExample">
         select
        <include refid="Base_Column_List"/>
        from sys_user
       <if test="_parameter != null">
            <include refid="Example_Where_Clause"/>
        </if>
        and is_deleted=0
     </select>
    <select id="selectByExample" resultMap="BaseResultMap"
            parameterType="cn.cecook.model.system.SysUserExample">
        select
        <if test="distinct">
            distinct
        </if>
        <include refid="Base_Column_List"/>
        from sys_user
        <if test="_parameter != null">
            <include refid="Example_Where_Clause"/>
        </if>
        <if test="orderByClause != null">
         order by ${orderByClause}
        </if>
    </select>
    <select id="selectByPrimaryKey" resultMap="BaseResultMap"
            parameterType="java.lang.Long">
        select
        <include refid="Base_Column_List"/>
        from sys_user
        where id = #{id,jdbcType=BIGINT}
    </select>
    <!-- 查询所有user -->
    <select id="getUserAll" resultMap="BaseResultMap">
        select
        <include refid="Base_Column_List"/>
        from sys_user
        where is_deleted=0
		and tenant_id = #{tenantId,jdbcType=VARCHAR}
    </select>
    
    
    
    <delete id="deleteByPrimaryKey" parameterType="java.lang.Long">
		delete from
		sys_user
		where id = #{id,jdbcType=BIGINT}
	</delete>
    <delete id="deleteByExample" parameterType="cn.cecook.model.system.SysUserExample">
        delete from sys_user
        <if test="_parameter != null">
            <include refid="Example_Where_Clause"/>
        </if>
    </delete>
    <insert id="insert" parameterType="cn.cecook.model.system.SysUser">
		insert into sys_user (id,
		uuid, tenant_id,
		is_deleted, create_id, create_time,
		order_code,
		delete_time, remarks,
		attachment, account, phone,
		pwd, name, email,
		district_name,
		industry, company, company_code,
		job, hobby, code,
		status,
		department_id, social_account, avatar,
		gender, bak1, bak2,
		bak3,
		bak4, bak5)
		values (#{id,jdbcType=BIGINT}, #{uuid,jdbcType=VARCHAR},
		#{tenantId,jdbcType=VARCHAR},
		#{isDeleted,jdbcType=INTEGER},
		#{createId,jdbcType=BIGINT}, #{createTime,jdbcType=TIMESTAMP},
		#{orderCode,jdbcType=VARCHAR}, #{deleteTime,jdbcType=TIMESTAMP},
		#{remarks,jdbcType=VARCHAR},
		#{attachment,jdbcType=VARCHAR},
		#{account,jdbcType=VARCHAR}, #{phone,jdbcType=VARCHAR},
		#{pwd,jdbcType=VARCHAR}, #{name,jdbcType=VARCHAR},
		#{email,jdbcType=VARCHAR}, #{districtName,jdbcType=VARCHAR},
		#{industry,jdbcType=VARCHAR}, #{company,jdbcType=VARCHAR},
		#{companyCode,jdbcType=VARCHAR},
		#{job,jdbcType=VARCHAR},
		#{hobby,jdbcType=VARCHAR}, #{code,jdbcType=VARCHAR},
		#{status,jdbcType=INTEGER},
		#{departmentId,jdbcType=BIGINT},
		#{socialAccount,jdbcType=VARCHAR}, #{avatar,jdbcType=VARCHAR},
		#{gender,jdbcType=VARCHAR}, #{bak1,jdbcType=VARCHAR},
		#{bak2,jdbcType=VARCHAR},
		#{bak3,jdbcType=VARCHAR},
		#{bak4,jdbcType=VARCHAR}, #{bak5,jdbcType=VARCHAR})
	</insert>
    <insert id="insertSelective" parameterType="cn.cecook.model.system.SysUser"
            useGeneratedKeys="true" keyProperty="id">
        insert into sys_user
        <trim prefix="(" suffix=")" suffixOverrides=",">
            <if test="id != null">
                id,
            </if>
            <if test="uuid != null">
                uuid,
            </if>
            <if test="tenantId != null">
                tenant_id,
            </if>
            <if test="isDeleted != null">
                is_deleted,
            </if>
            <if test="createId != null">
                create_id,
            </if>
            <if test="createTime != null">
                create_time,
            </if>
            <if test="orderCode != null">
                order_code,
            </if>
            <if test="deleteTime != null">
                delete_time,
            </if>
            <if test="remarks != null">
                remarks,
            </if>
            <if test="attachment != null">
                attachment,
            </if>
            <if test="account != null">
                account,
            </if>
            <if test="phone != null">
                phone,
            </if>
            <if test="pwd != null">
                pwd,
            </if>
            <if test="name != null">
                name,
            </if>
            <if test="email != null">
                email,
            </if>
            <if test="jobNumber != null">
                job_number,
            </if>
            <if test="districtName != null">
                district_name,
            </if>
            <if test="industry != null">
                industry,
            </if>
            <if test="company != null">
                company,
            </if>
            <if test="companyCode != null">
                company_code,
            </if>
            <if test="job != null">
                job,
            </if>
            <if test="hobby != null">
                hobby,
            </if>
            <if test="code != null">
                code,
            </if>
            <if test="status != null">
                status,
            </if>
            <if test="departmentId != null">
                department_id,
            </if>
            <if test="socialAccount != null">
                social_account,
            </if>
            <if test="avatar != null">
                avatar,
            </if>
            <if test="gender != null">
                gender,
            </if>
            <if test="bak1 != null">
                bak1,
            </if>
            <if test="bak2 != null">
                bak2,
            </if>
            <if test="bak3 != null">
                bak3,
            </if>
            <if test="bak4 != null">
                bak4,
            </if>
            <if test="bak5 != null">
                bak5,
            </if>
            <if test="dataAuthority != null">
                data_authority,
            </if>
        </trim>
        <trim prefix="values (" suffix=")" suffixOverrides=",">
            <if test="id != null">
                #{id,jdbcType=BIGINT},
            </if>
            <if test="uuid != null">
                #{uuid,jdbcType=VARCHAR},
            </if>
            <if test="tenantId != null">
                #{tenantId,jdbcType=VARCHAR},
            </if>
            <if test="isDeleted != null">
                #{isDeleted,jdbcType=INTEGER},
            </if>
            <if test="createId != null">
                #{createId,jdbcType=BIGINT},
            </if>
            <if test="createTime != null">
                #{createTime,jdbcType=TIMESTAMP},
            </if>
            <if test="orderCode != null">
                #{orderCode,jdbcType=VARCHAR},
            </if>
            <if test="deleteTime != null">
                #{deleteTime,jdbcType=TIMESTAMP},
            </if>
            <if test="remarks != null">
                #{remarks,jdbcType=VARCHAR},
            </if>
            <if test="attachment != null">
                #{attachment,jdbcType=VARCHAR},
            </if>
            <if test="account != null">
                #{account,jdbcType=VARCHAR},
            </if>
            <if test="phone != null">
                #{phone,jdbcType=VARCHAR},
            </if>
            <if test="pwd != null">
                #{pwd,jdbcType=VARCHAR},
            </if>
            <if test="name != null">
                #{name,jdbcType=VARCHAR},
            </if>
            <if test="email != null">
                #{email,jdbcType=VARCHAR},
            </if>
            <if test="jobNumber != null">
                #{jobNumber,jdbcType=VARCHAR},
            </if>
            <if test="districtName != null">
                #{districtName,jdbcType=VARCHAR},
            </if>
            <if test="industry != null">
                #{industry,jdbcType=VARCHAR},
            </if>
            <if test="company != null">
                #{company,jdbcType=VARCHAR},
            </if>
            <if test="companyCode != null">
                #{companyCode,jdbcType=VARCHAR},
            </if>
            <if test="job != null">
                #{job,jdbcType=VARCHAR},
            </if>
            <if test="hobby != null">
                #{hobby,jdbcType=VARCHAR},
            </if>
            <if test="code != null">
                #{code,jdbcType=VARCHAR},
            </if>
            <if test="status != null">
                #{status,jdbcType=INTEGER},
            </if>
            <if test="departmentId != null">
                #{departmentId,jdbcType=BIGINT},
            </if>
            <if test="socialAccount != null">
                #{socialAccount,jdbcType=VARCHAR},
            </if>
            <if test="avatar != null">
                #{avatar,jdbcType=VARCHAR},
            </if>
            <if test="gender != null">
                #{gender,jdbcType=VARCHAR},
            </if>
            <if test="bak1 != null">
                #{bak1,jdbcType=VARCHAR},
            </if>
            <if test="bak2 != null">
                #{bak2,jdbcType=VARCHAR},
            </if>
            <if test="bak3 != null">
                #{bak3,jdbcType=VARCHAR},
            </if>
            <if test="bak4 != null">
                #{bak4,jdbcType=VARCHAR},
            </if>
            <if test="bak5 != null">
                #{bak5,jdbcType=VARCHAR},
            </if>
            <if test="dataAuthority != null">
                #{dataAuthority,jdbcType=VARCHAR},
            </if>
        </trim>
    </insert>
    <select id="countByExample" parameterType="cn.cecook.model.system.SysUserExample"
            resultType="java.lang.Integer">
        select count(*) from sys_user
        <if test="_parameter != null">
            <include refid="Example_Where_Clause"/>
        </if>
    </select>
    <update id="updateByExampleSelective" parameterType="map">
        update sys_user
        <set>
            <if test="record.id != null">
                id = #{record.id,jdbcType=BIGINT},
            </if>
            <if test="record.uuid != null">
                uuid = #{record.uuid,jdbcType=VARCHAR},
            </if>
            <if test="record.tenantId != null">
                tenant_id = #{record.tenantId,jdbcType=VARCHAR},
            </if>
            <if test="record.isDeleted != null">
                is_deleted = #{record.isDeleted,jdbcType=INTEGER},
            </if>
            <if test="record.createId != null">
                create_id = #{record.createId,jdbcType=BIGINT},
            </if>
            <if test="record.createTime != null">
                create_time = #{record.createTime,jdbcType=TIMESTAMP},
            </if>
            <if test="record.orderCode != null">
                order_code = #{record.orderCode,jdbcType=VARCHAR},
            </if>
            <if test="record.deleteTime != null">
                delete_time = #{record.deleteTime,jdbcType=TIMESTAMP},
            </if>
            <if test="record.remarks != null">
                remarks = #{record.remarks,jdbcType=VARCHAR},
            </if>
            <if test="record.attachment != null">
                attachment = #{record.attachment,jdbcType=VARCHAR},
            </if>
            <if test="record.account != null">
                account = #{record.account,jdbcType=VARCHAR},
            </if>
            <if test="record.phone != null">
                phone = #{record.phone,jdbcType=VARCHAR},
            </if>
            <if test="record.pwd != null">
                pwd = #{record.pwd,jdbcType=VARCHAR},
            </if>
            <if test="record.name != null">
                name = #{record.name,jdbcType=VARCHAR},
            </if>
            <if test="record.email != null">
                email = #{record.email,jdbcType=VARCHAR},
            </if>
            <if test="record.districtName != null">
                district_name = #{record.districtName,jdbcType=VARCHAR},
            </if>
            <if test="record.industry != null">
                industry = #{record.industry,jdbcType=VARCHAR},
            </if>
            <if test="record.company != null">
                company = #{record.company,jdbcType=VARCHAR},
            </if>
            <if test="record.companyCode != null">
                company_code = #{record.companyCode,jdbcType=VARCHAR},
            </if>
            <if test="record.job != null">
                job = #{record.job,jdbcType=VARCHAR},
            </if>
            <if test="record.hobby != null">
                hobby = #{record.hobby,jdbcType=VARCHAR},
            </if>
            <if test="record.code != null">
                code = #{record.code,jdbcType=VARCHAR},
            </if>
            <if test="record.status != null">
                status = #{record.status,jdbcType=INTEGER},
            </if>
            <if test="record.departmentId != null">
                department_id = #{record.departmentId,jdbcType=BIGINT},
            </if>
            <if test="record.socialAccount != null">
                social_account =
                #{record.socialAccount,jdbcType=VARCHAR},
            </if>
            <if test="record.avatar != null">
                avatar = #{record.avatar,jdbcType=VARCHAR},
            </if>
            <if test="record.gender != null">
                gender = #{record.gender,jdbcType=VARCHAR},
            </if>
            <if test="record.bak1 != null">
                bak1 = #{record.bak1,jdbcType=VARCHAR},
            </if>
            <if test="record.bak2 != null">
                bak2 = #{record.bak2,jdbcType=VARCHAR},
            </if>
            <if test="record.bak3 != null">
                bak3 = #{record.bak3,jdbcType=VARCHAR},
            </if>
            <if test="record.bak4 != null">
                bak4 = #{record.bak4,jdbcType=VARCHAR},
            </if>
            <if test="record.bak5 != null">
                bak5 = #{record.bak5,jdbcType=VARCHAR},
            </if>
        </set>
        <if test="_parameter != null">
            <include refid="Update_By_Example_Where_Clause"/>
        </if>
    </update>
    <update id="updateByExample" parameterType="map">
        update sys_user
        set id = #{record.id,jdbcType=BIGINT},
        uuid =
        #{record.uuid,jdbcType=VARCHAR},
        tenant_id =
        #{record.tenantId,jdbcType=VARCHAR},
        is_deleted =
        #{record.isDeleted,jdbcType=INTEGER},
        create_id =
        #{record.createId,jdbcType=BIGINT},
        create_time =
        #{record.createTime,jdbcType=TIMESTAMP},
        order_code =
        #{record.orderCode,jdbcType=VARCHAR},
        delete_time =
        #{record.deleteTime,jdbcType=TIMESTAMP},
        remarks =
        #{record.remarks,jdbcType=VARCHAR},
        attachment =
        #{record.attachment,jdbcType=VARCHAR},
        account =
        #{record.account,jdbcType=VARCHAR},
        phone =
        #{record.phone,jdbcType=VARCHAR},
        pwd = #{record.pwd,jdbcType=VARCHAR},
        name = #{record.name,jdbcType=VARCHAR},
        email =
        #{record.email,jdbcType=VARCHAR},
        district_name =
        #{record.districtName,jdbcType=VARCHAR},
        industry =
        #{record.industry,jdbcType=VARCHAR},
        company =
        #{record.company,jdbcType=VARCHAR},
        company_code =
        #{record.companyCode,jdbcType=VARCHAR},
        job =
        #{record.job,jdbcType=VARCHAR},
        hobby =
        #{record.hobby,jdbcType=VARCHAR},
        code =
        #{record.code,jdbcType=VARCHAR},
        status =
        #{record.status,jdbcType=INTEGER},
        department_id =
        #{record.departmentId,jdbcType=BIGINT},
        social_account =
        #{record.socialAccount,jdbcType=VARCHAR},
        avatar =
        #{record.avatar,jdbcType=VARCHAR},
        gender =
        #{record.gender,jdbcType=VARCHAR},
        bak1 =
        #{record.bak1,jdbcType=VARCHAR},
        bak2 =
        #{record.bak2,jdbcType=VARCHAR},
        bak3 =
        #{record.bak3,jdbcType=VARCHAR},
        bak4 =
        #{record.bak4,jdbcType=VARCHAR},
        bak5 = #{record.bak5,jdbcType=VARCHAR}
        <if test="_parameter != null">
            <include refid="Update_By_Example_Where_Clause"/>
        </if>
    </update>
    <update id="updateByPrimaryKeySelective" parameterType="cn.cecook.model.system.SysUser">
        update sys_user
        <set>
            <if test="uuid != null">
                uuid = #{uuid,jdbcType=VARCHAR},
            </if>
            <if test="tenantId != null">
                tenant_id = #{tenantId,jdbcType=VARCHAR},
            </if>
            <if test="isDeleted != null">
                is_deleted = #{isDeleted,jdbcType=INTEGER},
            </if>
            <if test="createId != null">
                create_id = #{createId,jdbcType=BIGINT},
            </if>
            <if test="createTime != null">
                create_time = #{createTime,jdbcType=TIMESTAMP},
            </if>
            <if test="orderCode != null">
                order_code = #{orderCode,jdbcType=VARCHAR},
            </if>
            <if test="deleteTime != null">
                delete_time = #{deleteTime,jdbcType=TIMESTAMP},
            </if>
            <if test="remarks != null">
                remarks = #{remarks,jdbcType=VARCHAR},
            </if>
            <if test="attachment != null">
                attachment = #{attachment,jdbcType=VARCHAR},
            </if>
            <if test="account != null">
                account = #{account,jdbcType=VARCHAR},
            </if>
            <if test="phone != null">
                phone = #{phone,jdbcType=VARCHAR},
            </if>
            <if test="pwd != null">
                pwd = #{pwd,jdbcType=VARCHAR},
            </if>
            <if test="name != null">
                name = #{name,jdbcType=VARCHAR},
            </if>
            <if test="email != null">
                email = #{email,jdbcType=VARCHAR},
            </if>
            <if test="jobNumber != null">
                job_number = #{jobNumber,jdbcType=VARCHAR},
            </if>
            <if test="districtName != null">
                district_name = #{districtName,jdbcType=VARCHAR},
            </if>
            <if test="industry != null">
                industry = #{industry,jdbcType=VARCHAR},
            </if>
            <if test="company != null">
                company = #{company,jdbcType=VARCHAR},
            </if>
            <if test="companyCode != null">
                company_code = #{companyCode,jdbcType=VARCHAR},
            </if>
            <if test="job != null">
                job = #{job,jdbcType=VARCHAR},
            </if>
            <if test="hobby != null">
                hobby = #{hobby,jdbcType=VARCHAR},
            </if>
            <if test="code != null">
                code = #{code,jdbcType=VARCHAR},
            </if>
            <if test="status != null">
                status = #{status,jdbcType=INTEGER},
            </if>
            <if test="departmentId != null">
                department_id = #{departmentId,jdbcType=BIGINT},
            </if>
            <if test="socialAccount != null">
                social_account = #{socialAccount,jdbcType=VARCHAR},
            </if>
            <if test="avatar != null">
                avatar = #{avatar,jdbcType=VARCHAR},
            </if>
            <if test="gender != null">
                gender = #{gender,jdbcType=VARCHAR},
            </if>
            <if test="bak1 != null">
                bak1 = #{bak1,jdbcType=VARCHAR},
            </if>
            <if test="bak2 != null">
                bak2 = #{bak2,jdbcType=VARCHAR},
            </if>
            <if test="bak3 != null">
                bak3 = #{bak3,jdbcType=VARCHAR},
            </if>
            <if test="bak4 != null">
                bak4 = #{bak4,jdbcType=VARCHAR},
            </if>
            <if test="bak5 != null">
                bak5 = #{bak5,jdbcType=VARCHAR},
            </if>
            <if test="stopTime != null">
                stop_time = #{stopTime,jdbcType=TIMESTAMP},
            </if>
             <if test="dataAuthority != null">
                data_authority = #{dataAuthority,jdbcType=INTEGER},
            </if>
        </set>
        where id = #{id,jdbcType=BIGINT}
    </update>
    <update id="updateByPrimaryKey" parameterType="cn.cecook.model.system.SysUser">
		update sys_user
		set uuid = #{uuid,jdbcType=VARCHAR},
		tenant_id =
		#{tenantId,jdbcType=VARCHAR},
		is_deleted =
		#{isDeleted,jdbcType=INTEGER},
		create_id = #{createId,jdbcType=BIGINT},
		create_time = #{createTime,jdbcType=TIMESTAMP},
		order_code =
		#{orderCode,jdbcType=VARCHAR},
		delete_time =
		#{deleteTime,jdbcType=TIMESTAMP},
		remarks =
		#{remarks,jdbcType=VARCHAR},
		attachment =
		#{attachment,jdbcType=VARCHAR},
		account = #{account,jdbcType=VARCHAR},
		phone = #{phone,jdbcType=VARCHAR},
		pwd = #{pwd,jdbcType=VARCHAR},
		name =
		#{name,jdbcType=VARCHAR},
		email = #{email,jdbcType=VARCHAR},
		district_name = #{districtName,jdbcType=VARCHAR},
		industry =
		#{industry,jdbcType=VARCHAR},
		company = #{company,jdbcType=VARCHAR},
		company_code = #{companyCode,jdbcType=VARCHAR},
		job =
		#{job,jdbcType=VARCHAR},
		hobby = #{hobby,jdbcType=VARCHAR},
		code =
		#{code,jdbcType=VARCHAR},
		status = #{status,jdbcType=INTEGER},
		department_id = #{departmentId,jdbcType=BIGINT},
		social_account =
		#{socialAccount,jdbcType=VARCHAR},
		avatar = #{avatar,jdbcType=VARCHAR},
		gender = #{gender,jdbcType=VARCHAR},
		bak1 = #{bak1,jdbcType=VARCHAR},
		bak2 = #{bak2,jdbcType=VARCHAR},
		bak3 = #{bak3,jdbcType=VARCHAR},
		bak4 =
		#{bak4,jdbcType=VARCHAR},
		bak5 = #{bak5,jdbcType=VARCHAR}
		where id =
		#{id,jdbcType=BIGINT}
	</update>
    <select id="findByAccount" parameterType="String"
            resultType="cn.cecook.model.system.SysUser">
		select * from sys_user where account =
		#{account,jdbcType=VARCHAR}
		and is_deleted=0 and (status=0 or status=1 or status=2)
	</select>
    <select id="selectSysUserByAccount" parameterType="String"
            resultType="cn.cecook.model.system.SysUser">
		select
		id id,
		uuid uuid,
		tenant_id tenantId,
		is_deleted
		isDeleted,
		create_id createId,
		create_time createTime,
		order_code
		orderCode,
		delete_time deleteTime,
		remarks remarks,
		attachment
		attachment,
		account account,
		phone phone,
		pwd pwd,
		name name,
		email email,
		district_name districtName,
		industry industry,
		company company,
		company_code companyCode,
		job job,
		hobby hobby,
		code code,
		status status,
		department_id departmentId,
		social_account socialAccount,
		avatar avatar,
		gender gender,
		bak1 bak1,
		bak2 bak2,
		bak3 bak3,
		bak4 bak4,
		bak5 bak5,
		data_authority dataAuthority 
		from
		sys_user where account = #{account,jdbcType=VARCHAR} and is_deleted =
		0
		
		limit 1;
	</select>
    <update id="updateSysUserByIDAndTid" parameterType="cn.cecook.model.system.SysUser">
		update
		sys_user
		set
		is_deleted =
		#{isDeleted,jdbcType=INTEGER},
		create_id =
		#{createId,jdbcType=BIGINT},
		create_time =
		#{createTime,jdbcType=TIMESTAMP},
		order_code =
		#{orderCode,jdbcType=VARCHAR},
		delete_time =
		#{deleteTime,jdbcType=TIMESTAMP},
		remarks =
		#{remarks,jdbcType=VARCHAR},
		attachment =
		#{attachment,jdbcType=VARCHAR},
		account = #{account,jdbcType=VARCHAR},
		phone = #{phone,jdbcType=VARCHAR},
		pwd = #{pwd,jdbcType=VARCHAR},
		name =
		#{name,jdbcType=VARCHAR},
		email = #{email,jdbcType=VARCHAR},
		district_name = #{districtName,jdbcType=VARCHAR},
		industry =
		#{industry,jdbcType=VARCHAR},
		company = #{company,jdbcType=VARCHAR},
		company_code = #{companyCode,jdbcType=VARCHAR},
		job =
		#{job,jdbcType=VARCHAR},
		hobby = #{hobby,jdbcType=VARCHAR},
		code =
		#{code,jdbcType=VARCHAR},
		status = #{status,jdbcType=INTEGER},
		department_id = #{departmentId,jdbcType=BIGINT},
		social_account =
		#{socialAccount,jdbcType=VARCHAR},
		avatar = #{avatar,jdbcType=VARCHAR},
		gender = #{gender,jdbcType=VARCHAR},
		bak1 = #{bak1,jdbcType=VARCHAR},
		bak2 = #{bak2,jdbcType=VARCHAR},
		bak3 = #{bak3,jdbcType=VARCHAR},
		bak4 =
		#{bak4,jdbcType=VARCHAR},
		bak5 = #{bak5,jdbcType=VARCHAR}
		where id =
		#{id,jdbcType=BIGINT} and tenant_id = #{tenantId,jdbcType=VARCHAR}
	</update>
    <select id="selectSysUserByTenantId" parameterType="map"
            resultType="cn.cecook.model.system.SysUser">
		select
		id id,
		uuid uuid,
		tenant_id tenantId,
		is_deleted
		isDeleted,
		create_id createId,
		create_time createTime,
		order_code
		orderCode,
		delete_time deleteTime,
		remarks remarks,
		attachment
		attachment,
		account account,
		phone phone,
		pwd pwd,
		name name,
		email email,
		district_name districtName,
		industry industry,
		company company,
		company_code companyCode,
		job job,
		hobby hobby,
		code code,
		status status,
		department_id departmentId,
		social_account socialAccount,
		avatar avatar,
		gender gender,
		bak1 bak1,
		bak2 bak2,
		bak3 bak3,
		bak4 bak4,
		bak5 bak5
		from
		sys_user where tenant_id = #{tenant_id,jdbcType=VARCHAR} and
		id=#{uid,jdbcType=BIGINT}
	</select>
    <select id="selectSysUserById" parameterType="long"
            resultType="cn.cecook.model.system.SysUser">
		select
		id id,
		uuid uuid,
		tenant_id tenantId,
		is_deleted
		isDeleted,
		create_id createId,
		create_time createTime,
		order_code
		orderCode,
		delete_time deleteTime,
		remarks remarks,
		attachment
		attachment,
		account account,
		phone phone,
		pwd pwd,
		name name,
		email email,
		district_name districtName,
		industry industry,
		company company,
		company_code companyCode,
		job job,
		hobby hobby,
		code code,
		status status,
		department_id departmentId,
		social_account socialAccount,
		avatar avatar,
		gender gender,
		bak1 bak1,
		bak2 bak2,
		bak3 bak3,
		bak4 bak4,
		bak5 bak5
		from sys_user where id = #{id,jdbcType=BIGINT}
	</select>
    <!-- 根据当前登录用户tenant_id查询当前登录用户所管理的账号的列表信息 sunny -->
    <select id="sysuserDetailList" resultType="map">
        SELECT a.id sid,
        a.name sname,
        a.account saccount,
        a.email semail,
        a.job sjob,
        group_concat(c.name) roles,
        d.`name` departmentName,
        a.`status` astatus,
        a.bak3 bak3,
        a.stop_time stopTime,
        IFNULL(a.job_number,'') jobNumber,
        IFNULL(a.company_code,'') company_code,
        IFNULL(a.data_authority,'') dataAuthority
        FROM
        sys_user a
        LEFT JOIN sys_department d on
        d.id=a.department_id
        LEFT JOIN
        sys_user_role b ON a.id = b.user_id
        LEFT
        JOIN sys_role c ON c.id =
        b.role_id
        where a.is_deleted=0
        <if test="where.tenant_id != null and where.tenant_id != ''">
            and a.tenant_id ='${where.tenant_id}'
        </if>
        <if test="where.keyWord != null and where.keyWord != ''">
            and
            (a.name like '%${where.keyWord}%' or
            a.account like
            '%${where.keyWord}%' or
            a.email like '%${where.keyWord}%')
        </if>
        <if test="where.astatus != null">
            and
            a.status = ${where.astatus}
        </if>
        <if test="where.roles != null and where.roles != ''">
            and
            c.name = '${where.roles}'
        </if>
        <if test="where.departmentName != null and where.departmentName != ''">
            and
            d.name = '${where.departmentName}'
        </if>
        GROUP BY a.id
        <if test="orderby != null">order by ${orderby}</if>
        limit #{startIndex}, #{pageSize}
    </select>
    <!-- 根据当前登录用户tenant_id查询账号结果总数 sunny -->
    <select id="sysuserDetailListCount" resultType="java.lang.Integer">
        select count(DISTINCT a.id)
        FROM
        sys_user a
        LEFT JOIN sys_department d on
        d.id=a.department_id
        LEFT JOIN sys_user_role b ON a.id = b.user_id
        LEFT
        JOIN sys_role c ON c.id = b.role_id
        where a.is_deleted=0
        <if test="tenant_id != null and tenant_id != ''">
            and a.tenant_id ='${tenant_id}'
        </if>
        <if test="keyWord != null and keyWord != ''">
            and
            (a.name like '%${keyWord}%' or
            a.account like
            '%${keyWord}%' or
            a.email like '%${keyWord}%')
        </if>
        <if test="astatus != null">
            and
            a.status = ${astatus}
        </if>
        <if test="roles != null and roles != ''">
            and
            c.name = '${roles}'
        </if>
        <if test="departmentName != null and departmentName != ''">
            and
            d.name = '${departmentName}'
        </if>
    </select>
    <!-- 根据id查询用户的详细信息 sunny -->
    <select id="sysuserDetail" resultType="map">
		SELECT a.id aid,a.name
		sname,a.account saccount,a.email semail,a.job
		sjob,group_concat(c.name) roles,group_concat(c.id) roleId,a.`status`
		astatus,
		a.department_id sdepartment_id, d.`name` departmentName
		FROM
		sys_user a
		LEFT JOIN sys_department d on d.id=a.department_id
		LEFT JOIN
		sys_user_role b ON a.id = b.user_id
		LEFT JOIN sys_role c ON c.id =
		b.role_id
		where a.id = #{id,jdbcType=VARCHAR}
	</select>
    <!-- 根据id更新用户的状态值，即停用启用 sunny -->
    <update id="updateStatusByID">
		update sys_user
		set
		status =
		#{status,jdbcType=INTEGER}
		where id = #{id,jdbcType=BIGINT}
	</update>
    <!-- 根据id更新用户的is_deleted值，即删除 sunny -->
    <update id="updateisDeletedByID">
		update sys_user
		set
		is_deleted =
		#{isDeleted,jdbcType=INTEGER}
		where id = #{id,jdbcType=BIGINT} and bak3
		is null
	</update>
    <!-- 获取可用角色信息sunny -->
    <select id="getRoles" resultType="map">
		select id,name,remarks from
		sys_role
		where is_deleted=0 and product_id is null 
		and tenant_id = #{tenantId,jdbcType=VARCHAR}
	</select>
    <!-- 获取可用部门信息sunny -->
    <select id="getDepartments" resultType="map">
		select id,name from
		sys_department
		where is_deleted=0
		and tenant_id = #{tenantId,jdbcType=VARCHAR}
	</select>
    <!-- 根据id更新用户的信息，账户管理编辑 sunny -->
    <update id="updateSysInfoByID">
        update sys_user
        <set>
            <if test="name != null">
                name = #{name,jdbcType=VARCHAR},
            </if>
            <if test="email != null">
                email = #{email,jdbcType=VARCHAR},
            </if>
            <if test="job != null">
                job = #{job,jdbcType=VARCHAR},
            </if>
            <if test="departmentId != null">
                department_id = #{departmentId,jdbcType=BIGINT},
            </if>
        </set>
        where id = #{id,jdbcType=BIGINT}
    </update>
    <update id="updateDepartmentByLeaderId" parameterType="long">
		update
		sys_user
		set department_id = 0
		where id = #{id,jdbcType=BIGINT}
	</update>
    <update id="updateTokenAndTimeByUser" parameterType="cn.cecook.model.system.SysUser">
		update
		sys_user
		set
		bak1 = #{bak1,jdbcType=VARCHAR},
		bak2 = #{bak2,jdbcType=VARCHAR}
		where
		id = #{id,jdbcType=BIGINT}
	</update>
    <update id="updateLoginCodeTimesByUser" parameterType="cn.cecook.model.system.SysUser">
		update
		sys_user
		set
		bak4 = #{bak4,jdbcType=VARCHAR}
		where
		id = #{id,jdbcType=BIGINT}
	</update>
    <update id="updateSysUserById" parameterType="cn.cecook.model.system.SysUser">
		update sys_user
		set
		is_deleted = #{isDeleted,jdbcType=INTEGER},
		create_id = #{createId,jdbcType=BIGINT},
		create_time = #{createTime,jdbcType=TIMESTAMP},
		order_code = #{orderCode,jdbcType=VARCHAR},
		delete_time = #{deleteTime,jdbcType=TIMESTAMP},
		remarks = #{remarks,jdbcType=VARCHAR},
		attachment = #{attachment,jdbcType=VARCHAR},
		account = #{account,jdbcType=VARCHAR},
		phone = #{phone,jdbcType=VARCHAR},
		pwd = #{pwd,jdbcType=VARCHAR},
		name = #{name,jdbcType=VARCHAR},
		email = #{email,jdbcType=VARCHAR},
		district_name = #{districtName,jdbcType=VARCHAR},
		industry = #{industry,jdbcType=VARCHAR},
		company = #{company,jdbcType=VARCHAR},
		company_code = #{companyCode,jdbcType=VARCHAR},
		job = #{job,jdbcType=VARCHAR},
		hobby = #{hobby,jdbcType=VARCHAR},
		code = #{code,jdbcType=VARCHAR},
		status = #{status,jdbcType=INTEGER},
		department_id = #{departmentId,jdbcType=BIGINT},
		social_account = #{socialAccount,jdbcType=VARCHAR},
		avatar = #{avatar,jdbcType=VARCHAR},
		gender = #{gender,jdbcType=VARCHAR},
		bak1 = #{bak1,jdbcType=VARCHAR},
		bak2 = #{bak2,jdbcType=VARCHAR},
		bak3 = #{bak3,jdbcType=VARCHAR},
		bak4 = #{bak4,jdbcType=VARCHAR},
		bak5 = #{bak5,jdbcType=VARCHAR}
		where
		id = #{id,jdbcType=VARCHAR}
	</update>
    <select id="selectSuperUserByTenantId" parameterType="String"
            resultType="cn.cecook.model.system.SysUser">
		select
		id id,
		uuid uuid,
		tenant_id tenantId,
		is_deleted
		isDeleted,
		create_id createId,
		create_time createTime,
		order_code
		orderCode,
		delete_time deleteTime,
		remarks remarks,
		attachment
		attachment,
		account account,
		phone phone,
		pwd pwd,
		name name,
		email email,
		district_name districtName,
		industry industry,
		company company,
		company_code companyCode,
		job job,
		hobby hobby,
		code code,
		status status,
		department_id departmentId,
		social_account socialAccount,
		avatar avatar,
		gender gender,
		bak1 bak1,
		bak2 bak2,
		bak3 bak3,
		bak4 bak4,
		bak5 bak5
		from sys_user
		where tenant_id = #{tenant_id,jdbcType=VARCHAR} and
		bak3 = 'super' and
		is_deleted = 0 and
		status = 0
	</select>
    <update id="updateRemarksByUser" parameterType="cn.cecook.model.system.SysUser">
		update sys_user
		set
		remarks = #{remarks,jdbcType=VARCHAR}
		where
		id = #{id,jdbcType=BIGINT}
	</update>
    <select id="selectUserByIdTidDid" parameterType="map"
            resultType="cn.cecook.model.system.SysUser">
		select
		id id,
		uuid uuid,
		tenant_id tenantId,
		is_deleted
		isDeleted,
		create_id createId,
		create_time createTime,
		order_code
		orderCode,
		delete_time deleteTime,
		remarks remarks,
		attachment
		attachment,
		account account,
		phone phone,
		pwd pwd,
		name name,
		email email,
		district_name districtName,
		industry industry,
		company company,
		company_code companyCode,
		job job,
		hobby hobby,
		code code,
		status status,
		department_id departmentId,
		social_account socialAccount,
		avatar avatar,
		gender gender,
		bak1 bak1,
		bak2 bak2,
		bak3 bak3,
		bak4 bak4,
		bak5 bak5
		from sys_user
		where tenant_id = #{tenant_id,jdbcType=VARCHAR} and
		department_id = #{department_id,jdbcType=VARCHAR} and is_deleted = 0
	</select>
    <update id="updateUserInfoByTidUid" parameterType="map">
		update
		sys_user
		set name = #{name,jdbcType=VARCHAR},email =
		#{email,jdbcType=VARCHAR}
		where tenant_id =
		#{tenant_id,jdbcType=VARCHAR}
		and id = #{uid,jdbcType=BIGINT}
		and is_deleted = 0
	</update>
    <update id="delCustomer" parameterType="java.lang.Long">
		update bc_customer set
		create_id=0 where create_id = #{id,jdbcType=BIGINT}
	</update>

    <select id="findByT" parameterType="String" resultType="cn.cecook.model.system.SysUser">
		select *
		from sys_user where tenant_id =
		#{tenant_id,jdbcType=VARCHAR}
	</select>


    <!-- 审核用户账号 -->
    <update id="AuditAccount">
		update sys_user set status=#{status} where id=#{id} and
		tenant_id=#{tenant_id}
	</update>

    <!-- 按天获取短信商机转化按日 -->
    <select id="getbmActivityBrowseDay" parameterType="map"
            resultType="map">
        SELECT DATE_FORMAT(create_time,'%Y-%m-%d') createTime,
        IFNULL(COUNT(id),0) smsNum
        FROM bm_coupon
        WHERE is_deleted = 0 
        <if
                test="startTime!=null and startTime!='' and endTime!=null and endTime!=''">
            and date_format(create_time,'%Y-%m-%d') BETWEEN #{startTime} and #{endTime}
        </if>
        GROUP BY createTime
    </select>

    <!-- 按天获取打开量按日 -->
    <select id="getBmWriteOffDay" parameterType="map"
            resultType="map">
        SELECT DATE_FORMAT(receive_time,'%Y-%m-%d') createTime,
        IFNULL(COUNT(id),0) smsOpenNum
        FROM bm_sms_send
        WHERE is_deleted = 0 AND state = 'DELIVRD'
        <if
                test="startTime!=null and startTime!='' and endTime!=null and endTime!=''">
            and date_format(receive_time,'%Y-%m-%d') BETWEEN #{startTime} and #{endTime}
        </if>
        GROUP BY createTime
    </select>

    <!-- 获取短信商机转化按月 -->
    <select id="getbmActivityBrowseMonth" parameterType="map"
            resultType="map">
        SELECT DATE_FORMAT(create_time,'%Y-%m') createTime,
        IFNULL(COUNT(id),0) smsNum
        FROM bm_coupon
        WHERE is_deleted = 0 
        <if
                test="startTime!=null and startTime!='' and endTime!=null and endTime!=''">
            and date_format(create_time,'%Y-%m') BETWEEN date_format(#{startTime},'%Y-%m') and
            date_format(#{endTime},'%Y-%m')
        </if>
        GROUP BY createTime
    </select>

    <!-- 获取打开量按月 bm_sms_send -->
    <select id="getBmWriteOffMonth" parameterType="map"
            resultType="map">
        SELECT DATE_FORMAT(receive_time,'%Y-%m') createTime,
        IFNULL(COUNT(id),0) smsOpenNum
        FROM bm_sms_send
        WHERE is_deleted = 0  AND state = 'DELIVRD'
        <if
                test="startTime!=null and startTime!='' and endTime!=null and endTime!=''">
            and date_format(receive_time,'%Y-%m') BETWEEN date_format(#{startTime},'%Y-%m') and
            date_format(#{endTime},'%Y-%m')
        </if>
        GROUP BY createTime
    </select>

    <!-- 获取短信商机转化按年 -->
    <select id="getbmActivityBrowseYear" parameterType="map"
            resultType="map">
        SELECT DATE_FORMAT(create_time,'%Y') createTime,
        IFNULL(COUNT(id),0) smsNum
        FROM bm_coupon
        WHERE is_deleted = 0 
        <if
                test="startTime!=null and startTime!='' and endTime!=null and endTime!=''">
            and date_format(create_time,'%Y') BETWEEN date_format(#{startTime},'%Y') and date_format(#{endTime},'%Y')
        </if>
        GROUP BY createTime
        ORDER BY createTime ASC limit 3
    </select>

    <!-- 获取打开量按年-->
    <select id="getBmWriteOffYear" parameterType="map"
            resultType="map">
        SELECT DATE_FORMAT(receive_time,'%Y') createTime,
        IFNULL(COUNT(id),0) smsOpenNum
        FROM bm_sms_send
        WHERE is_deleted = 0  AND state = 'DELIVRD'
        <if
                test="startTime!=null and startTime!='' and endTime!=null and endTime!=''">
            and date_format(receive_time,'%Y') BETWEEN date_format(#{startTime},'%Y') and date_format(#{endTime},'%Y')
        </if>
        GROUP BY createTime
        ORDER BY createTime ASC limit 3
    </select>
    <select id="findByJobNumber" parameterType="map" resultType="cn.cecook.model.system.SysUser">
        SELECT
	a.id id,
	a.uuid uuid,
	a.tenant_id tenantId,
	a.is_deleted isDeleted,
	a.create_id createId,
	a.create_time createTime,
	a.order_code orderCode,
	a.delete_time deleteTime,
	a.remarks remarks,
	a.attachment attachment,
	a.account account,
	a.phone phone,
	a.pwd pwd,
	a.NAME NAME,
	a.email email,
	a.district_name districtName,
	a.industry industry,
	a.company company,
	a.company_code companyCode,
	a.job job,
	a.hobby hobby,
	a.CODE CODE,
	a.STATUS STATUS,
	a.department_id departmentId,
	a.social_account socialAccount,
	a.avatar avatar,
	a.gender gender,
	a.bak1 bak1,
	a.bak2 bak2,
	a.bak3 bak3,
	a.bak4 bak4,
	a.bak5 bak5,
	a.stop_time stopTime,
	a.job_number jobNumber,
	b.store_id crmStoreID
FROM
	sys_user a
	LEFT JOIN dock_product_synch b ON a.id = b.user_id
	WHERE
	 a.tenant_id = #{tenant_id,jdbcType=VARCHAR}
	AND a.job_number = #{staff_id,jdbcType=VARCHAR}
	AND a.is_deleted=0
    </select>
    <select id="synWithCrm" parameterType="map" resultType="cn.cecook.model.system.SysUser">
        select
		id id,
		uuid uuid,
		tenant_id tenantId,
		is_deleted
		isDeleted,
		create_id createId,
		create_time createTime,
		order_code
		orderCode,
		delete_time deleteTime,
		remarks remarks,
		attachment
		attachment,
		account account,
		phone phone,
		pwd pwd,
		name name,
		email email,
		district_name districtName,
		industry industry,
		company company,
		company_code companyCode,
		job job,
		hobby hobby,
		code code,
		status status,
		department_id departmentId,
		social_account socialAccount,
		avatar avatar,
		gender gender,
		bak1 bak1,
		bak2 bak2,
		bak3 bak3,
		bak4 bak4,
		bak5 bak5,
		stop_time stopTime,
		job_number jobNumber
		from sys_user
		where is_deleted = 0 and tenant_id = #{tenant_id,jdbcType=VARCHAR} and
		account = #{account,jdbcType=VARCHAR}
    </select>

    <update id="updateSqNum">
		 update dock_authorize_info set auth_num = #{sqNum} where tenant_id = #{tenant_id} and product_id = #{productId}
    </update>
    <select id="getUserDepartment" parameterType="map" resultType="map">
	select b.name,b.parent_dept_id from sys_user a, sys_department b
	where a.is_deleted=0 and a.department_id=b.id
	and a.tenant_id=#{tenant_id}
 	and a.id=#{id}
	</select>
    <select id="getDockList" parameterType="String" resultType="map">
	select d.user_id,d.product_id,r.name from dock_product_synch d 
	LEFT JOIN sys_role r on d.crm_role_id = r.id where d.is_deleted = 0 and r.is_deleted = 0 
	AND d.tenant_id = #{tenant_id,jdbcType=VARCHAR}
	</select>
	
     <select id="selectSysUserAll" resultType="cn.cecook.model.system.SysUser">
		select
		id id,
		status status 
		from sys_user where is_deleted = 0
	</select>
	<!-- 获得短信消耗数量 -->
    <select id="getSmsCount"  resultType="map">
	select IFNULL(count(0),0) total from bm_sms_send where batch != 0
	</select>
	
    <!-- 导入数据查询 -->
    <select id="getImportData" parameterType="map"
            resultType="map">
       SELECT r.id,s.id store_id,r.worder_id,r.name,r.phone from rainning_account r left join bm_store s on r.store_id = s.store_id where r.phone IS NOT NULL AND r.phone != '' AND r.phone != 'NULL'
    </select>

    
    <!-- 导入数据插入 -->
    <insert id="insertSelectiveImport" parameterType="cn.cecook.model.system.SysUser"
            useGeneratedKeys="true" keyProperty="id">
        insert into sys_user
        <trim prefix="(" suffix=")" suffixOverrides=",">
            <if test="id != null">
                id,
            </if>
            <if test="uuid != null">
                uuid,
            </if>
            <if test="tenantId != null">
                tenant_id,
            </if>
            <if test="isDeleted != null">
                is_deleted,
            </if>
            <if test="createId != null">
                create_id,
            </if>
            <if test="createTime != null">
                create_time,
            </if>
            <if test="orderCode != null">
                order_code,
            </if>
            <if test="deleteTime != null">
                delete_time,
            </if>
            <if test="remarks != null">
                remarks,
            </if>
            <if test="attachment != null">
                attachment,
            </if>
            <if test="account != null">
                account,
            </if>
            <if test="phone != null">
                phone,
            </if>
            <if test="pwd != null">
                pwd,
            </if>
            <if test="name != null">
                name,
            </if>
            <if test="email != null">
                email,
            </if>
            <if test="jobNumber != null">
                job_number,
            </if>
            <if test="districtName != null">
                district_name,
            </if>
            <if test="industry != null">
                industry,
            </if>
            <if test="company != null">
                company,
            </if>
            <if test="companyCode != null">
                company_code,
            </if>
            <if test="job != null">
                job,
            </if>
            <if test="hobby != null">
                hobby,
            </if>
            <if test="code != null">
                code,
            </if>
            <if test="status != null">
                status,
            </if>
            <if test="departmentId != null">
                department_id,
            </if>
            <if test="socialAccount != null">
                social_account,
            </if>
            <if test="avatar != null">
                avatar,
            </if>
            <if test="gender != null">
                gender,
            </if>
            <if test="bak1 != null">
                bak1,
            </if>
            <if test="bak2 != null">
                bak2,
            </if>
            <if test="bak3 != null">
                bak3,
            </if>
            <if test="bak4 != null">
                bak4,
            </if>
            <if test="bak5 != null">
                bak5,
            </if>
        </trim>
        <trim prefix="values (" suffix=")" suffixOverrides=",">
            <if test="id != null">
                #{id,jdbcType=BIGINT},
            </if>
            <if test="uuid != null">
                #{uuid,jdbcType=VARCHAR},
            </if>
            <if test="tenantId != null">
                #{tenantId,jdbcType=VARCHAR},
            </if>
            <if test="isDeleted != null">
                #{isDeleted,jdbcType=INTEGER},
            </if>
            <if test="createId != null">
                #{createId,jdbcType=BIGINT},
            </if>
            <if test="createTime != null">
                #{createTime,jdbcType=TIMESTAMP},
            </if>
            <if test="orderCode != null">
                #{orderCode,jdbcType=VARCHAR},
            </if>
            <if test="deleteTime != null">
                #{deleteTime,jdbcType=TIMESTAMP},
            </if>
            <if test="remarks != null">
                #{remarks,jdbcType=VARCHAR},
            </if>
            <if test="attachment != null">
                #{attachment,jdbcType=VARCHAR},
            </if>
            <if test="account != null">
                #{account,jdbcType=VARCHAR},
            </if>
            <if test="phone != null">
                #{phone,jdbcType=VARCHAR},
            </if>
            <if test="pwd != null">
                #{pwd,jdbcType=VARCHAR},
            </if>
            <if test="name != null">
                #{name,jdbcType=VARCHAR},
            </if>
            <if test="email != null">
                #{email,jdbcType=VARCHAR},
            </if>
            <if test="jobNumber != null">
                #{jobNumber,jdbcType=VARCHAR},
            </if>
            <if test="districtName != null">
                #{districtName,jdbcType=VARCHAR},
            </if>
            <if test="industry != null">
                #{industry,jdbcType=VARCHAR},
            </if>
            <if test="company != null">
                #{company,jdbcType=VARCHAR},
            </if>
            <if test="companyCode != null">
                #{companyCode,jdbcType=VARCHAR},
            </if>
            <if test="job != null">
                #{job,jdbcType=VARCHAR},
            </if>
            <if test="hobby != null">
                #{hobby,jdbcType=VARCHAR},
            </if>
            <if test="code != null">
                #{code,jdbcType=VARCHAR},
            </if>
            <if test="status != null">
                #{status,jdbcType=INTEGER},
            </if>
            <if test="departmentId != null">
                #{departmentId,jdbcType=BIGINT},
            </if>
            <if test="socialAccount != null">
                #{socialAccount,jdbcType=VARCHAR},
            </if>
            <if test="avatar != null">
                #{avatar,jdbcType=VARCHAR},
            </if>
            <if test="gender != null">
                #{gender,jdbcType=VARCHAR},
            </if>
            <if test="bak1 != null">
                #{bak1,jdbcType=VARCHAR},
            </if>
            <if test="bak2 != null">
                #{bak2,jdbcType=VARCHAR},
            </if>
            <if test="bak3 != null">
                #{bak3,jdbcType=VARCHAR},
            </if>
            <if test="bak4 != null">
                #{bak4,jdbcType=VARCHAR},
            </if>
            <if test="bak5 != null">
                #{bak5,jdbcType=VARCHAR},
            </if>
        </trim>
        <selectKey order="AFTER" keyProperty="id"  resultType="long">
            SELECT LAST_INSERT_ID() AS id
        </selectKey>
    </insert>
    <!-- 模糊查询 -->
    <select id="getUserAllByNameOrPhone" resultMap="BaseResultMap"
            parameterType="map">
        select
        s.id, s.name, s.account AS phone, sd.name AS department_name
        from sys_user AS s , sys_department AS sd
        <where>
            s.department_id = sd.id
            AND s.is_deleted = 0 AND sd.is_deleted = 0
            AND s.tenant_id = #{tenant_id}
            <if test="key_word!=null and key_word!=''">
            and (s.name LIKE CONCAT('%',#{key_word},'%')
            or s.account
            LIKE CONCAT('%',#{key_word},'%'))
        </if>

        </where>
        order by id desc
        limit #{startIndex},#{page_size}
    </select>
    <!-- 查询所有 -->
    <select id="loadUserAll" resultMap="BaseResultMap"
            parameterType="map">
        select
        s.id, s.name, s.account AS phone, sd.name AS department_name
        from sys_user AS s , sys_department AS sd
        where
        s.department_id = sd.id
        AND s.is_deleted = 0 AND sd.is_deleted = 0
        AND s.tenant_id = #{tenant_id}
        order by s.id desc
        limit #{startIndex},#{page_size}
    </select>
    <select id="loadUserAllCount" resultType="INTEGER">
        select
        count(*)
        from sys_user AS s , sys_department AS sd
        where
        s.department_id = sd.id
        AND s.is_deleted = 0 AND sd.is_deleted = 0
        AND s.tenant_id = #{tenant_id}
        order by s.id desc
    </select>
     <!-- 通过部门 查询所有员工 -->
    <select id="getUserAllBydepartment" resultMap="BaseResultMap"
            parameterType="map">
        select
        s.id, s.name, s.account AS phone, sd.name AS department_name
        from sys_user AS s , sys_department AS sd
        <where>
            s.department_id = sd.id
            AND sd.name=#{department_id,jdbcType=VARCHAR}

        </where>

    </select>
    

    <!--查询门店总条数 -->
    <select id="getUserCountByNameOrPhone" parameterType="map" resultType="java.lang.Integer">
        select
        IFNULL(count(s.id),0)
        from sys_user AS s , sys_department AS sd
        <where>
            s.department_id = sd.id
            AND s.is_deleted = 0 AND sd.is_deleted = 0
            AND s.tenant_id = #{tenant_id}
            <if test="key_word!=null and key_word!=''">
                and (s.name LIKE CONCAT('%',#{key_word},'%')
                or s.phone
                LIKE CONCAT('%',#{key_word},'%'))
            </if>

        </where>
    </select>
    <select id="getUserNameByUserId" resultType="cn.cecook.model.system.SysUser">
        SELECT account, name FROM sys_user where id = #{id} AND is_deleted = 0
    </select>
    <select id="getUserNameCountByUserId" resultType="INTEGER">
        SELECT count(name) FROM sys_user where id = #{id} AND is_deleted = 0
    </select>
    <select id="getCountByDepartmentId" parameterType="java.lang.String" resultType="java.lang.Integer">
       SELECT count(id) from sys_user where is_deleted=0 and department_id=#{department_id} and status = 0
    </select>
    <!-- 根据account,token,过期时间，更新数据库 -->
    <update id="updateUserToken" parameterType="map">
        update sys_user
        set third_token = #{token,jdbcType=VARCHAR},
        third_token_expiry_time = #{expiryTime,jdbcType=VARCHAR} 
		where account = #{account,jdbcType=VARCHAR} 
    </update>
    
    <!-- 根据token获取account、password、third_token_expiry_time -->
    <select id="selectSysUserByToken" resultType="map"
            parameterType="map">
        select
        account,pwd,third_token_expiry_time 
        from sys_user where third_token = #{token,jdbcType=VARCHAR}
    </select>
    
</mapper>
