<?xml version="1.0" encoding="UTF-8"?>
<!DOCTYPE mapper PUBLIC "-//mybatis.org//DTD Mapper 3.0//EN" "http://mybatis.org/dtd/mybatis-3-mapper.dtd" >
<mapper namespace = "cn.cecook.dao.system.SysWeiBoMapper" >
   <resultMap type="cn.cecook.model.system.SysSocialAccount" id="SysSocialAccountMap">
     	<id column = "id" property = "id"></id> 
		<result column="uuid" property="uuid"/>  
		<result column="tenant_id" property="tenantId"/>  
		<result column="is_deleted" property="isDeleted"/>  
		<result column="create_id" property="createId"/>  
		<result column="create_time" property="createTime"/>  
		<result column="order_code" property="orderCode"/>  
		<result column="delete_time" property="deleteTime"/>  
		<result column="remarks" property="remarks"/>
		<result column="attachment" property="attachment"/>    
		<result column="user_id" property="userId"/>  
		<result column="name" property="name"/>  
		<result column="type" property="type"/>  
		<result column="avatar" property="avatar"/>  
		<result column="bind_status" property="bindStatus"/>  
		<result column="bak1" property="bak1"/>  
		<result column="bak2" property="bak2"/>  
		<result column="bak3" property="bak3"/>  
		<result column="bak4" property="bak4"/>  
		<result column="bak5" property="bak5"/>  
		
   </resultMap>
   <select id="Select_WeiBoByUserIdandTenantId" parameterType="cn.cecook.model.system.SysSocialAccount" resultMap="SysSocialAccountMap">
       select * from sys_social_account
        where bind_status ='1' and is_deleted ='0' and
         user_id =#{userId} and tenant_id = #{tenantId}
         ORDER BY sys_social_account.`id`
   </select>
   <update id="Update_WeiBoByUserIdandTenantId" parameterType="cn.cecook.model.system.SysSocialAccount" >
    UPDATE sys_social_account SET bind_status ='0' , is_deleted ='1' ,bak2 = '0'
        WHERE 
         user_id =#{userId} and tenant_id = #{tenantId} 
         AND bind_status ='1' AND is_deleted ='0'
         ORDER BY sys_social_account.`id`
   </update>
   <select id="Select_showfirstpageByUserIdandTenantId" parameterType="cn.cecook.model.system.SysUser" resultType="java.lang.String">
        SELECT sys_user.`bak5` FROM sys_user WHERE
         is_deleted ='0' AND
         id =#{id} AND tenant_id = #{tenantId}
   </select>
    <select id="Select_WeiBoBybak3" parameterType="java.lang.String" resultType="cn.cecook.model.system.SysSocialAccount">
        SELECT * FROM sys_social_account WHERE is_deleted ='0' AND bind_status ='1' 
        AND bak3=#{bak3}
   </select>
   <update id="update_Select_WeiBoBybak3" parameterType="cn.cecook.model.system.SysSocialAccount">
	    UPDATE sys_social_account SET
	     bak1=#{bak1},bak2=#{bak2} WHERE is_deleted ='0' AND bind_status ='1' AND bak3=#{bak3}
	</update>
	<!--    给赵鑫的接口 -->
	<update id="updateByPrimaryKeySelectiveforother" parameterType="cn.cecook.model.system.SysUser">
	    UPDATE	sys_user SET sys_user.`bak5`=#{bak5} 
	    WHERE is_deleted='0'AND id=#{id}
	</update>
</mapper>