Label,# 样本,平均值,中位数,90% 百分位,95% 百分位,99% 百分位,最小值,最大值,异常 %,吞吐量,接收 KB/sec,发送 KB/sec
登陆-请求,200,315,217,482,541,3293,83,3335,0.00%,18.75821,6835.69,14.25
自定义页面列表,4050,215,171,238,394,1326,116,4691,0.00%,0.28943,2.42,0.24
页面模板页面所有接口,4050,78,61,100,140,467,35,4290,0.00%,0.28943,0.24,0.2
获取草稿箱所有数据id,4050,199,158,223,383,1160,105,1949,0.00%,0.28943,2.18,0.22
启动广告列表,4050,100,76,122,227,595,44,4576,0.00%,0.28943,1.07,0.22
添加启动广告,4050,94,75,126,203,506,40,965,0.00%,0.28943,0.12,0.35
启用广告,4050,98,75,126,209,562,42,4931,0.00%,0.28941,0.12,0.22
店铺风格,4050,96,72,128,261,557,40,1281,0.00%,0.28941,0.12,0.21
移动店铺-请求1,4050,201,160,226,404,1043,109,4685,0.00%,0.28941,2.42,0.24
移动店铺-请求2,4050,72,58,94,125,391,33,1091,0.00%,0.28943,0.74,0.2
页面管理列表,4050,273,220,319,517,1432,153,4780,0.00%,0.2894,3.16,0.44
移动装修,4050,1157,936,1272,2126,5898,656,6971,0.00%,0.28941,9.42,2.1
客流分析--请求1,4050,735,578,1013,2115,6155,184,8016,0.00%,0.28942,0.2,0.21
客流分析--请求2,4050,158,141,215,279,574,58,4692,0.00%,0.28943,0.19,0.22
客流分析,4050,894,711,1186,2635,6571,278,8536,0.00%,0.28941,0.39,0.43
访问路径--请求,8100,390,219,776,976,3400,45,9615,0.00%,0.57882,0.7,0.42
访问路径,4050,682,537,975,2659,3828,159,9615,0.00%,0.28942,0.2,0.21
属性比例--请求,4050,125,108,172,218,355,59,4642,0.00%,0.28949,0.13,0.21
会员增长趋势--请求,4050,87,75,119,151,294,46,4311,0.00%,0.28949,0.15,0.21
支付趋势--请求,4050,104,87,142,185,316,50,4521,0.00%,0.28949,0.11,0.21
身份属性,4050,317,279,436,509,730,182,4907,0.00%,0.28948,0.39,0.62
会员消费,4050,97,84,129,160,310,45,4745,0.00%,0.28949,0.5,0.22
商品总况--请求,4050,123,110,162,211,339,66,1533,0.00%,0.28949,0.15,0.2
热销TOP5商品榜单--请求,4050,298963,300006,300034,300058,302412,202774,304640,97.95%,0.28343,0.06,0.2
商品详情 --请求,3975,120,106,159,196,339,53,4797,0.00%,0.28924,0.23,0.22
商品交易,3975,299187,300231,300350,300446,302805,202995,304953,97.91%,0.28423,0.44,0.61
订单交易--请求,3975,6813,7436,9494,11892,23803,801,26328,0.00%,0.28922,0.33,0.21
订单交易,3975,6813,7436,9494,11892,23803,801,26328,0.00%,0.28922,0.33,0.21
商品-分类列表,3975,93,75,126,168,316,40,4716,0.00%,0.28941,8.88,0.2
商品列表,3975,191,165,255,332,517,92,4815,0.00%,0.2894,16.11,0.23
商品-标签列表,3975,316,280,418,526,770,171,4901,0.00%,0.2894,2.16,0.22
商品导入,3975,79,67,103,129,292,35,4293,0.00%,0.28943,2.17,0.21
批量改价列表,3975,182,160,246,303,486,90,4727,0.00%,0.28942,16.11,0.23
批量修改价格,3975,320,299,404,478,621,77,4715,0.00%,0.2894,0.12,0.24
商品,3975,1183,1080,1480,1669,2511,792,6550,0.00%,0.28939,45.55,1.34
全部客户列表,3975,143,123,204,252,390,70,4882,0.00%,0.2894,27.77,0.21
客户详情,3975,68,59,89,104,271,35,4702,0.00%,0.28943,0.74,0.21
查询客户,3975,87,71,126,175,305,39,4544,0.00%,0.28942,0.2,0.22
客户余额明细,3975,73,63,97,120,273,38,4503,0.00%,0.28943,0.2,0.23
客户积分明细,3975,75,63,99,125,286,38,4600,0.00%,0.28943,0.2,0.23
添加标签,3975,194,162,280,361,580,80,5114,0.00%,0.28942,87.52,0.41
客户标签,3975,8414,10039,10093,10127,12671,39,14608,56.20%,0.28921,105.16,0.21
查询标签,3958,8063,10042,10101,10127,11054,37,14672,59.60%,0.2881,96.63,0.22
删除标签,3956,119,100,178,221,357,52,4674,0.00%,0.28844,0.12,0.21
积分管理,3956,108,89,164,202,341,51,4784,0.00%,0.28844,1.06,0.2
会员等级,3956,364,247,731,864,1150,103,4893,0.00%,0.28846,1.83,0.22
会员等级配置,3956,36,28,56,71,207,10,1038,0.00%,0.28844,0.13,0.36
会员卡,3956,219,220,347,397,524,62,8142,0.00%,0.28844,5.33,0.21
编辑会员卡,3956,198,155,321,419,827,81,4862,0.00%,0.28846,0.13,0.42
客户管理,3956,18159,19930,22287,22638,25186,1836,29929,64.91%,0.28798,326.47,3.54
客单价,7912,118,114,187,223,380,33,4768,0.00%,0.57692,0.57,0.64
详细数据,3956,96,86,126,151,314,48,4248,0.00%,0.28846,0.29,0.23
客户信息--列表,3956,122,104,185,222,336,55,4929,0.00%,0.28846,0.11,0.29
客户信息--交易次数,3956,58,52,75,88,249,27,1062,0.00%,0.28846,0.56,0.2
客户信息,3956,180,160,253,308,435,94,5028,0.00%,0.28846,0.67,0.49
渠道转化--列表,3956,79,69,106,128,281,41,4516,0.00%,0.28846,0.12,0.25
（成功）支付转化率,3956,59,50,73,88,259,26,4502,0.00%,0.28846,0.5,0.2
活动类型,3956,79,70,108,131,282,41,1067,0.00%,0.28846,0.12,0.25
渠道转化,3956,219,196,287,387,510,126,4990,0.00%,0.28846,0.73,0.71
积分消耗,7912,1712,1391,2054,3342,8655,835,16825,0.00%,0.57689,0.71,0.71
消耗次数,3956,71,59,94,118,288,30,4641,0.00%,0.28848,0.49,0.2
评价--列表,3956,6158,3781,5851,13304,58753,2425,67718,0.00%,0.28841,0.11,0.25
满意率,3955,72,59,92,116,307,32,4499,0.00%,0.28871,0.58,0.2
差评率,3955,55,49,70,82,252,26,1064,0.00%,0.28871,0.5,0.2
评价,3955,6287,3902,5989,13506,58866,2528,67818,0.00%,0.28865,1.19,0.64
维权--列表,3955,73,65,96,116,262,39,4584,0.00%,0.28871,0.11,0.25
维权原因,3955,55,46,73,86,243,27,4596,0.00%,0.28871,0.16,0.2
维权,3955,129,115,161,198,334,72,4700,0.00%,0.28871,0.27,0.45
当日营收 ,3955,77,69,95,119,226,43,4778,0.00%,0.28871,0.9,0.22
该时间段内数据,3955,77,67,95,122,264,37,4741,0.00%,0.28871,0.13,0.2
营收状况,3955,155,139,194,235,369,92,4875,0.00%,0.2887,1.02,0.42
收支明细--列表,3955,71,65,86,104,262,41,421,0.00%,0.28871,1.6,0.3
收支明细,3955,71,65,86,104,262,41,421,0.00%,0.28871,1.6,0.3
每日营收--列表,3955,69,62,84,100,188,36,4581,0.00%,0.28871,1.26,0.23
每日营收,3955,69,62,84,100,188,36,4581,0.00%,0.28871,1.26,0.23
提现明细--列表,3955,68,60,82,97,254,38,4586,0.00%,0.28873,1.82,0.26
提现明细,3955,68,60,82,97,254,38,4586,0.00%,0.28873,1.82,0.26
客户余额--列表,3955,71,63,86,98,174,37,4687,0.00%,0.28871,1.93,0.24
客户余额,3955,71,63,86,98,174,37,4687,0.00%,0.28871,1.93,0.24
积分明细--列表,3955,71,64,88,105,268,37,4317,0.00%,0.28871,1.87,0.24
积分明细,3955,71,64,88,105,268,37,4317,0.00%,0.28871,1.87,0.24
推客奖励--统计,3955,23,15,43,70,140,5,1027,0.00%,0.2887,0.11,0.08
推客奖励--详情列表,3955,32,25,44,58,119,14,4683,0.00%,0.28871,0.62,0.1
推客奖励,3955,56,42,90,125,245,21,4692,0.00%,0.2887,0.73,0.18
物流对账--列表,3955,69,61,84,99,261,38,4343,0.00%,0.28871,1.45,0.26
物流对账,3955,69,61,84,99,261,38,4343,0.00%,0.28871,1.45,0.26
短信成本--统计,3955,76,65,96,122,263,34,4353,0.00%,0.28871,0.11,0.07
短信成本--详细列表,3955,76,66,90,105,216,44,4600,0.00%,0.28871,0.18,0.1
短信成本,3955,153,134,184,226,378,88,4669,0.00%,0.2887,0.29,0.18
获取店铺信息,3955,48,43,60,71,140,22,4258,0.00%,0.28871,0.56,0.2
设置店铺信息,3955,70,63,88,102,262,36,4748,0.00%,0.28871,0.11,0.43
店铺信息,3955,118,108,145,172,322,65,4786,0.00%,0.2887,0.67,0.62
消息设置--列表信息,3955,104,94,134,165,307,42,4589,0.00%,0.28871,10.24,0.19
设置任意消息,3955,62,56,81,95,218,30,3094,0.00%,0.28871,0.11,0.21
消息设置,3955,167,152,209,258,405,92,4714,0.00%,0.2887,10.36,0.4
获取交易信息,3955,58,52,74,87,237,25,4509,50.62%,0.28871,0.32,0.2
设置交易信息,3955,92,84,116,132,290,43,4711,0.00%,0.28871,0.12,0.25
交易设置,3955,150,137,186,220,368,76,4784,50.62%,0.2887,0.44,0.44
获取会员设置信息,3955,57,51,73,85,184,25,4320,51.73%,0.28873,0.32,0.2
设置会员信息,3955,92,82,115,133,298,38,4638,0.00%,0.28873,0.12,0.2
会员设置,3955,150,135,184,223,376,77,4670,51.73%,0.28873,0.43,0.4
获取支付方式信息,3955,55,51,74,84,186,25,310,52.52%,0.28871,0.32,0.2
设置支付方式,3955,91,82,115,132,284,41,4616,0.00%,0.28871,0.12,0.2
支付方式,3955,146,134,183,214,355,81,4682,52.52%,0.2887,0.43,0.4
获取提现信息,3955,57,50,73,86,250,23,4602,53.22%,0.28871,0.31,0.2
设置提现,3955,98,87,121,140,300,44,4653,0.00%,0.28871,0.12,0.86
提现设置,3955,155,139,189,232,384,86,4774,53.22%,0.2887,0.43,1.05
订单查询--列表,3955,308,252,345,420,612,165,21464,0.03%,0.2887,22.6,0.34
查看发货信息,3955,114,93,130,154,318,2,20896,0.03%,0.28871,2.36,0.2
查看订单详情,3955,113,90,127,156,318,2,18117,0.05%,0.28871,2.36,0.2
订单查询,3955,536,442,611,702,1112,220,21858,0.05%,0.2887,27.31,0.74
发货管理--订单发货--列表,3955,142,118,165,200,352,2,17733,0.03%,0.2887,6.8,0.36
发货管理--售后发货--列表,3955,89,72,104,130,287,42,9019,0.00%,0.28873,7.18,0.38
发货管理--售后发货--查看,3955,100,83,116,140,311,51,16681,0.00%,0.28873,2.77,0.2
发货管理--订单发货--查看,3955,114,91,128,151,323,53,21279,0.00%,0.28873,2.51,0.2
发货管理,3955,446,373,520,609,1136,265,21747,0.03%,0.2887,19.25,1.14
售后管理--列表,3955,244,219,296,358,520,142,18317,0.00%,0.2887,15.91,0.28
售后发货--查看,3955,106,93,131,151,313,58,12060,0.00%,0.28871,1.98,0.2
售后管理,3955,351,316,426,514,691,212,18628,0.00%,0.2887,17.88,0.48
评价管理--列表,3955,81,70,103,127,283,42,5209,0.00%,0.28871,7.41,0.27
查看评价,3955,76,62,90,111,268,35,15028,0.00%,0.28871,0.53,0.2
评价管理,3955,158,136,191,234,385,86,15100,0.00%,0.2887,7.94,0.47
快递发货--列表,3955,471,338,636,1138,3011,236,11398,0.03%,0.2887,3.6,0.24
查看快递发货,3955,84,68,102,126,278,33,15798,0.03%,0.28873,0.25,0.21
复制快递发货,3955,88,77,120,150,298,43,4342,0.05%,0.28873,0.11,0.55
删除快递发货,3955,113,90,149,203,405,54,4982,0.03%,0.28873,0.11,0.21
快递发货,3955,757,593,980,1584,3924,423,16739,0.10%,0.2887,4.08,1.2
电子面单--列表,3955,74,63,94,115,272,39,4906,0.00%,0.28873,0.34,0.24
新建电子面单,3955,88,68,107,138,291,38,18191,0.00%,0.28871,0.11,0.29
电子面单,3955,163,135,199,252,410,86,18242,0.00%,0.28873,0.46,0.53
角色管理1,3955,164,142,235,315,550,68,1357,0.00%,0.2887,90.38,0.52
659 /bp/static/js/chunk-d9ab.77edff08.js,3955,7,5,15,22,43,2,427,0.00%,0.28871,1.43,0.12
660 /bp/static/css/chunk-d9ab.b07513e3.css,3955,10,6,22,33,45,2,627,0.00%,0.28871,0.27,0.12
661 /api-manager-web/manager/api.do,3955,146,126,209,283,494,59,1321,0.00%,0.2887,88.68,0.29
积分明细1,3955,93,79,115,143,292,48,4684,0.00%,0.28871,4.48,0.56
566 /bp/static/css/chunk-86ee.c86d9c9f.css,3955,11,7,20,29,56,2,4524,0.00%,0.28871,0.29,0.12
567 /bp/static/js/chunk-86ee.3fd56cda.js,3955,7,5,12,19,41,2,414,0.00%,0.28871,2.31,0.12
568 /api-financial-web/financial/api.do,3955,74,65,87,100,265,41,4665,0.00%,0.28871,1.88,0.32
新建商品1,3955,23448,13940,35700,83662,149922,591,157321,0.68%,0.28846,278.27,1.99
224 /bp/static/js/chunk-85f6.4736b501.js,3955,17,11,31,45,76,4,4346,0.00%,0.28871,9.45,0.11
225 /bp/static/css/chunk-3978.f921bc55.css,3955,10,6,17,25,44,2,3021,0.00%,0.28871,1.12,0.12
226 /bp/static/js/chunk-3978.0d9e0b19.js,3955,36,27,62,81,142,9,4647,0.00%,0.28871,33.16,0.11
231 /api-public-web/public/api.do,3955,69,62,87,106,240,37,4440,0.00%,0.28871,0.19,0.27
228 /api-public-web/public/api.do,3955,70,61,82,96,208,35,4647,0.00%,0.28873,5.12,0.28
230 /api-public-web/public/api.do,3955,68,59,85,100,201,36,4650,0.00%,0.28873,0.19,0.27
232 /api-order-web/order/api.do,3955,22909,13442,35228,81976,148738,56,155908,0.68%,0.28848,169.26,0.28
229 /api-commodity-web/commodity/api.do,3954,179,130,251,369,794,73,11498,0.00%,0.28888,51.05,0.27
227 /api-commodity-web/commodity/api.do,3954,86,73,117,147,289,44,4617,0.00%,0.28889,8.89,0.28
会员等级1,3954,279,206,498,630,885,120,4883,0.00%,0.28888,4.1,0.53
432 /bp/static/css/chunk-019a.2baf4a13.css,3954,12,7,27,42,81,2,1010,0.00%,0.28889,0.57,0.12
433 /bp/static/js/chunk-019a.48481db0.js,3954,12,6,25,39,76,2,1023,0.00%,0.28889,1.68,0.12
434 /api-member-web/member/api.do,3954,254,184,462,592,859,111,4853,0.00%,0.28888,1.85,0.29
维权1,3954,4253,3900,5374,6662,10704,2556,15651,0.00%,0.28881,3.93,1.18
544 /bp/static/css/chunk-7ef8.5a8430ea.css,3954,11,6,26,41,74,2,310,0.00%,0.28887,0.39,0.12
543 /bp/static/js/chunk-7ef8.6ce4ab6a.js,3954,13,7,27,40,82,2,1009,0.00%,0.28887,3.12,0.12
545 /api-behavior-web/behavior/api.do,3954,75,67,103,125,257,40,1119,0.00%,0.28887,0.12,0.33
546 /api-behavior-web/behavior/api.do,3954,60,48,80,105,222,26,4583,0.00%,0.28887,0.17,0.28
538 /api-behavior-web/behavior/api.do,3954,4091,3758,5184,6415,10412,2363,15338,0.00%,0.28881,0.12,0.33
评价管理1,3953,153,99,218,326,695,19,11648,0.15%,0.28887,13.62,0.58
358 /bp/static/css/chunk-c883.7076f961.css,3953,29,14,52,86,220,5,4475,0.00%,0.28888,1.83,0.12
359 /bp/static/js/chunk-c883.aaab6061.js,3953,24,11,45,73,197,3,4471,0.00%,0.28886,4.37,0.12
360 /api-order-web/order/api.do,3953,99,71,116,155,299,3,11630,0.15%,0.28886,7.41,0.34
商品标签1,3953,390,310,553,717,1208,208,5884,0.00%,0.28885,6.35,0.53
213 /bp/static/js/chunk-ad1a.03533257.js,3953,19,8,32,49,105,2,4490,0.00%,0.28886,3.86,0.11
212 /bp/static/css/chunk-ad1a.c52b0c2f.css,3953,13,7,27,41,93,2,4557,0.00%,0.28885,0.32,0.12
214 /api-commodity-web/commodity/api.do,3953,357,289,488,665,1100,191,5337,0.00%,0.28885,2.17,0.3
查看售后详情1,3952,115,94,138,168,308,3,16048,0.15%,0.28882,2.16,0.28
409 /api-order-web/order/api.do,3952,115,94,138,168,308,3,16048,0.15%,0.28882,2.16,0.28
店铺设置1,3952,89,62,123,178,364,31,4883,0.00%,0.28882,2.97,0.5
624 /bp/static/css/chunk-5454.63be0156.css,3952,16,7,31,46,100,2,4606,0.00%,0.28883,0.32,0.12
625 /bp/static/js/chunk-5454.41d1f990.js,3952,15,6,27,42,105,2,4608,0.00%,0.28883,2.08,0.11
626 /api-manager-web/manager/api.do,3952,57,45,74,92,165,20,4799,0.00%,0.28882,0.58,0.27
积分管理1,3952,210,164,307,409,848,96,6436,0.00%,0.2888,14.51,0.78
428 /bp/static/css/chunk-09a0.13378698.css,3952,14,7,29,45,123,2,1025,0.00%,0.2888,0.88,0.12
429 /bp/static/js/chunk-09a0.10f6bc0c.js,3952,39,20,72,116,295,5,4972,0.00%,0.2888,11.98,0.11
431 /api-manager-web/manager/api.do,3952,54,45,73,92,233,22,4662,0.00%,0.2888,0.58,0.27
430 /api-member-web/member/api.do,3952,100,86,136,165,290,53,4537,0.00%,0.2888,1.07,0.27
交易设置1,3952,91,64,137,210,459,33,5075,0.00%,0.2888,5.5,0.5
634 /bp/static/js/chunk-37f1.766124bb.js,3952,20,10,39,59,201,3,4849,0.00%,0.2888,4.53,0.11
635 /bp/static/css/chunk-37f1.737c5177.css,3952,18,7,32,52,129,2,4599,0.00%,0.2888,0.39,0.12
636 /api-manager-web/manager/api.do,3952,52,44,70,93,182,20,4700,0.00%,0.2888,0.58,0.27
每日营收1,3952,107,80,151,220,444,46,4963,0.00%,0.2888,2.85,0.55
557 /bp/static/js/chunk-3096.e285b0e5.js,3952,15,6,28,43,121,2,4525,0.00%,0.2888,1.29,0.12
556 /bp/static/css/chunk-3096.4f6d2424.css,3952,15,7,30,43,114,2,4775,0.00%,0.2888,0.29,0.12
558 /api-financial-web/financial/api.do,3952,75,64,97,131,269,42,4585,0.00%,0.2888,1.27,0.31
客流分析1,3952,1389,1224,2019,2596,5885,584,7515,0.00%,0.28878,239.46,1.86
442 /cgi-bin/oss_log?inputc=utf-8&outputc=utf-8&func=OssLogNSid&outputf=json,3952,93,86,91,94,134,76,4761,0.00%,0.2888,0.07,0.64
444 /bp/static/css/chunk-3222.61d6e61d.css,3952,17,8,33,56,142,2,4541,0.00%,0.28882,0.28,0.12
445 /bp/static/js/chunk-3222.8d7eb718.js,3952,15,7,30,51,151,2,1013,0.00%,0.28883,3.05,0.11
443 /bp/static/js/chunk-5e49.f50e9721.js,3952,340,189,600,1090,3128,53,6074,0.00%,0.28882,235.4,0.11
447 /api-behavior-web/behavior/api.do,3952,156,142,220,282,396,61,4746,0.00%,0.28882,0.2,0.3
448 /matrix-admin/matrix/api.do,3952,169,147,221,257,420,106,4509,0.00%,0.28882,0.28,0.27
446 /api-behavior-web/behavior/api.do,3952,595,603,912,1030,1664,183,5475,0.00%,0.28881,0.22,0.3
售后管理1,3951,322,246,465,633,1230,17,21427,0.13%,0.2896,23.83,0.59
355 /bp/static/css/chunk-4c6d.48480655.css,3951,21,10,39,59,147,2,4607,0.00%,0.2896,0.57,0.12
356 /bp/static/js/chunk-4c6d.59c874e4.js,3951,28,13,54,91,274,3,4379,0.00%,0.2896,7.3,0.11
357 /api-order-web/order/api.do,3951,272,218,360,478,761,3,21364,0.13%,0.2896,15.95,0.36
支付方式1,3951,95,64,137,214,670,30,4909,0.00%,0.28958,5.11,0.5
640 /bp/static/css/chunk-23b1.6b94d135.css,3951,20,9,34,53,238,2,4339,0.00%,0.28958,0.32,0.12
641 /bp/static/js/chunk-23b1.f08e9b87.js,3951,18,7,34,55,249,2,3049,0.00%,0.28958,4.21,0.11
642 /api-manager-web/manager/api.do,3951,56,46,75,95,192,23,4681,0.00%,0.28958,0.58,0.27
提现明细1,3951,187,140,271,378,797,96,7768,0.00%,0.28958,12.09,0.92
559 /bp/static/css/chunk-4571.a7a8fae2.css,3951,16,7,31,47,150,3,4778,0.00%,0.28958,0.85,0.12
560 /bp/static/js/chunk-4571.e247ab6e.js,3951,29,13,50,84,279,3,4419,0.00%,0.28958,9.33,0.12
561 /api-financial-web/financial/api.do,3951,80,64,101,139,274,38,4653,0.00%,0.28958,1.84,0.34
562 /cgi-bin/oss_log?inputc=utf-8&outputc=utf-8&func=OssLogNSid&outputf=json,3951,60,47,87,89,123,38,3087,0.00%,0.28958,0.07,0.34
个人中心1,3951,335,281,438,543,1028,198,5309,0.00%,0.28957,3.83,1.24
295 /api-decoration-web/decoration/api.do,3951,69,58,91,119,239,34,4923,0.00%,0.28958,1.07,0.28
296 /api-manager-web/manager/api.do,3951,55,46,74,97,197,20,4625,0.00%,0.28958,0.58,0.27
297 /api-decoration-web/decoration/api.do,3951,108,90,130,163,306,54,4838,0.00%,0.28958,1.09,0.35
298 /api-decoration-web/decoration/api.do,3951,101,86,125,154,329,56,4835,0.00%,0.2896,1.09,0.35
查看顶大详情1,3951,268,202,377,472,1043,64,20062,0.13%,0.2896,6.42,0.95
383 /bp/undefined,3951,17,8,36,50,155,3,1068,0.00%,0.2896,1.85,0.11
385 /api-order-web/order/api.do,3951,65,42,78,103,204,4,19743,0.13%,0.2896,0.23,0.27
386 /mkt-api/v1/b/order-after-sale/order-rewards/100004530,3951,60,45,89,130,252,25,4939,0.00%,0.2896,0.12,0.17
384 /api-order-web/order/api.do,3951,104,89,137,176,307,3,4768,0.13%,0.2896,2.38,0.28
387 /bp/null,3951,19,8,35,52,181,3,4601,0.00%,0.2896,1.85,0.11
身份属性1,3951,371,300,494,594,1329,189,5970,0.00%,0.28959,3.48,1.12
460 /bp/static/css/chunk-8416.1b0b1eca.css,3951,17,6,31,45,139,1,4223,0.00%,0.2896,0.34,0.12
461 /bp/static/js/chunk-8416.83c18db0.js,3951,17,7,30,49,148,2,4922,0.00%,0.2896,2.7,0.11
462 /api-behavior-web/behavior/api.do,3951,129,109,182,227,326,62,4930,0.00%,0.2896,0.15,0.28
463 /api-behavior-web/behavior/api.do,3951,109,91,148,187,301,51,4926,0.00%,0.2896,0.13,0.3
464 /api-behavior-web/behavior/api.do,3951,98,76,123,154,282,44,4952,0.00%,0.2896,0.16,0.3
店铺模板1,3951,82,64,104,138,292,36,4974,0.00%,0.28958,0.26,0.28
162 /api-decoration-web/decoration/api.do,3951,82,64,104,138,292,36,4974,0.00%,0.28958,0.26,0.28
订单查询1,3951,319,259,447,553,917,4,19239,0.13%,0.28957,22.66,0.41
354 /api-order-web/order/api.do,3951,319,259,447,553,917,4,19239,0.13%,0.28957,22.66,0.41
应用首页1,3951,3597,1809,7640,11636,30066,915,42002,0.00%,0.28954,2291.38,4.06
573 /bp/static/css/chunk-115d.04e7bc32.css,3951,20,9,39,65,175,2,4607,0.00%,0.28958,0.23,0.12
574 /bp/static/js/chunk-115d.b82ad0d5.js,3951,14,6,31,48,153,2,1022,0.00%,0.28958,0.88,0.12
575 /vue/marketing/application/appIndex,3951,17,7,35,49,156,1,4308,0.00%,0.28958,0.28,0.19
579 /vue/marketing/static/js/manifest.9087841072449c17b8b3.js,3951,16,6,30,48,158,2,4503,0.00%,0.2896,1,0.17
577 /vue/marketing/static/js/app.adfc474ad66dff4ab8d1.js,3951,121,57,221,391,1116,12,5879,0.00%,0.2896,50.9,0.16
576 /vue/marketing/static/css/app.58c87d004f09948904d07d0da7c43c8a.css,3951,111,47,187,333,1155,20,5444,0.00%,0.2896,48.11,0.17
578 /vue/marketing/static/js/vendor.b491df705c18c58973e2.js,3951,470,222,854,1611,5147,67,10702,0.00%,0.28959,364.11,0.16
581 /vue/marketing/static/js/manifest.9087841072449c17b8b3.js.map,3951,30,9,45,92,322,2,4722,0.00%,0.2896,3.22,0.1
580 /vue/marketing/static/css/app.58c87d004f09948904d07d0da7c43c8a.css.map,3951,284,109,503,1008,3962,35,7415,0.00%,0.2896,221.59,0.11
582 /vue/marketing/static/js/3.4c8abdad0c0948d6c2f7.js,3951,22,8,40,70,311,1,4492,0.00%,0.2896,0.28,0.16
585 /vue/marketing/static/js/0.3d01bdb5a6121f112fd0.js,3951,18,7,35,61,168,2,4785,0.00%,0.2896,0.57,0.16
583 /vue/marketing/static/js/2.e1e3dec4c07f6968332f.js,3951,19,7,35,58,170,2,4563,0.00%,0.2896,2,0.16
584 /vue/marketing/static/js/4.4875777d19acf1e62717.js,3951,18,8,35,58,156,2,4569,0.00%,0.2896,0.58,0.16
586 /vue/marketing/static/js/5.8525ba17279002e36824.js,3951,34,10,50,96,370,3,4724,0.00%,0.2896,11.16,0.16
589 /vue/marketing/static/js/3.4c8abdad0c0948d6c2f7.js.map,3951,20,8,35,59,165,2,4748,0.00%,0.2896,1.6,0.1
590 /vue/marketing/static/js/4.4875777d19acf1e62717.js.map,3951,17,7,35,57,161,2,1039,0.00%,0.2896,3.21,0.1
592 /vue/marketing/static/js/0.3d01bdb5a6121f112fd0.js.map,3951,18,7,34,57,163,2,4531,0.00%,0.2896,2.59,0.1
591 /vue/marketing/static/js/2.e1e3dec4c07f6968332f.js.map,3951,20,8,37,64,178,2,4917,0.00%,0.2896,4.42,0.1
588 /vue/marketing/static/js/app.adfc474ad66dff4ab8d1.js.map,3951,233,88,424,796,3096,26,6329,0.00%,0.2896,167.13,0.1
594 /mkt-api/v1/b/app/topmenu,3951,78,57,107,193,366,31,4682,0.00%,0.2896,0.16,0.2
596 /mkt-api/v1/b/app/recommend,3951,82,62,123,162,298,32,4625,0.00%,0.2896,2.07,0.2
595 /mkt-api/v1/b/app/rank,3951,62,43,98,170,343,25,4527,0.00%,0.28958,4.75,0.2
593 /mkt-api/v1/b/app/my,3951,124,96,170,220,382,50,4996,0.00%,0.28958,4.87,0.2
597 /mkt-api/v1/b/app-general-info/count,3951,124,108,162,215,338,69,4924,0.00%,0.28958,0.1,0.21
598 /mkt-api/v1/b/app-general-info/activity,3951,59,40,84,127,260,22,4627,0.00%,0.28958,1.64,0.21
599 /vue/marketing/static/js/5.8525ba17279002e36824.js.map,3951,46,20,94,175,415,4,4691,0.00%,0.2896,16.83,0.1
587 /vue/marketing/static/js/vendor.b491df705c18c58973e2.js.map,3951,1506,658,3279,6160,14617,206,22656,0.00%,0.28958,1377.46,0.1
全部客户1,3951,2161,1446,3877,6460,12488,776,22984,0.00%,0.28954,1422.84,1.93
410 /bp/static/css/chunk-48f6.6ed2f2b9.css,3951,33,10,72,127,322,3,4280,0.00%,0.28958,1.87,0.12
411 /bp/static/js/chunk-48f6.90fdca36.js,3951,50,13,112,216,496,4,4851,0.00%,0.28958,15.74,0.12
412 /api-member-web/member/api.do,3951,1419,850,2763,4866,9633,393,19782,0.00%,0.28955,1369.2,0.28
413 /matrix-admin/matrix/api.do,3951,186,153,238,298,479,109,4840,0.00%,0.28957,0.28,0.27
414 /api-member-web/member/api.do,3951,163,115,260,360,799,65,4906,0.00%,0.28958,27.8,0.28
415 /api-member-web/member/api.do,3951,92,76,131,165,291,42,4643,0.00%,0.28958,1.66,0.27
416 /bp/%5B%22http://tmp/wx2a585c6560854c3a.o6zAJs9E7wuhhQFgrmB53kYD-ELg.sm0TwJKtSvUQc6333bcbb9d872600cd767a499a050fb.jpg%22%5D,3951,21,9,38,60,167,3,4625,0.00%,0.28958,1.85,0.15
417 /mmopen/vi_32/Q0j4TwGTfTIfa9ia7IUkE3oTPich6ol2bJDC0ogcw2FLZV5IXfrbGXZvK73lX67iaqu3SuH5cDaxUSxKhSSzAHqtg/132,3951,81,79,85,88,111,11,21102,0.00%,0.28958,1.5,0.15
419 /mmopen/vi_32/PPIC3MHpGHZtDicgicD1laZpvLXO6zj7ZL6JWMaogND2k8tblnRvp8kjH4NsheUFgBbqQicNTFVqicyukFjobicbnlg/132,3951,50,43,80,88,103,5,4445,0.00%,0.28958,1.51,0.15
418 /mmopen/vi_32/DYAIOgq83eruicxO0E8tv0aTY6s6kEicfYPCjURoRzicNKG3uQzB90oaLmNAh7YicEEZnUUCdXm1JANOQBe4zoric0A/132,3951,62,43,102,104,114,5,414,0.00%,0.28958,1.51,0.15
快递发货1,3951,537,417,731,1004,2888,58,10246,0.08%,0.28959,7.73,0.82
361 /bp/static/css/chunk-546a.22ff1161.css,3951,20,9,36,59,175,1,4603,0.00%,0.2896,0.29,0.12
362 /bp/static/js/chunk-546a.ec60cb74.js,3951,18,7,33,56,175,2,4766,0.00%,0.2896,3.24,0.11
364 /api-manager-web/manager/api.do,3951,56,47,82,110,214,20,1077,0.00%,0.2896,0.58,0.27
363 /api-order-web/order/api.do,3951,440,346,567,728,2691,3,10068,0.08%,0.28959,3.63,0.31
客户营销1,3951,163,123,264,369,734,75,5540,0.00%,0.28957,3.54,0.56
616 /vue/marketing/static/js/42.437ee8f594cb822240f7.js,3951,19,9,39,60,180,2,1643,0.00%,0.28957,0.58,0.12
618 /vue/marketing/static/js/42.437ee8f594cb822240f7.js.map,3951,18,8,35,57,172,2,4457,0.00%,0.28958,2.33,0.1
617 /mkt-api/v1/b/app/menu,3951,57,44,87,124,254,24,4871,0.00%,0.28958,0.46,0.17
619 /mkt-api/v1/b/app/topmenu,3951,67,56,96,136,263,33,1072,0.00%,0.28958,0.16,0.16
新建分类1,3951,60,27,104,183,474,7,5840,0.00%,0.28958,0.35,0.34
330 /web-file/file-server/api_file_remote_upload.do,3951,25,11,42,65,160,3,5422,0.00%,0.28958,0.09,0.13
329 /bp/static/UEditor/themes/iframe.css,3951,18,7,35,55,161,1,4595,0.00%,0.28958,0.1,0.1
331 /bp/static/UEditor/dialogs/xiumi/xiumi-ue-v5.css,3951,16,6,33,53,154,1,4638,0.00%,0.28958,0.15,0.11
商品分类1,7803,209,230,336,388,566,45,5116,0.00%,0.57047,13.75,1.6
210 /api-commodity-web/commodity/api.do,3951,97,71,137,198,382,41,4858,0.00%,0.28958,8.9,0.28
211 /bp/null,3951,20,9,34,57,166,3,4605,0.00%,0.28958,1.85,0.11
渠道应用1,3951,581,527,696,806,1267,451,6320,0.00%,0.28959,4.28,0.56
604 /vue/marketing/static/js/59.1fef134db15b7f918e6a.js,3951,18,8,34,52,142,2,4625,0.00%,0.2896,0.58,0.12
607 /vue/marketing/static/js/59.1fef134db15b7f918e6a.js.map,3951,18,7,32,52,160,2,5249,0.00%,0.2896,2.33,0.1
606 /mkt-api/v1/b/app/topmenu,3951,69,56,93,125,279,33,4928,0.00%,0.2896,0.16,0.16
605 /mkt-api/v1/b/app/menu,3951,476,451,514,577,716,395,4997,0.00%,0.28959,1.22,0.17
查看发货信息1,3951,254,189,343,438,708,55,18277,0.08%,0.28957,2.72,0.73
392 /api-order-web/order/api.do,3951,68,45,89,119,280,13,16893,0.08%,0.28958,0.23,0.28
391 /api-order-web/order/api.do,3951,124,91,149,193,322,6,18193,0.03%,0.28958,2.38,0.28
393 /mkt-api/v1/b/order-after-sale/order-rewards/100004530,3951,61,48,92,132,266,26,1570,0.00%,0.28958,0.12,0.17
消息设置1,3951,164,121,249,357,804,66,5075,0.00%,0.2896,13.41,0.5
627 /bp/static/css/chunk-716d.8f597973.css,3951,15,7,33,53,146,2,315,0.00%,0.2896,0.38,0.12
628 /bp/static/js/chunk-716d.da0b0006.js,3951,16,7,34,49,147,2,2243,0.00%,0.2896,2.74,0.11
629 /api-manager-web/manager/api.do,3951,132,103,181,262,471,53,5041,0.00%,0.2896,10.29,0.27
创意设计1,3951,262,233,346,434,646,160,5433,0.00%,0.28959,3.2,0.59
164 /api-decoration-web/decoration/api.do,3951,75,64,102,135,263,36,5053,0.00%,0.2896,0.76,0.28
163 /api-decoration-web/decoration/api.do,3951,186,167,237,296,449,109,4705,0.00%,0.2896,2.44,0.31
微信店铺1,3951,4634,4168,6004,7972,10819,3312,15282,100.00%,0.28952,43.8,9.67
118 /api-decoration-web/decoration/api.do,3951,68,59,98,128,210,35,1054,0.00%,0.2896,0.66,0.28
141 /mkt-api/v1/c/package-buy/get-package-buy-list,3951,139,119,187,238,388,73,4659,0.00%,0.28959,0.56,0.18
151 /mkt-api/v1/c/app-group-buy/listGoods,3951,56,43,83,118,251,24,4667,0.00%,0.28958,0.07,0.17
133 /api-commodity-web/commodity/api.do,3951,103,87,145,196,326,48,4969,0.00%,0.28958,2.58,0.32
128 /api-commodity-web/commodity/api.do,3951,101,83,138,183,305,44,4693,0.00%,0.28958,1.33,0.29
137 /mkt-api/v1/c/app-group-buy/listGoods,3951,78,64,103,139,278,36,4740,0.00%,0.2896,0.07,0.19
138 /mkt-api/v1/c/app-reward,3951,53,39,80,115,253,20,4856,0.00%,0.2896,0.07,0.17
149 /mkt-api/v1/c/seckill/get-activity-goods,3951,176,155,228,301,422,101,4854,100.00%,0.2896,0.07,0.18
140 /mkt-api/v1/c/app-group-buy/listGoods,3951,80,63,99,131,280,38,4860,0.00%,0.2896,0.07,0.19
157 /mkt-api/v1/c/seckill/get-activity-goods,3951,182,156,230,309,476,103,4718,100.00%,0.2896,0.07,0.18
122 /api-decoration-web/decoration/api.do,3951,55,45,83,109,203,23,4717,0.00%,0.2896,0.18,0.28
139 /mkt-api/v1/c/app-group-buy/listGoods,3951,55,42,75,110,263,24,4395,0.00%,0.2896,0.07,0.17
127 /mkt-api/v1/c/limit-discount/get-activity-goods,3951,171,152,222,274,419,100,4759,100.00%,0.2896,0.07,0.18
131 /mkt-api/v1/c/limit-discount/get-activity-goods,3951,268,243,341,450,590,171,4498,100.00%,0.28962,0.07,0.2
136 /mkt-api/v1/c/goodsbale/list/346507174823989248,3951,56,44,84,120,257,25,3327,0.00%,0.2896,0.32,0.17
126 /mkt-api/v1/c/seckill/get-activity-goods,3951,173,156,229,280,387,102,4470,100.00%,0.2896,0.07,0.18
150 /api-decoration-web/decoration/api.do,3951,110,96,141,177,329,59,4928,0.00%,0.2896,2.29,0.34
142 /mkt-api/v1/c/app-group-buy/listGoods,3951,74,62,96,127,277,37,4964,0.00%,0.28962,0.07,0.17
124 /api-manager-web/manager/api.do,3951,55,46,77,102,181,22,4584,0.00%,0.28962,0.58,0.27
134 /api-commodity-web/commodity/api.do,3951,84,71,121,152,288,40,4372,0.00%,0.28962,0.75,0.29
156 /mkt-api/v1/c/seckill/get-activity-goods,3951,179,157,233,294,442,102,4581,100.00%,0.28962,0.07,0.18
153 /mkt-api/v1/c/seckill/get-activity-goods,3951,179,155,228,301,438,99,4582,100.00%,0.28962,0.07,0.18
144 /api-decoration-web/decoration/api.do,3951,109,93,139,174,321,60,4765,0.00%,0.28962,2.29,0.34
130 /mkt-api/v1/c/limit-discount/get-activity-goods,3951,138,121,186,230,368,75,4440,100.00%,0.28962,0.07,0.18
121 /api-decoration-web/decoration/api.do,3951,106,91,137,174,310,59,4956,0.00%,0.28962,2.29,0.34
125 /api-manager-web/manager/api.do,3951,54,47,77,102,196,23,1086,0.00%,0.28962,0.58,0.27
145 /api-decoration-web/decoration/api.do,3951,104,91,135,168,314,61,4229,0.00%,0.28962,2.29,0.34
155 /mkt-api/v1/c/seckill/get-activity-goods,3951,180,157,226,282,420,104,5604,100.00%,0.28962,0.07,0.18
132 /mkt-api/v1/c/limit-discount/get-activity-goods,3951,231,206,295,391,487,147,4932,100.00%,0.28962,0.07,0.18
148 /mkt-api/v1/c/limit-discount/get-activity-goods,3951,270,242,336,437,573,177,4743,100.00%,0.28961,0.07,0.2
146 /mkt-api/v1/c/app-group-buy/listGoods,3951,56,42,79,111,263,23,4498,0.00%,0.28962,0.07,0.17
143 /api-commodity-web/commodity/api.do,3951,82,67,116,145,281,38,4568,0.00%,0.28962,0.43,0.29
147 /mkt-api/v1/c/goodsbale/list/346507174823989248,3951,54,43,76,109,254,24,4501,0.00%,0.28962,0.32,0.17
119 /api-manager-web/manager/api.do,3951,53,45,74,98,195,22,1065,0.00%,0.28962,0.58,0.27
152 /api-commodity-web/commodity/api.do,3951,132,108,185,255,403,58,4938,0.00%,0.28962,6.52,0.36
120 /api-decoration-web/decoration/api.do,3951,73,62,99,127,234,32,4690,0.00%,0.28962,0.21,0.28
135 /api-commodity-web/commodity/api.do,3951,79,66,113,147,283,39,4570,0.00%,0.28962,0.89,0.32
123 /api-decoration-web/decoration/api.do,3951,130,117,154,186,296,88,4715,0.00%,0.28962,0.14,0.28
129 /api-commodity-web/commodity/api.do,3951,147,125,206,266,441,71,4975,0.00%,0.28962,9.21,0.38
154 /api-commodity-web/commodity/api.do,3951,122,102,163,213,391,58,4900,0.00%,0.28962,7.45,0.34
营收状况1,3951,198,165,276,368,688,108,4876,0.00%,0.28961,4.1,0.82
549 /bp/static/css/chunk-e68f.30679504.css,3951,15,7,30,47,152,2,1528,0.00%,0.28962,0.43,0.12
550 /bp/static/js/chunk-e68f.999f57c4.js,3951,16,7,25,44,136,2,4625,0.00%,0.28962,2.82,0.12
551 /api-financial-web/financial/api.do,3951,85,74,115,160,274,47,408,0.00%,0.28962,0.71,0.3
552 /api-financial-web/financial/api.do,3951,81,71,109,151,266,44,1067,0.00%,0.28962,0.14,0.28
概况1,3951,585,530,743,898,1394,306,13296,0.00%,0.28961,5.89,1.25
115 /api-behavior-web/behavior/api.do,3951,222,224,297,342,481,72,4859,0.00%,0.28962,0.17,0.27
116 /api-order-web/order/api.do,3951,105,84,125,164,294,52,12878,0.00%,0.28962,0.14,0.27
113 /api-manager-web/manager/api.do,3951,54,45,71,93,191,21,4568,0.00%,0.28962,0.58,0.27
114 /mkt-api/v1/b/app/my,3951,116,96,164,209,405,53,4692,0.00%,0.28962,4.87,0.17
117 /api-commodity-web/commodity/api.do,3951,86,74,124,158,283,41,1248,0.00%,0.28962,0.13,0.27
分类管理1,3951,345,324,399,457,605,251,5016,0.00%,0.28961,2,0.31
324 /api-decoration-web/decoration/api.do,3951,345,324,399,457,605,251,5016,0.00%,0.28961,2,0.31
收支明细1,3951,114,88,159,227,479,56,5144,0.00%,0.28964,5.53,0.62
553 /bp/static/css/chunk-180a.bd4d9874.css,3951,17,7,31,47,164,2,4694,0.00%,0.28964,0.29,0.12
554 /bp/static/js/chunk-180a.cadb327b.js,3951,14,7,27,45,133,2,1008,0.00%,0.28964,3.62,0.12
555 /api-financial-web/financial/api.do,3951,82,69,103,141,276,44,4845,0.00%,0.28964,1.62,0.38
批量改价1,3951,321,272,453,569,1126,163,5555,0.00%,0.28962,29.12,0.82
219 /bp/static/js/chunk-36a8.690f3f5b.js,3951,16,8,29,45,156,2,1249,0.00%,0.28962,3.49,0.11
218 /bp/static/css/chunk-36a8.abce21dd.css,3951,14,7,23,39,119,2,4596,0.00%,0.28962,0.56,0.12
221 /api-commodity-web/commodity/api.do,3951,96,81,141,182,355,45,655,0.00%,0.28962,8.91,0.27
220 /api-commodity-web/commodity/api.do,3951,194,168,269,343,571,92,4865,0.00%,0.28962,16.16,0.31
注册协议1,3951,504,327,703,1307,4523,163,9514,0.00%,0.28961,204.95,2.21
188 /bp/static/css/chunk-8782.a723d8e0.css,3951,17,7,31,50,164,2,3191,0.00%,0.28962,0.4,0.12
189 /bp/static/js/chunk-8782.13bbe8c5.js,3951,13,7,26,42,128,2,1020,0.00%,0.28962,3.04,0.12
187 /bp/static/js/chunk-f30ad.51fb90df.js,3951,22,13,41,61,182,4,1030,0.00%,0.28962,8.16,0.12
190 /bp/static/UEditor/ueditor.config.js,3951,19,12,35,56,148,3,1066,0.00%,0.28962,6.88,0.12
192 /bp/static/UEditor/ueditor.all.min.js,3951,146,88,228,400,1243,27,5689,0.00%,0.28962,108.26,0.12
191 /api-public-web/public/api.do,3951,69,58,87,115,293,35,4414,0.00%,0.28964,2.2,0.28
193 /bp/static/UEditor/lang/zh-cn/zh-cn.js,3951,20,10,33,52,252,3,1505,0.00%,0.28966,8.4,0.12
194 /bp/static/UEditor/themes/default/css/ueditor.css,3951,14,8,23,38,123,3,1012,0.00%,0.28966,2.44,0.12
195 /web-file/file-server/api_file_remote_upload.do,3951,17,9,29,44,125,3,4398,0.00%,0.28966,0.09,0.13
196 /bp/static/UEditor/themes/default/images/xiumi_logo.png,3951,10,5,19,33,115,2,1058,0.00%,0.28966,1.36,0.13
198 /bp/static/UEditor/themes/default/images/scale.png,3951,13,6,24,41,119,1,4220,0.00%,0.28966,0.14,0.14
199 /bp/static/UEditor/themes/iframe.css,3951,11,5,21,36,128,1,1040,0.00%,0.28966,0.1,0.1
197 /bp/static/UEditor/themes/default/images/icons.png,3951,15,7,23,43,169,2,4235,0.00%,0.28966,5.67,0.14
201 /bp/static/UEditor/third-party/codemirror/codemirror.css,3951,14,6,26,45,132,2,1028,0.00%,0.28966,0.38,0.13
203 /bp/static/UEditor/dialogs/xiumi/xiumi-ue-v5.css,3951,11,5,23,39,115,1,1010,0.00%,0.28966,0.15,0.11
202 /bp/static/UEditor/third-party/zeroclipboard/ZeroClipboard.js,3951,23,12,37,63,255,4,1600,0.00%,0.28966,12.32,0.12
200 /bp/static/UEditor/third-party/codemirror/codemirror.js,3951,62,35,92,160,603,12,5130,0.00%,0.28966,44.96,0.12
子账号管理1,3951,180,127,244,381,1402,66,5578,0.00%,0.28966,91.43,0.53
656 /bp/static/css/chunk-c25f.e25d7c6a.css,3951,12,6,22,36,147,2,468,0.00%,0.28966,0.26,0.12
657 /bp/static/js/chunk-c25f.da2d8d43.js,3951,10,5,18,32,114,2,832,0.00%,0.28966,1.54,0.11
658 /api-manager-web/manager/api.do,3951,157,113,213,331,1074,56,5295,0.00%,0.28966,89.63,0.3
商品交易1,3951,300407,300414,300640,300868,302990,52624,307670,99.60%,0.28342,12.22,1.46
472 /bp/static/css/chunk-b4d9.e5f79548.css,3951,15,7,27,44,156,2,4729,0.00%,0.28966,0.43,0.12
473 /bp/static/js/chunk-b4d9.de12c12a.js,3951,15,6,22,39,114,2,4367,0.00%,0.28966,2.84,0.12
471 /bp/static/js/chunk-1205.c4dc7f0a.js,3951,19,8,27,46,208,3,5416,0.00%,0.28966,8.47,0.12
474 /api-behavior-web/behavior/api.do,3951,131,117,176,223,338,72,4242,0.00%,0.28964,0.16,0.28
476 /api-behavior-web/behavior/api.do,3951,112,98,153,193,316,52,4650,0.00%,0.28964,0.25,0.3
477 /matrix-admin/matrix/api.do,3951,165,144,211,246,377,108,4664,0.00%,0.28964,0.28,0.27
475 /api-behavior-web/behavior/api.do,3951,299946,300006,300041,300091,301682,52279,304171,99.60%,0.28341,0.06,0.27
商品导入1,3855,119,96,167,238,413,52,4786,0.00%,0.28842,6.15,0.51
216 /bp/static/js/chunk-567e.453f6c61.js,3855,27,14,50,80,225,4,3027,0.00%,0.28842,1.93,0.11
215 /bp/static/css/chunk-567e.8a7de1ae.css,3855,16,7,28,43,77,3,4557,0.00%,0.28842,2.05,0.12
217 /api-commodity-web/commodity/api.do,3855,76,69,99,117,253,41,4660,0.00%,0.28842,2.17,0.28
查看发货1,3854,210,170,262,333,503,67,14019,0.05%,0.28847,2.72,0.72
381 /api-order-web/order/api.do,3854,57,42,72,88,209,6,12004,0.05%,0.28847,0.23,0.27
380 /mkt-api/v1/b/order-after-sale/order-rewards/100004303,3854,57,44,81,121,251,27,4612,0.00%,0.28847,0.12,0.17
379 /api-order-web/order/api.do,3854,95,77,113,132,289,4,13817,0.03%,0.28849,2.38,0.28
路径转化1,3854,6027,5729,8721,11639,26099,1511,42830,0.00%,0.28848,0.49,0.57
466 /matrix-admin/matrix/api.do,3854,163,146,213,243,366,109,4622,0.00%,0.28851,0.28,0.27
465 /api-behavior-web/behavior/api.do,3854,5864,5570,8540,11449,25907,1331,42689,0.00%,0.28848,0.21,0.3
会员设置1,3854,84,69,126,159,325,31,4331,0.00%,0.28877,1.55,0.5
637 /bp/static/css/chunk-3693.a67f0e5e.css,3854,22,13,45,57,124,2,3009,0.00%,0.28877,0.24,0.12
638 /bp/static/js/chunk-3693.c29b1990.js,3854,10,6,21,32,64,2,318,0.00%,0.28878,0.73,0.11
639 /api-manager-web/manager/api.do,3854,51,45,68,82,146,22,4283,0.00%,0.28877,0.58,0.27
店铺导航1,3854,133,120,168,207,352,69,4536,0.00%,0.28877,4.03,0.56
303 /api-manager-web/manager/api.do,3854,49,44,66,79,127,20,4372,0.00%,0.28877,0.58,0.27
304 /api-decoration-web/decoration/api.do,3854,84,74,108,129,282,41,4254,0.00%,0.2888,3.45,0.29
特色玩法1,3854,145,122,203,268,440,75,4934,0.00%,0.28879,4.29,0.55
612 /vue/marketing/static/js/64.b82f3434ff768c92a1a2.js,3854,11,6,25,36,75,2,1024,0.00%,0.2888,0.58,0.12
614 /mkt-api/v1/b/app/topmenu,3854,65,54,86,114,262,32,4534,0.00%,0.28879,0.16,0.16
613 /mkt-api/v1/b/app/menu,3854,55,47,77,97,250,28,1135,0.00%,0.2888,1.25,0.16
615 /vue/marketing/static/js/64.b82f3434ff768c92a1a2.js.map,3854,12,7,24,36,68,2,1021,0.00%,0.2888,2.3,0.1
积分消耗1,3854,1531,1439,1948,2154,3127,861,6560,0.00%,0.28877,0.63,0.61
548 /matrix-admin/matrix/api.do,3854,60,54,79,96,177,29,4320,0.00%,0.28879,0.51,0.28
547 /api-behavior-web/behavior/api.do,3854,1471,1382,1879,2098,3046,824,6502,0.00%,0.28875,0.12,0.33
素材管理1,3854,439,354,627,805,1711,206,9883,0.00%,0.28881,171.31,0.94
177 /bp/static/css/chunk-0800.6388a2d2.css,3854,18,9,36,53,107,3,1635,0.00%,0.28882,2.64,0.12
178 /bp/static/js/chunk-0800.431bf233.js,3854,40,23,66,94,216,6,9608,0.00%,0.28882,15.79,0.11
176 /bp/static/js/chunk-31f7.e6007105.js,3854,34,22,60,87,218,6,4546,0.00%,0.28882,16.82,0.11
179 /api-decoration-web/decoration/api.do,3854,106,99,130,148,232,69,4433,0.00%,0.28882,2.7,0.31
180 /api-decoration-web/decoration/api.do,3854,239,187,367,486,982,84,5097,0.00%,0.28881,133.37,0.28
启动广告1,3854,160,142,212,257,406,87,4612,0.00%,0.28882,4.51,0.82
166 /bp/static/js/chunk-d656.670562b1.js,3854,13,9,26,37,68,2,1006,0.00%,0.28882,2.56,0.12
165 /bp/static/css/chunk-d656.ba5ad5b2.css,3854,10,6,21,31,50,1,1042,0.00%,0.28882,0.3,0.12
168 /api-manager-web/manager/api.do,3854,48,44,64,74,140,23,1142,0.00%,0.28882,0.58,0.27
167 /api-decoration-web/decoration/api.do,3854,87,79,114,133,232,47,4531,0.00%,0.28882,1.08,0.31
工具应用1,3854,142,115,195,268,461,73,5044,0.00%,0.28882,3.51,0.59
600 /vue/marketing/static/js/61.6cd5de3a6fc56fef0a0f.js,3854,12,7,27,40,80,2,353,0.00%,0.28882,0.58,0.16
603 /vue/marketing/static/js/61.6cd5de3a6fc56fef0a0f.js.map,3854,12,7,25,36,70,2,427,0.00%,0.28882,2.3,0.1
601 /mkt-api/v1/b/app/menu,3854,53,41,69,92,253,24,4841,0.00%,0.28882,0.47,0.16
602 /mkt-api/v1/b/app/topmenu,3854,64,54,80,98,263,31,4538,0.00%,0.28882,0.16,0.16
店铺风格1,3854,1078,724,1842,2786,6656,278,20028,0.00%,0.2888,1565.67,0.64
172 /bp/static/css/chunk-5491.27c0714a.css,3854,12,7,26,37,86,2,1005,0.00%,0.28882,0.34,0.12
173 /bp/static/js/chunk-5491.99947efc.js,3854,877,573,1498,2312,6012,190,18875,0.00%,0.2888,1375.8,0.12
174 /api-decoration-web/decoration/api.do,3854,72,63,100,122,213,33,4573,0.00%,0.28882,0.2,0.27
175 /bp/static/img/goodsDetail12.2dd8970.png,3854,116,68,217,341,762,25,6084,0.00%,0.28884,189.37,0.13
客户信息1,3854,210,186,287,355,509,112,4806,0.00%,0.28884,22.62,1
487 /bp/static/css/chunk-54b9.5a6beb64.css,3854,13,7,27,39,91,2,1008,0.00%,0.28884,0.4,0.12
486 /bp/static/js/Eq48.ccd7f05f.js,3854,16,10,31,47,89,4,1071,0.00%,0.28884,17.41,0.12
488 /bp/static/js/chunk-54b9.5b49cb51.js,3854,10,7,22,30,53,2,270,0.00%,0.28884,4.11,0.12
490 /matrix-admin/matrix/api.do,3854,59,54,77,88,164,29,1115,0.00%,0.28884,0.58,0.28
489 /api-behavior-web/behavior/api.do,3854,109,99,142,162,284,60,4725,0.00%,0.28884,0.12,0.37
会员消费1,3854,1502,730,3120,4779,21090,228,93462,1.01%,0.28882,3,0.61
467 /zh-CN/livetile/preinstall,3854,1375,600,2969,4546,21000,153,93383,1.01%,0.28882,1.29,0.07
468 /bp/static/css/chunk-33c7.f3876485.css,3853,17,9,32,44,93,2,4250,0.00%,0.28879,0.24,0.12
469 /bp/static/js/chunk-33c7.821b59db.js,3853,9,5,19,28,47,2,1022,0.00%,0.28879,0.96,0.11
470 /api-behavior-web/behavior/api.do,3853,98,88,129,148,286,50,4641,0.00%,0.28879,0.51,0.3
提现设置1,3853,71,61,101,123,200,30,4547,0.00%,0.28878,2.73,0.5
650 /bp/static/js/chunk-212d.a105ada7.js,3853,11,6,23,32,52,2,1013,0.00%,0.28879,1.87,0.11
649 /bp/static/css/chunk-212d.019500fc.css,3853,10,6,21,31,45,2,1160,0.00%,0.28879,0.28,0.12
651 /api-manager-web/manager/api.do,3853,49,44,65,75,107,21,4527,0.00%,0.28879,0.58,0.27
店铺促销1,3853,147,125,199,269,396,79,4974,0.00%,0.28878,4.81,0.56
608 /vue/marketing/static/js/25.2db2495c92361f93fd86.js,3853,11,6,23,32,61,2,1020,0.00%,0.28879,0.58,0.12
611 /vue/marketing/static/js/25.2db2495c92361f93fd86.js.map,3853,12,6,22,32,52,2,4491,0.00%,0.28879,2.32,0.1
609 /mkt-api/v1/b/app/topmenu,3853,64,54,81,102,272,33,4759,0.00%,0.28879,0.16,0.16
610 /mkt-api/v1/b/app/menu,3853,60,51,81,100,259,32,1104,0.00%,0.28876,1.75,0.17
商品列表1,3853,259,234,344,411,581,153,4827,0.00%,0.28876,25.01,0.58
209 /api-commodity-web/commodity/api.do,3853,88,74,114,141,282,45,4549,0.00%,0.28876,8.88,0.27
208 /api-commodity-web/commodity/api.do,3853,170,156,226,271,402,90,789,0.00%,0.28876,16.13,0.31
客户标签1,3853,229,181,389,502,730,64,4894,0.00%,0.28876,4.98,0.52
420 /bp/static/css/chunk-5951.17bfe6ac.css,3853,14,7,24,35,63,2,4437,0.00%,0.28877,0.59,0.12
421 /bp/static/js/chunk-5951.4ed2bfd4.js,3853,10,6,21,31,46,2,1016,0.00%,0.28877,1.84,0.11
422 /api-member-web/member/api.do,3853,204,158,357,476,697,49,4849,0.00%,0.28876,2.55,0.28
300 /api-manager-web/manager/api.do,3852,51,46,67,78,122,22,4589,0.00%,0.28869,0.58,0.27
299 /api-decoration-web/decoration/api.do,3851,63,57,84,99,162,34,1070,0.00%,0.28861,0.37,0.28
301 /api-decoration-web/decoration/api.do,3851,94,88,118,133,212,53,4338,0.00%,0.28861,1.08,0.35
302 /api-decoration-web/decoration/api.do,3850,92,84,116,134,283,54,4600,0.00%,0.2888,1.08,0.35
页面模板1,3850,27,19,51,71,146,6,1145,0.00%,0.28878,6.04,0.24
181 /bp/static/css/chunk-9ac1.c996cab9.css,3850,11,6,25,36,50,2,1082,0.00%,0.28878,1.01,0.12
182 /bp/static/js/chunk-9ac1.aa974d37.js,3850,16,10,34,45,88,3,431,0.00%,0.28878,5.04,0.12
会员卡1,3850,449,401,613,692,948,250,6757,0.00%,0.28877,31.62,1.46
436 /bp/static/css/chunk-d07c.5934dcc2.css,3850,11,7,23,33,64,2,1024,0.00%,0.28878,0.49,0.12
437 /bp/static/js/chunk-d07c.c6655906.js,3850,12,8,26,37,68,2,229,0.00%,0.28878,4.45,0.12
435 /bp/static/js/s6Cc.b9ae4913.js,3850,32,20,54,74,152,5,4738,0.00%,0.28878,17.63,0.11
440 /api-member-web/member/api.do,3850,88,78,111,131,276,47,4774,0.00%,0.28877,1.45,0.27
439 /api-member-web/member/api.do,3850,78,70,105,127,256,42,373,0.00%,0.28878,1.72,0.29
441 /api-member-web/member/api.do,3850,76,68,106,124,256,38,1091,0.00%,0.28878,0.2,0.27
438 /api-member-web/member/api.do,3850,149,110,287,319,407,61,4278,0.00%,0.28878,5.68,0.29
互动营销1,3850,132,109,177,229,396,69,4717,0.00%,0.28878,3.35,0.56
620 /vue/marketing/static/js/27.c1be3347fff06b41d0b5.js,3850,13,6,25,38,59,2,4372,0.00%,0.28878,0.58,0.13
621 /mkt-api/v1/b/app/menu,3850,46,39,64,78,231,22,1072,0.00%,0.28878,0.27,0.17
622 /mkt-api/v1/b/app/topmenu,3850,60,52,77,94,258,31,1083,0.00%,0.2888,0.16,0.16
623 /vue/marketing/static/js/27.c1be3347fff06b41d0b5.js.map,3850,12,5,18,28,53,2,4502,0.00%,0.2888,2.34,0.1
客户余额1,3850,91,81,120,144,264,49,4594,0.00%,0.2888,4.67,0.56
563 /bp/static/css/chunk-a142.bcc94f67.css,3850,9,6,20,30,48,2,1006,0.00%,0.2888,0.29,0.12
564 /bp/static/js/chunk-a142.6baa873e.js,3850,9,5,18,26,48,2,1008,0.00%,0.2888,2.44,0.12
565 /api-financial-web/financial/api.do,3850,72,66,89,100,170,42,4531,0.00%,0.2888,1.95,0.32
栏目内容1,3850,160,147,209,250,374,95,4562,0.00%,0.2888,1.62,0.79
183 /bp/static/js/chunk-394a.9e878e27.js,3850,10,6,21,29,51,2,1007,0.00%,0.2888,0.87,0.12
184 /bp/static/css/chunk-394a.67dad1e5.css,3850,10,6,23,36,48,2,286,0.00%,0.2888,0.26,0.12
185 /api-decoration-web/decoration/api.do,3850,69,64,92,105,175,38,395,0.00%,0.2888,0.25,0.28
186 /api-decoration-web/decoration/api.do,3850,69,63,91,105,175,38,4475,0.00%,0.2888,0.25,0.28
推客奖励1,3850,116,95,166,206,362,57,4797,0.00%,0.28878,3.95,0.59
569 /bp/static/css/chunk-d7be.185c0ea1.css,3850,10,5,20,30,50,2,3071,0.00%,0.28878,0.41,0.12
570 /bp/static/js/chunk-d7be.dbe7916b.js,3850,11,7,22,34,56,2,438,0.00%,0.28878,2.82,0.12
571 /mkt-api/v1/b/recordMarketingPresent/statistics,3850,43,33,57,80,151,19,4631,0.00%,0.28878,0.11,0.17
572 /mkt-api/v1/b/recordMarketingPresent/detail-list,3850,51,43,66,90,244,27,1067,0.00%,0.28878,0.62,0.19
电子面单1,3850,91,78,123,150,297,17,4655,0.03%,0.28878,2.69,0.55
366 /bp/static/js/chunk-62c1.60b61cc0.js,3850,11,6,20,29,53,2,3030,0.00%,0.28878,2.08,0.12
365 /bp/static/css/chunk-62c1.dec5af7d.css,3850,9,6,21,29,48,2,1007,0.00%,0.28878,0.25,0.12
367 /api-order-web/order/api.do,3850,70,62,90,105,262,5,4639,0.03%,0.28878,0.36,0.32
客单价1,3850,165,153,211,243,382,88,3203,0.00%,0.28878,0.46,0.59
492 /api-behavior-web/behavior/api.do,3850,95,88,127,144,246,48,1263,0.00%,0.28878,0.31,0.31
491 /api-behavior-web/behavior/api.do,3850,69,61,93,110,217,35,3085,0.00%,0.28878,0.15,0.28
咨询1,3850,98,83,131,166,301,47,4659,0.00%,0.28877,5.14,0.54
204 /bp/static/css/chunk-4db3.3bb60565.css,3850,10,6,22,33,63,2,224,0.00%,0.28878,0.36,0.12
205 /bp/static/js/chunk-4db3.f2e42ad9.js,3850,13,8,25,39,78,2,1027,0.00%,0.28878,4.38,0.12
206 /api-decoration-web/decoration/api.do,3850,74,65,93,108,259,39,4638,0.00%,0.28877,0.39,0.31
评价1,3850,3118,2986,3949,4340,5534,1904,8422,0.00%,0.28872,6.06,1.74
541 /api-behavior-web/behavior/api.do,3850,1458,1389,1883,2069,2677,822,5959,0.00%,0.28875,0.12,0.33
536 /bp/static/css/chunk-1a68.3ba4bc3f.css,3850,20,10,34,47,97,2,4664,0.00%,0.2888,0.39,0.12
537 /bp/static/js/chunk-1a68.e26375e8.js,3850,16,10,33,46,92,3,1045,0.00%,0.2888,3.8,0.12
540 /matrix-admin/matrix/api.do,3850,59,54,76,88,161,30,4545,0.00%,0.2888,0.52,0.28
539 /matrix-admin/matrix/api.do,3850,56,51,72,83,198,28,4337,0.00%,0.2888,0.59,0.28
505 /api-behavior-web/behavior/api.do,3850,1445,1384,1857,2047,2589,779,6168,0.00%,0.28878,0.12,0.33
542 /matrix-admin/matrix/api.do,3850,60,55,81,95,183,26,1053,0.00%,0.2888,0.51,0.28
渠道转化1,3850,240,217,312,389,558,139,4740,0.00%,0.2888,4.05,1.18
493 /bp/static/css/chunk-4fa4.f97aecf9.css,3850,11,6,23,34,66,2,1007,0.00%,0.2888,0.4,0.12
494 /bp/static/js/chunk-4fa4.edf6307e.js,3850,13,7,25,36,66,2,4222,0.00%,0.2888,2.87,0.12
495 /api-behavior-web/behavior/api.do,3850,81,71,106,126,262,43,4562,0.00%,0.2888,0.13,0.33
497 /api-behavior-web/behavior/api.do,3850,78,70,106,126,224,42,1107,0.00%,0.28878,0.13,0.33
496 /matrix-admin/matrix/api.do,3850,55,51,72,83,160,29,357,0.00%,0.28878,0.52,0.28
发货管理1,3850,291,257,353,428,622,176,12196,0.05%,0.28877,22.93,1.1
350 /bp/static/css/chunk-242f.363d2ac2.css,3850,14,7,21,30,58,3,7485,0.00%,0.28878,2,0.12
351 /bp/static/js/chunk-242f.6bfc9d27.js,3850,19,13,38,50,105,4,1213,0.00%,0.28878,7.3,0.11
352 /api-order-web/order/api.do,3850,129,115,156,179,322,75,11265,0.03%,0.28878,6.81,0.43
353 /api-order-web/order/api.do,3850,127,115,154,173,302,10,11761,0.03%,0.2888,6.81,0.43
总体,2095666,2683,72,392,1324,18471,1,307670,4.15%,146.57906,13908.83,170.08
